00:00:15.232847 VirtualBox VM 7.2.2 r170484 win.amd64 (Sep 10 2025 19:56:01) release log
00:00:15.232849 Log opened 2025-12-11T14:59:04.240777700Z
00:00:15.232850 Build Type: release
00:00:15.232851 OS Product: Windows 11
00:00:15.232974 OS Release: 10.0.26200.7462
00:00:15.232975 OS Service Pack: 
00:00:15.414013 DMI Product Name: 82RB
00:00:15.422996 DMI Product Version: Legion 5 15IAH7H
00:00:15.423007 Firmware type: UEFI
00:00:15.423675 Secure Boot: Disabled
00:00:15.423693 Host RAM: 16108MB (15.7GB) total, 6912MB (6.7GB) available
00:00:15.423697 Executable: C:\Program Files\Oracle\VirtualBox\VirtualBoxVM.exe
00:00:15.423698 Process ID: 16080
00:00:15.423699 Package type: WINDOWS_64BITS_GENERIC
00:00:15.423699 Windows Features:
00:00:15.423700   Core Isolation (Memory Integrity): DISABLED
00:00:15.425272 Installed Extension Packs:
00:00:15.425306   None installed!
00:00:15.426131 Console: Machine state changed to 'Starting'
00:00:15.426401 GUI: Qt version: 6.8.0
00:00:15.426434 GUI: HID LEDs sync is enabled
00:00:15.433602 GUI: UIMediumEnumerator: Medium-enumeration finished!
00:00:15.452039 GUI: Cannot notify guest about VM window out-of-focus event
00:00:15.462098 GUI: UIMediumEnumerator: Medium-enumeration finished!
00:00:15.490208 SUP: seg #0: R   0x00000000 LB 0x00001000
00:00:15.490222 SUP: seg #1: R X 0x00001000 LB 0x001fd000
00:00:15.490224 SUP: seg #2: R   0x001fe000 LB 0x00054000
00:00:15.490227 SUP: seg #3: RW  0x00252000 LB 0x00013000
00:00:15.490228 SUP: seg #4: R   0x00265000 LB 0x00014000
00:00:15.490230 SUP: seg #5: RW  0x00279000 LB 0x00004000
00:00:15.490232 SUP: seg #6: R   0x0027d000 LB 0x00008000
00:00:15.490234 SUP: seg #7: R X 0x00285000 LB 0x00002000
00:00:15.490236 SUP: seg #8: R   0x00287000 LB 0x00007000
00:00:15.493041 SUP: Loaded VMMR0.r0 (C:\Program Files\Oracle\VirtualBox/VMMR0.r0) at 0xXXXXXXXXXXXXXXXX - ModuleInit at XXXXXXXXXXXXXXXX and ModuleTerm at XXXXXXXXXXXXXXXX using the native ring-0 loader
00:00:15.493058 SUP: VMMR0EntryEx located at XXXXXXXXXXXXXXXX and VMMR0EntryFast at XXXXXXXXXXXXXXXX
00:00:15.493060 SUP: windbg> .reload /f C:\Program Files\Oracle\VirtualBox/VMMR0.r0=0xXXXXXXXXXXXXXXXX
00:00:15.496912 Guest architecture: x86
00:00:15.496944 Guest OS type: 'Ubuntu_64'
00:00:15.497186 fHMForced=true - No raw-mode support in this build!
00:00:15.497192 Using execution engine 1
00:00:15.498913 File system of 'C:\Users\lenovo\VirtualBox VMs\EVE-COMM-VM\EVE-COMM-VM-0.vdi' is ntfs
00:00:15.592448 Shared Clipboard: Initialized OLE
00:00:15.592485 Shared Clipboard: Service loaded
00:00:15.592494 Shared Clipboard: Mode: Off
00:00:15.592534 Shared Clipboard: Service running in normal mode
00:00:15.602712 Drag and drop service loaded
00:00:15.602728 Drag and drop mode: Off
00:00:15.603258 Audio: Detected default audio driver type is 'HostAudioWas'
00:00:15.604975 ************************* CFGM dump *************************
00:00:15.604979 [/] (level 0)
00:00:15.604981   CpuExecutionCap   <integer> = 0x0000000000000064 (100)
00:00:15.604982   EnablePAE         <integer> = 0x0000000000000001 (1)
00:00:15.604983   HMEnabled         <integer> = 0x0000000000000001 (1)
00:00:15.604983   MemBalloonSize    <integer> = 0x0000000000000000 (0, 0 B)
00:00:15.604988   Name              <string>  = "EVE-COMM-VM" (cb=12)
00:00:15.604989   NumCPUs           <integer> = 0x0000000000000004 (4)
00:00:15.604989   PageFusionAllowed <integer> = 0x0000000000000000 (0)
00:00:15.604989   RamHoleSize       <integer> = 0x0000000020000000 (536 870 912, 512.0 MiB)
00:00:15.604990   RamSize           <integer> = 0x0000000200000000 (8 589 934 592, 8.0 GiB)
00:00:15.604991   TimerMillies      <integer> = 0x000000000000000a (10)
00:00:15.604991   UUID              <bytes>   = "a3 c2 2a 9f 66 46 87 49 8b 83 47 b5 bc e0 e3 ab" (cb=16)
00:00:15.604993 
00:00:15.604993 [/CPUM/] (level 1)
00:00:15.604994   Enable64bit        <integer> = 0x0000000000000001 (1)
00:00:15.604994   GuestCpuName       <string>  = "host" (cb=5)
00:00:15.604994   NestedHWVirt       <integer> = 0x0000000000000001 (1)
00:00:15.604995   PortableCpuIdLevel <integer> = 0x0000000000000000 (0)
00:00:15.604995   SpecCtrl           <integer> = 0x0000000000000000 (0)
00:00:15.604995 
00:00:15.604995 [/CPUM/IsaExts/] (level 2)
00:00:15.604996 
00:00:15.604996 [/DBGC/] (level 1)
00:00:15.604996   GlobalInitScript <string>  = "C:\Users\lenovo\.VirtualBox/dbgc-init" (cb=38)
00:00:15.604997   HistoryFile      <string>  = "C:\Users\lenovo\.VirtualBox/dbgc-history" (cb=41)
00:00:15.604997   LocalInitScript  <string>  = "C:\Users\lenovo\VirtualBox VMs\EVE-COMM-VM/dbgc-init" (cb=53)
00:00:15.604998 
00:00:15.604998 [/DBGF/] (level 1)
00:00:15.604998   Path <string>  = "C:\Users\lenovo\VirtualBox VMs\EVE-COMM-VM/debug/;C:\Users\lenovo\VirtualBox VMs\EVE-COMM-VM/;cache*C:\Users\lenovo\VirtualBox VMs\EVE-COMM-VM/dbgcache/;C:\Users\lenovo\" (cb=170)
00:00:15.604999 
00:00:15.604999 [/Devices/] (level 1)
00:00:15.604999 
00:00:15.604999 [/Devices/3c501/] (level 2)
00:00:15.605000 
00:00:15.605000 [/Devices/8237A/] (level 2)
00:00:15.605000 
00:00:15.605000 [/Devices/8237A/0/] (level 3)
00:00:15.605001   Trusted <integer> = 0x0000000000000001 (1)
00:00:15.605001 
00:00:15.605001 [/Devices/GIMDev/] (level 2)
00:00:15.605002 
00:00:15.605002 [/Devices/GIMDev/0/] (level 3)
00:00:15.605002   Trusted <integer> = 0x0000000000000001 (1)
00:00:15.605002 
00:00:15.605002 [/Devices/VMMDev/] (level 2)
00:00:15.605003 
00:00:15.605003 [/Devices/VMMDev/0/] (level 3)
00:00:15.605004   PCIBusNo      <integer> = 0x0000000000000000 (0)
00:00:15.605004   PCIDeviceNo   <integer> = 0x0000000000000004 (4)
00:00:15.605005   PCIFunctionNo <integer> = 0x0000000000000000 (0)
00:00:15.605005   Trusted       <integer> = 0x0000000000000001 (1)
00:00:15.605005 
00:00:15.605005 [/Devices/VMMDev/0/Config/] (level 4)
00:00:15.605006   GuestCoreDumpDir <string>  = "C:\Users\lenovo\VirtualBox VMs\EVE-COMM-VM\Snapshots" (cb=53)
00:00:15.605006 
00:00:15.605006 [/Devices/VMMDev/0/LUN#0/] (level 4)
00:00:15.605007   Driver <string>  = "HGCM" (cb=5)
00:00:15.605007 
00:00:15.605007 [/Devices/VMMDev/0/LUN#0/Config/] (level 5)
00:00:15.605008 
00:00:15.605008 [/Devices/VMMDev/0/LUN#999/] (level 4)
00:00:15.605008   Driver <string>  = "MainStatus" (cb=11)
00:00:15.605009 
00:00:15.605009 [/Devices/VMMDev/0/LUN#999/Config/] (level 5)
00:00:15.605010   First                <integer> = 0x0000000000000000 (0)
00:00:15.605010   HasMediumAttachments <integer> = 0x0000000000000000 (0)
00:00:15.605010   Last                 <integer> = 0x0000000000000000 (0)
00:00:15.605011   iLedSet              <integer> = 0x0000000000000006 (6)
00:00:15.605011 
00:00:15.605011 [/Devices/acpi/] (level 2)
00:00:15.605011 
00:00:15.605012 [/Devices/acpi/0/] (level 3)
00:00:15.605012   PCIBusNo      <integer> = 0x0000000000000000 (0)
00:00:15.605012   PCIDeviceNo   <integer> = 0x0000000000000007 (7)
00:00:15.605013   PCIFunctionNo <integer> = 0x0000000000000000 (0)
00:00:15.605013   Trusted       <integer> = 0x0000000000000001 (1)
00:00:15.605013 
00:00:15.605013 [/Devices/acpi/0/Config/] (level 4)
00:00:15.605014   CpuHotPlug          <integer> = 0x0000000000000000 (0)
00:00:15.605014   FdcEnabled          <integer> = 0x0000000000000000 (0)
00:00:15.605015   HostBusPciAddress   <integer> = 0x0000000000000000 (0)
00:00:15.605015   HpetEnabled         <integer> = 0x0000000000000000 (0)
00:00:15.605015   IOAPIC              <integer> = 0x0000000000000001 (1)
00:00:15.605016   IocPciAddress       <integer> = 0x0000000000010000 (65 536)
00:00:15.605016   NumCPUs             <integer> = 0x0000000000000004 (4)
00:00:15.605017   Parallel0IoPortBase <integer> = 0x0000000000000000 (0)
00:00:15.605017   Parallel0Irq        <integer> = 0x0000000000000000 (0)
00:00:15.605017   Parallel1IoPortBase <integer> = 0x0000000000000000 (0)
00:00:15.605017   Parallel1Irq        <integer> = 0x0000000000000000 (0)
00:00:15.605018   Serial0IoPortBase   <integer> = 0x0000000000000000 (0)
00:00:15.605018   Serial0Irq          <integer> = 0x0000000000000000 (0)
00:00:15.605018   Serial1IoPortBase   <integer> = 0x0000000000000000 (0)
00:00:15.605019   Serial1Irq          <integer> = 0x0000000000000000 (0)
00:00:15.605019   ShowCpu             <integer> = 0x0000000000000001 (1)
00:00:15.605019   ShowRtc             <integer> = 0x0000000000000000 (0)
00:00:15.605020   SmcEnabled          <integer> = 0x0000000000000000 (0)
00:00:15.605020 
00:00:15.605020 [/Devices/acpi/0/LUN#0/] (level 4)
00:00:15.605020   Driver <string>  = "ACPIHost" (cb=9)
00:00:15.605021 
00:00:15.605021 [/Devices/acpi/0/LUN#0/Config/] (level 5)
00:00:15.605021 
00:00:15.605021 [/Devices/acpi/0/LUN#1/] (level 4)
00:00:15.605022   Driver <string>  = "ACPICpu" (cb=8)
00:00:15.605022 
00:00:15.605022 [/Devices/acpi/0/LUN#1/Config/] (level 5)
00:00:15.605023 
00:00:15.605023 [/Devices/acpi/0/LUN#2/] (level 4)
00:00:15.605023   Driver <string>  = "ACPICpu" (cb=8)
00:00:15.605023 
00:00:15.605023 [/Devices/acpi/0/LUN#2/Config/] (level 5)
00:00:15.605024 
00:00:15.605024 [/Devices/acpi/0/LUN#3/] (level 4)
00:00:15.605024   Driver <string>  = "ACPICpu" (cb=8)
00:00:15.605025 
00:00:15.605025 [/Devices/acpi/0/LUN#3/Config/] (level 5)
00:00:15.605025 
00:00:15.605025 [/Devices/ahci/] (level 2)
00:00:15.605025 
00:00:15.605026 [/Devices/ahci/0/] (level 3)
00:00:15.605026   PCIBusNo      <integer> = 0x0000000000000000 (0)
00:00:15.605027   PCIDeviceNo   <integer> = 0x000000000000000d (13)
00:00:15.605027   PCIFunctionNo <integer> = 0x0000000000000000 (0)
00:00:15.605027   Trusted       <integer> = 0x0000000000000001 (1)
00:00:15.605027 
00:00:15.605028 [/Devices/ahci/0/Config/] (level 4)
00:00:15.605028   Bootable  <integer> = 0x0000000000000001 (1)
00:00:15.605029   PortCount <integer> = 0x000000000000001e (30)
00:00:15.605029 
00:00:15.605029 [/Devices/ahci/0/LUN#999/] (level 4)
00:00:15.605029   Driver <string>  = "MainStatus" (cb=11)
00:00:15.605030 
00:00:15.605030 [/Devices/ahci/0/LUN#999/Config/] (level 5)
00:00:15.605030   DeviceInstance       <string>  = "ahci/0" (cb=7)
00:00:15.605031   First                <integer> = 0x0000000000000000 (0)
00:00:15.605031   HasMediumAttachments <integer> = 0x0000000000000001 (1)
00:00:15.605031   Last                 <integer> = 0x000000000000001d (29)
00:00:15.605032   iLedSet              <integer> = 0x0000000000000003 (3)
00:00:15.605032 
00:00:15.605032 [/Devices/apic/] (level 2)
00:00:15.605033 
00:00:15.605033 [/Devices/apic/0/] (level 3)
00:00:15.605033   Trusted <integer> = 0x0000000000000001 (1)
00:00:15.605033 
00:00:15.605033 [/Devices/apic/0/Config/] (level 4)
00:00:15.605034   IOAPIC  <integer> = 0x0000000000000001 (1)
00:00:15.605034   Mode    <integer> = 0x0000000000000003 (3)
00:00:15.605034   NumCPUs <integer> = 0x0000000000000004 (4)
00:00:15.605035 
00:00:15.605035 [/Devices/dp8390/] (level 2)
00:00:15.605035 
00:00:15.605035 [/Devices/e1000/] (level 2)
00:00:15.605036 
00:00:15.605036 [/Devices/e1000/0/] (level 3)
00:00:15.605036   PCIBusNo      <integer> = 0x0000000000000000 (0)
00:00:15.605036   PCIDeviceNo   <integer> = 0x0000000000000003 (3)
00:00:15.605037   PCIFunctionNo <integer> = 0x0000000000000000 (0)
00:00:15.605037   Trusted       <integer> = 0x0000000000000001 (1)
00:00:15.605037 
00:00:15.605037 [/Devices/e1000/0/Config/] (level 4)
00:00:15.605038   AdapterType    <integer> = 0x0000000000000000 (0)
00:00:15.605038   CableConnected <integer> = 0x0000000000000001 (1)
00:00:15.605038   LineSpeed      <integer> = 0x0000000000000000 (0)
00:00:15.605039   MAC            <bytes>   = "08 00 27 bd 75 3c" (cb=6)
00:00:15.605039 
00:00:15.605040 [/Devices/e1000/0/LUN#0/] (level 4)
00:00:15.605040   Driver <string>  = "IntNet" (cb=7)
00:00:15.605040 
00:00:15.605040 [/Devices/e1000/0/LUN#0/Config/] (level 5)
00:00:15.605041   IfPolicyPromisc      <string>  = "deny" (cb=5)
00:00:15.605041   IgnoreConnectFailure <integer> = 0x0000000000000000 (0)
00:00:15.605042   Network              <string>  = "HostInterfaceNetworking-Intel(R) Wi-Fi 6E AX211 160MHz" (cb=55)
00:00:15.605042   SharedMacOnWire      <integer> = 0x0000000000000001 (1)
00:00:15.605042   Trunk                <string>  = "\DEVICE\{3D0F07B5-E9B2-4A15-B23B-EC3A3D74B338}" (cb=47)
00:00:15.605043   TrunkType            <integer> = 0x0000000000000003 (3)
00:00:15.605043 
00:00:15.605044 [/Devices/e1000/0/LUN#999/] (level 4)
00:00:15.605045   Driver <string>  = "MainStatus" (cb=11)
00:00:15.605045 
00:00:15.605045 [/Devices/e1000/0/LUN#999/Config/] (level 5)
00:00:15.605046   First                <integer> = 0x0000000000000000 (0)
00:00:15.605046   HasMediumAttachments <integer> = 0x0000000000000000 (0)
00:00:15.605046   Last                 <integer> = 0x0000000000000000 (0)
00:00:15.605047   iLedSet              <integer> = 0x0000000000000005 (5)
00:00:15.605047 
00:00:15.605047 [/Devices/i8254/] (level 2)
00:00:15.605047 
00:00:15.605047 [/Devices/i8254/0/] (level 3)
00:00:15.605048 
00:00:15.605048 [/Devices/i8254/0/Config/] (level 4)
00:00:15.605048 
00:00:15.605048 [/Devices/i8259/] (level 2)
00:00:15.605049 
00:00:15.605049 [/Devices/i8259/0/] (level 3)
00:00:15.605049   Trusted <integer> = 0x0000000000000001 (1)
00:00:15.605049 
00:00:15.605049 [/Devices/i8259/0/Config/] (level 4)
00:00:15.605050 
00:00:15.605050 [/Devices/ichac97/] (level 2)
00:00:15.605050 
00:00:15.605050 [/Devices/ichac97/0/] (level 3)
00:00:15.605051   PCIBusNo      <integer> = 0x0000000000000000 (0)
00:00:15.605051   PCIDeviceNo   <integer> = 0x0000000000000005 (5)
00:00:15.605051   PCIFunctionNo <integer> = 0x0000000000000000 (0)
00:00:15.605052   Trusted       <integer> = 0x0000000000000001 (1)
00:00:15.605052 
00:00:15.605052 [/Devices/ichac97/0/AudioConfig/] (level 4)
00:00:15.605052 
00:00:15.605053 [/Devices/ichac97/0/Config/] (level 4)
00:00:15.605053   Codec        <string>  = "STAC9700" (cb=9)
00:00:15.605053   DebugEnabled <integer> = 0x0000000000000000 (0)
00:00:15.605054 
00:00:15.605054 [/Devices/ichac97/0/LUN#0/] (level 4)
00:00:15.605054   Driver <string>  = "AUDIO" (cb=6)
00:00:15.605054 
00:00:15.605054 [/Devices/ichac97/0/LUN#0/AttachedDriver/] (level 5)
00:00:15.605055   Driver <string>  = "HostAudioWas" (cb=13)
00:00:15.605055 
00:00:15.605055 [/Devices/ichac97/0/LUN#0/AttachedDriver/Config/] (level 6)
00:00:15.605056   VmName <string>  = "EVE-COMM-VM" (cb=12)
00:00:15.605056   VmUuid <string>  = "9f2ac2a3-4666-4987-8b83-47b5bce0e3ab" (cb=37)
00:00:15.605056 
00:00:15.605057 [/Devices/ichac97/0/LUN#0/Config/] (level 5)
00:00:15.605057   DriverName    <string>  = "HostAudioWas" (cb=13)
00:00:15.605057   InputEnabled  <integer> = 0x0000000000000000 (0)
00:00:15.605058   OutputEnabled <integer> = 0x0000000000000000 (0)
00:00:15.605058 
00:00:15.605058 [/Devices/ichac97/0/LUN#1/] (level 4)
00:00:15.605058   Driver <string>  = "AUDIO" (cb=6)
00:00:15.605059 
00:00:15.605059 [/Devices/ichac97/0/LUN#2/] (level 4)
00:00:15.605059   Driver <string>  = "AUDIO" (cb=6)
00:00:15.605059 
00:00:15.605059 [/Devices/ioapic/] (level 2)
00:00:15.605060 
00:00:15.605060 [/Devices/ioapic/0/] (level 3)
00:00:15.605060   Trusted <integer> = 0x0000000000000001 (1)
00:00:15.605060 
00:00:15.605060 [/Devices/ioapic/0/Config/] (level 4)
00:00:15.605061   NumCPUs <integer> = 0x0000000000000004 (4)
00:00:15.605061 
00:00:15.605061 [/Devices/lsilogicscsi/] (level 2)
00:00:15.605061 
00:00:15.605062 [/Devices/lsilogicscsi/0/] (level 3)
00:00:15.605062   PCIBusNo      <integer> = 0x0000000000000000 (0)
00:00:15.605062   PCIDeviceNo   <integer> = 0x0000000000000014 (20)
00:00:15.605063   PCIFunctionNo <integer> = 0x0000000000000000 (0)
00:00:15.605063   Trusted       <integer> = 0x0000000000000001 (1)
00:00:15.605063 
00:00:15.605063 [/Devices/lsilogicscsi/0/Config/] (level 4)
00:00:15.605064   Bootable <integer> = 0x0000000000000001 (1)
00:00:15.605064 
00:00:15.605064 [/Devices/lsilogicscsi/0/LUN#0/] (level 4)
00:00:15.605064   Driver <string>  = "SCSI" (cb=5)
00:00:15.605065 
00:00:15.605065 [/Devices/lsilogicscsi/0/LUN#0/AttachedDriver/] (level 5)
00:00:15.605065   Driver <string>  = "VD" (cb=3)
00:00:15.605065 
00:00:15.605065 [/Devices/lsilogicscsi/0/LUN#0/AttachedDriver/Config/] (level 6)
00:00:15.605066   BlockCache <integer> = 0x0000000000000001 (1)
00:00:15.605066   Format     <string>  = "vdi" (cb=4)
00:00:15.605067   Mountable  <integer> = 0x0000000000000000 (0)
00:00:15.605067   Path       <string>  = "C:\Users\lenovo\VirtualBox VMs\EVE-COMM-VM\EVE-COMM-VM-0.vdi" (cb=61)
00:00:15.605067   Type       <string>  = "HardDisk" (cb=9)
00:00:15.605067   UseNewIo   <integer> = 0x0000000000000001 (1)
00:00:15.605068 
00:00:15.605068 [/Devices/lsilogicscsi/0/LUN#0/AttachedDriver/Config/VDConfig/] (level 7)
00:00:15.605068   AllocationBlockSize <string>  = "1048576" (cb=8)
00:00:15.605069 
00:00:15.605069 [/Devices/lsilogicscsi/0/LUN#999/] (level 4)
00:00:15.605069   Driver <string>  = "MainStatus" (cb=11)
00:00:15.605069 
00:00:15.605069 [/Devices/lsilogicscsi/0/LUN#999/Config/] (level 5)
00:00:15.605070   DeviceInstance       <string>  = "lsilogicscsi/0" (cb=15)
00:00:15.605070   First                <integer> = 0x0000000000000000 (0)
00:00:15.605071   HasMediumAttachments <integer> = 0x0000000000000001 (1)
00:00:15.605071   Last                 <integer> = 0x000000000000000f (15)
00:00:15.605071   iLedSet              <integer> = 0x0000000000000004 (4)
00:00:15.605071 
00:00:15.605072 [/Devices/mc146818/] (level 2)
00:00:15.605072 
00:00:15.605072 [/Devices/mc146818/0/] (level 3)
00:00:15.605072 
00:00:15.605072 [/Devices/mc146818/0/Config/] (level 4)
00:00:15.605073   UseUTC <integer> = 0x0000000000000001 (1)
00:00:15.605073 
00:00:15.605073 [/Devices/parallel/] (level 2)
00:00:15.605074 
00:00:15.605074 [/Devices/pcarch/] (level 2)
00:00:15.605074 
00:00:15.605074 [/Devices/pcarch/0/] (level 3)
00:00:15.605074   Trusted <integer> = 0x0000000000000001 (1)
00:00:15.605075 
00:00:15.605075 [/Devices/pcarch/0/Config/] (level 4)
00:00:15.605075 
00:00:15.605075 [/Devices/pcbios/] (level 2)
00:00:15.605076 
00:00:15.605076 [/Devices/pcbios/0/] (level 3)
00:00:15.605076   Trusted <integer> = 0x0000000000000001 (1)
00:00:15.605076 
00:00:15.605076 [/Devices/pcbios/0/Config/] (level 4)
00:00:15.605077   APIC               <integer> = 0x0000000000000001 (1)
00:00:15.605078   BootDevice0        <string>  = "FLOPPY" (cb=7)
00:00:15.605078   BootDevice1        <string>  = "DVD" (cb=4)
00:00:15.605078   BootDevice2        <string>  = "IDE" (cb=4)
00:00:15.605079   BootDevice3        <string>  = "NONE" (cb=5)
00:00:15.605079   DmiSystemSerial    <string>  = "VirtualBox-<DmiSystemUuid>" (cb=27)
00:00:15.605079   FloppyDevice       <string>  = "i82078" (cb=7)
00:00:15.605080   HardDiskDevice     <string>  = "piix3ide" (cb=9)
00:00:15.605080   IOAPIC             <integer> = 0x0000000000000001 (1)
00:00:15.605080   McfgBase           <integer> = 0x0000000000000000 (0)
00:00:15.605080   McfgLength         <integer> = 0x0000000000000000 (0)
00:00:15.605081   NumCPUs            <integer> = 0x0000000000000004 (4)
00:00:15.605081   PXEDebug           <integer> = 0x0000000000000000 (0)
00:00:15.605081   SataHardDiskDevice <string>  = "ahci" (cb=5)
00:00:15.605082   ScsiHardDiskDevice <string>  = "lsilogicscsi" (cb=13)
00:00:15.605082   ScsiLUN1           <integer> = 0x0000000000000000 (0)
00:00:15.605082   UUID               <bytes>   = "a3 c2 2a 9f 66 46 87 49 8b 83 47 b5 bc e0 e3 ab" (cb=16)
00:00:15.605083   UuidLe             <integer> = 0x0000000000000001 (1)
00:00:15.605083 
00:00:15.605083 [/Devices/pcbios/0/Config/NetBoot/] (level 5)
00:00:15.605084 
00:00:15.605084 [/Devices/pcbios/0/Config/NetBoot/0/] (level 6)
00:00:15.605085   NIC           <integer> = 0x0000000000000000 (0)
00:00:15.605085   PCIBusNo      <integer> = 0x0000000000000000 (0)
00:00:15.605086   PCIDeviceNo   <integer> = 0x0000000000000003 (3)
00:00:15.605086   PCIFunctionNo <integer> = 0x0000000000000000 (0)
00:00:15.605086 
00:00:15.605086 [/Devices/pci/] (level 2)
00:00:15.605087 
00:00:15.605087 [/Devices/pci/0/] (level 3)
00:00:15.605087   Trusted <integer> = 0x0000000000000001 (1)
00:00:15.605087 
00:00:15.605087 [/Devices/pci/0/Config/] (level 4)
00:00:15.605088   IOAPIC <integer> = 0x0000000000000001 (1)
00:00:15.605088 
00:00:15.605088 [/Devices/pcibridge/] (level 2)
00:00:15.605088 
00:00:15.605089 [/Devices/pckbd/] (level 2)
00:00:15.605089 
00:00:15.605089 [/Devices/pckbd/0/] (level 3)
00:00:15.605089   Trusted <integer> = 0x0000000000000001 (1)
00:00:15.605089 
00:00:15.605090 [/Devices/pckbd/0/Config/] (level 4)
00:00:15.605090 
00:00:15.605090 [/Devices/pckbd/0/LUN#0/] (level 4)
00:00:15.605090   Driver <string>  = "KeyboardQueue" (cb=14)
00:00:15.605091 
00:00:15.605091 [/Devices/pckbd/0/LUN#0/AttachedDriver/] (level 5)
00:00:15.605091   Driver <string>  = "MainKeyboard" (cb=13)
00:00:15.605092 
00:00:15.605092 [/Devices/pckbd/0/LUN#0/Config/] (level 5)
00:00:15.605092   QueueSize <integer> = 0x0000000000000040 (64, 64 B)
00:00:15.605093 
00:00:15.605093 [/Devices/pckbd/0/LUN#1/] (level 4)
00:00:15.605093   Driver <string>  = "MouseQueue" (cb=11)
00:00:15.605093 
00:00:15.605093 [/Devices/pckbd/0/LUN#1/AttachedDriver/] (level 5)
00:00:15.605094   Driver <string>  = "MainMouse" (cb=10)
00:00:15.605094 
00:00:15.605094 [/Devices/pckbd/0/LUN#1/Config/] (level 5)
00:00:15.605094   QueueSize <integer> = 0x0000000000000080 (128, 128 B)
00:00:15.605095 
00:00:15.605095 [/Devices/pcnet/] (level 2)
00:00:15.605095 
00:00:15.605095 [/Devices/piix3ide/] (level 2)
00:00:15.605096 
00:00:15.605096 [/Devices/piix3ide/0/] (level 3)
00:00:15.605096   PCIBusNo      <integer> = 0x0000000000000000 (0)
00:00:15.605096   PCIDeviceNo   <integer> = 0x0000000000000001 (1)
00:00:15.605097   PCIFunctionNo <integer> = 0x0000000000000001 (1)
00:00:15.605097   Trusted       <integer> = 0x0000000000000001 (1)
00:00:15.605097 
00:00:15.605097 [/Devices/piix3ide/0/Config/] (level 4)
00:00:15.605098   Type <string>  = "PIIX4" (cb=6)
00:00:15.605098 
00:00:15.605098 [/Devices/piix3ide/0/LUN#999/] (level 4)
00:00:15.605098   Driver <string>  = "MainStatus" (cb=11)
00:00:15.605099 
00:00:15.605099 [/Devices/piix3ide/0/LUN#999/Config/] (level 5)
00:00:15.605099   DeviceInstance       <string>  = "piix3ide/0" (cb=11)
00:00:15.605099   First                <integer> = 0x0000000000000000 (0)
00:00:15.605100   HasMediumAttachments <integer> = 0x0000000000000001 (1)
00:00:15.605100   Last                 <integer> = 0x0000000000000003 (3)
00:00:15.605100   iLedSet              <integer> = 0x0000000000000002 (2)
00:00:15.605101 
00:00:15.605101 [/Devices/serial/] (level 2)
00:00:15.605101 
00:00:15.605101 [/Devices/usb-ohci/] (level 2)
00:00:15.605102 
00:00:15.605102 [/Devices/usb-ohci/0/] (level 3)
00:00:15.605102   PCIBusNo      <integer> = 0x0000000000000000 (0)
00:00:15.605102   PCIDeviceNo   <integer> = 0x0000000000000006 (6)
00:00:15.605102   PCIFunctionNo <integer> = 0x0000000000000000 (0)
00:00:15.605103   Trusted       <integer> = 0x0000000000000001 (1)
00:00:15.605103 
00:00:15.605103 [/Devices/usb-ohci/0/Config/] (level 4)
00:00:15.605104 
00:00:15.605104 [/Devices/usb-ohci/0/LUN#0/] (level 4)
00:00:15.605104   Driver <string>  = "VUSBRootHub" (cb=12)
00:00:15.605104 
00:00:15.605105 [/Devices/usb-ohci/0/LUN#0/Config/] (level 5)
00:00:15.605105 
00:00:15.605105 [/Devices/usb-ohci/0/LUN#999/] (level 4)
00:00:15.605105   Driver <string>  = "MainStatus" (cb=11)
00:00:15.605106 
00:00:15.605106 [/Devices/usb-ohci/0/LUN#999/Config/] (level 5)
00:00:15.605106   First                <integer> = 0x0000000000000000 (0)
00:00:15.605107   HasMediumAttachments <integer> = 0x0000000000000000 (0)
00:00:15.605107   Last                 <integer> = 0x0000000000000000 (0)
00:00:15.605107   iLedSet              <integer> = 0x0000000000000001 (1)
00:00:15.605107 
00:00:15.605108 [/Devices/vga/] (level 2)
00:00:15.605108 
00:00:15.605108 [/Devices/vga/0/] (level 3)
00:00:15.605108   PCIBusNo      <integer> = 0x0000000000000000 (0)
00:00:15.605109   PCIDeviceNo   <integer> = 0x0000000000000002 (2)
00:00:15.605109   PCIFunctionNo <integer> = 0x0000000000000000 (0)
00:00:15.605109   Trusted       <integer> = 0x0000000000000001 (1)
00:00:15.605109 
00:00:15.605109 [/Devices/vga/0/Config/] (level 4)
00:00:15.605110   3DEnabled        <integer> = 0x0000000000000000 (0)
00:00:15.605110   CustomVideoModes <integer> = 0x0000000000000000 (0)
00:00:15.605111   FadeIn           <integer> = 0x0000000000000001 (1)
00:00:15.605111   FadeOut          <integer> = 0x0000000000000001 (1)
00:00:15.605111   HeightReduction  <integer> = 0x0000000000000000 (0)
00:00:15.605111   LogoFile         <string>  = "" (cb=1)
00:00:15.605112   LogoTime         <integer> = 0x0000000000000000 (0)
00:00:15.605112   MonitorCount     <integer> = 0x0000000000000001 (1)
00:00:15.605112   ShowBootMenu     <integer> = 0x0000000000000002 (2)
00:00:15.605113   VRamSize         <integer> = 0x0000000004000000 (67 108 864, 64.0 MiB)
00:00:15.605113 
00:00:15.605113 [/Devices/vga/0/LUN#0/] (level 4)
00:00:15.605114   Driver <string>  = "MainDisplay" (cb=12)
00:00:15.605114 
00:00:15.605114 [/Devices/vga/0/LUN#0/Config/] (level 5)
00:00:15.605114 
00:00:15.605114 [/Devices/vga/0/LUN#999/] (level 4)
00:00:15.605115   Driver <string>  = "MainStatus" (cb=11)
00:00:15.605115 
00:00:15.605115 [/Devices/vga/0/LUN#999/Config/] (level 5)
00:00:15.605116   First                <integer> = 0x0000000000000000 (0)
00:00:15.605116   HasMediumAttachments <integer> = 0x0000000000000000 (0)
00:00:15.605116   Last                 <integer> = 0x0000000000000000 (0)
00:00:15.605116   iLedSet              <integer> = 0x0000000000000000 (0)
00:00:15.605117 
00:00:15.605117 [/Devices/virtio-net/] (level 2)
00:00:15.605117 
00:00:15.605117 [/EM/] (level 1)
00:00:15.605118   TripleFaultReset <integer> = 0x0000000000000000 (0)
00:00:15.605118 
00:00:15.605118 [/GCM/] (level 1)
00:00:15.605118 
00:00:15.605118 [/GIM/] (level 1)
00:00:15.605119   Provider <string>  = "KVM" (cb=4)
00:00:15.605119 
00:00:15.605119 [/HM/] (level 1)
00:00:15.605120   64bitEnabled        <integer> = 0x0000000000000001 (1)
00:00:15.605120   EnableLargePages    <integer> = 0x0000000000000001 (1)
00:00:15.605120   EnableNestedPaging  <integer> = 0x0000000000000001 (1)
00:00:15.605121   EnableUX            <integer> = 0x0000000000000001 (1)
00:00:15.605121   EnableVPID          <integer> = 0x0000000000000001 (1)
00:00:15.605121   Exclusive           <integer> = 0x0000000000000002 (2)
00:00:15.605122   HMForced            <integer> = 0x0000000000000001 (1)
00:00:15.605122   IBPBOnVMEntry       <integer> = 0x0000000000000000 (0)
00:00:15.605122   IBPBOnVMExit        <integer> = 0x0000000000000000 (0)
00:00:15.605122   L1DFlushOnSched     <integer> = 0x0000000000000001 (1)
00:00:15.605123   L1DFlushOnVMEntry   <integer> = 0x0000000000000000 (0)
00:00:15.605123   MDSClearOnSched     <integer> = 0x0000000000000001 (1)
00:00:15.605123   MDSClearOnVMEntry   <integer> = 0x0000000000000000 (0)
00:00:15.605123   SpecCtrlByHost      <integer> = 0x0000000000000000 (0)
00:00:15.605124   SvmVirtVmsaveVmload <integer> = 0x0000000000000000 (0)
00:00:15.605124   UseNEMInstead       <integer> = 0x0000000000000000 (0)
00:00:15.605124 
00:00:15.605124 [/MM/] (level 1)
00:00:15.605125   CanUseLargerHeap <integer> = 0x0000000000000000 (0)
00:00:15.605125 
00:00:15.605125 [/NEM/] (level 1)
00:00:15.605125   Allow64BitGuests  <integer> = 0x0000000000000001 (1)
00:00:15.605126   IBPBOnVMEntry     <integer> = 0x0000000000000000 (0)
00:00:15.605126   IBPBOnVMExit      <integer> = 0x0000000000000000 (0)
00:00:15.605126   L1DFlushOnSched   <integer> = 0x0000000000000001 (1)
00:00:15.605126   L1DFlushOnVMEntry <integer> = 0x0000000000000000 (0)
00:00:15.605127   MDSClearOnSched   <integer> = 0x0000000000000001 (1)
00:00:15.605127   MDSClearOnVMEntry <integer> = 0x0000000000000000 (0)
00:00:15.605127 
00:00:15.605127 [/PDM/] (level 1)
00:00:15.605127 
00:00:15.605128 [/PDM/AsyncCompletion/] (level 2)
00:00:15.605128 
00:00:15.605128 [/PDM/AsyncCompletion/File/] (level 3)
00:00:15.605128 
00:00:15.605129 [/PDM/AsyncCompletion/File/BwGroups/] (level 4)
00:00:15.605129 
00:00:15.605129 [/PDM/BlkCache/] (level 2)
00:00:15.605129   CacheSize <integer> = 0x0000000000500000 (5 242 880, 5.0 MiB)
00:00:15.605130 
00:00:15.605130 [/PDM/Devices/] (level 2)
00:00:15.605130 
00:00:15.605130 [/PDM/Drivers/] (level 2)
00:00:15.605131 
00:00:15.605131 [/PDM/Drivers/VBoxC/] (level 3)
00:00:15.605131   Path <string>  = "VBoxC" (cb=6)
00:00:15.605131 
00:00:15.605132 [/PDM/NetworkShaper/] (level 2)
00:00:15.605132 
00:00:15.605132 [/PDM/NetworkShaper/BwGroups/] (level 3)
00:00:15.605132 
00:00:15.605132 [/TM/] (level 1)
00:00:15.605133   UTCOffset <integer> = 0x0000000000000000 (0)
00:00:15.605133 
00:00:15.605133 [/USB/] (level 1)
00:00:15.605133 
00:00:15.605133 [/USB/USBProxy/] (level 2)
00:00:15.605134 
00:00:15.605134 [/USB/USBProxy/GlobalConfig/] (level 3)
00:00:15.605134 
00:00:15.605134 ********************* End of CFGM dump **********************
00:00:15.605513 HM: HMR3Init: VT-x w/ nested paging and unrestricted guest execution hw support
00:00:15.605578 CPUM: fXStateHostMask=0x7; host XCR0=0x7
00:00:15.607048 CPUM: Matched host CPU INTEL 0x6/0x9a/0x3 Intel_Core7_AlderLake with CPU DB entry 'Intel Core i7-6700K' (INTEL 0x6/0x5e/0x3 Intel_Core7_Skylake)
00:00:15.607048 CPUM: MXCSR_MASK=0xffff (host: 0xffff)
00:00:15.607048 CPUM: Microcode revision 0x00000424
00:00:15.607048 CPUM: Changing leaf 13[0]: EBX=0x340 -> 0x340, ECX=0xa88 -> 0x340
00:00:15.607048 CPUM: MSR/CPUID reconciliation insert: 0x0000010b IA32_FLUSH_CMD
00:00:15.607048 CPUM: MSR/CPUID reconciliation insert: 0x0000010a IA32_ARCH_CAPABILITIES
00:00:15.607048 CPUM: MSR fudge: 0x00000122 IA32_TSX_CTRL
00:00:15.607048 CPUM: MSR fudge: 0x00000123 IA32_MCU_OPT_CTRL
00:00:15.607048 CPUM: SetGuestCpuIdFeature: Enabled SYSENTER/EXIT
00:00:15.607048 CPUM: SetGuestCpuIdFeature: Enabled SYSCALL/RET
00:00:15.607048 CPUM: SetGuestCpuIdFeature: Enabled PAE
00:00:15.607048 CPUM: SetGuestCpuIdFeature: Enabled LAHF/SAHF
00:00:15.607048 CPUM: SetGuestCpuIdFeature: Enabled NX
00:00:15.607048 CPUM: SetGuestCpuIdFeature: Enabled LONG MODE
00:00:15.607048 CPUM: Enabled MTRR read-write support
00:00:15.607048 CPUM: Enabled fixed-range MTRRs and 16 (virtualized) variable-range MTRRs
00:00:15.607048 CPUM: VT-x nested-guest init
00:00:15.608075 PGM: Host paging mode: AMD64+PGE+NX
00:00:15.608082 PGM: PGMPool: cMaxPages=4352 (u64MaxPages=4136)
00:00:15.608084 PGM: pgmR3PoolInit: cMaxPages=0x1100 cMaxUsers=0x2200 cMaxPhysExts=0x2000 fCacheEnable=true
00:00:15.662381 TM: GIP - u32Mode=3 (Invariant) u32UpdateHz=93 u32UpdateIntervalNS=10741500 enmUseTscDelta=2 (Practically Zero) fGetGipCpu=0x1b cCpus=20
00:00:15.662404 TM: GIP - u64CpuHz=2 688 003 524 (0xa037adc4)  SUPGetCpuHzFromGip => 2 688 003 524
00:00:15.662408 TM: GIP - CPU: iCpuSet=0x0 idCpu=0x0 idApic=0x0 iGipCpu=0x0 i64TSCDelta=0 enmState=3 u64CpuHz=2688003524(*) cErrors=0
00:00:15.662411 TM: GIP - CPU: iCpuSet=0x1 idCpu=0x1 idApic=0x1 iGipCpu=0x1 i64TSCDelta=0 enmState=3 u64CpuHz=2687987228(*) cErrors=0
00:00:15.662414 TM: GIP - CPU: iCpuSet=0x2 idCpu=0x2 idApic=0x8 iGipCpu=0xe i64TSCDelta=0 enmState=3 u64CpuHz=2688003524(*) cErrors=0
00:00:15.662416 TM: GIP - CPU: iCpuSet=0x3 idCpu=0x3 idApic=0x9 iGipCpu=0xd i64TSCDelta=0 enmState=3 u64CpuHz=2688003505(*) cErrors=0
00:00:15.662421 TM: GIP - CPU: iCpuSet=0x4 idCpu=0x4 idApic=0x10 iGipCpu=0x5 i64TSCDelta=0 enmState=3 u64CpuHz=2688002877(*) cErrors=0
00:00:15.662423 TM: GIP - CPU: iCpuSet=0x5 idCpu=0x5 idApic=0x11 iGipCpu=0x9 i64TSCDelta=0 enmState=3 u64CpuHz=2688003357(*) cErrors=0
00:00:15.662425 TM: GIP - CPU: iCpuSet=0x6 idCpu=0x6 idApic=0x18 iGipCpu=0x4 i64TSCDelta=0 enmState=3 u64CpuHz=2688002567(*) cErrors=0
00:00:15.662427 TM: GIP - CPU: iCpuSet=0x7 idCpu=0x7 idApic=0x19 iGipCpu=0x2 i64TSCDelta=0 enmState=3 u64CpuHz=2688001919(*) cErrors=0
00:00:15.662429 TM: GIP - CPU: iCpuSet=0x8 idCpu=0x8 idApic=0x20 iGipCpu=0x6 i64TSCDelta=0 enmState=3 u64CpuHz=2688003513(*) cErrors=0
00:00:15.662432 TM: GIP - CPU: iCpuSet=0x9 idCpu=0x9 idApic=0x21 iGipCpu=0x3 i64TSCDelta=0 enmState=3 u64CpuHz=2688000895(*) cErrors=0
00:00:15.662438 TM: GIP - CPU: iCpuSet=0xa idCpu=0xa idApic=0x28 iGipCpu=0x7 i64TSCDelta=0 enmState=3 u64CpuHz=2688003497(*) cErrors=0
00:00:15.662443 TM: GIP - CPU: iCpuSet=0xb idCpu=0xb idApic=0x29 iGipCpu=0xc i64TSCDelta=0 enmState=3 u64CpuHz=2688003489(*) cErrors=0
00:00:15.662446 TM: GIP - CPU: iCpuSet=0xc idCpu=0xc idApic=0x30 iGipCpu=0x12 i64TSCDelta=0 enmState=3 u64CpuHz=2687987228(*) cErrors=0
00:00:15.662448 TM: GIP - CPU: iCpuSet=0xd idCpu=0xd idApic=0x32 iGipCpu=0x13 i64TSCDelta=0 enmState=3 u64CpuHz=2687987228(*) cErrors=0
00:00:15.662450 TM: GIP - CPU: iCpuSet=0xe idCpu=0xe idApic=0x34 iGipCpu=0xb i64TSCDelta=0 enmState=3 u64CpuHz=2688003400(*) cErrors=0
00:00:15.662452 TM: GIP - CPU: iCpuSet=0xf idCpu=0xf idApic=0x36 iGipCpu=0x10 i64TSCDelta=0 enmState=3 u64CpuHz=2687987228(*) cErrors=0
00:00:15.662454 TM: GIP - CPU: iCpuSet=0x10 idCpu=0x10 idApic=0x38 iGipCpu=0xa i64TSCDelta=0 enmState=3 u64CpuHz=2688003381(*) cErrors=0
00:00:15.662457 TM: GIP - CPU: iCpuSet=0x11 idCpu=0x11 idApic=0x3a iGipCpu=0xf i64TSCDelta=0 enmState=3 u64CpuHz=2687987228(*) cErrors=0
00:00:15.662459 TM: GIP - CPU: iCpuSet=0x12 idCpu=0x12 idApic=0x3c iGipCpu=0x11 i64TSCDelta=0 enmState=3 u64CpuHz=2687987228(*) cErrors=0
00:00:15.662461 TM: GIP - CPU: iCpuSet=0x13 idCpu=0x13 idApic=0x3e iGipCpu=0x8 i64TSCDelta=0 enmState=3 u64CpuHz=2688003194(*) cErrors=0
00:00:15.662475 TM:     cTSCTicksPerSecond=2 688 003 524 (0xa037adc4) enmTSCMode=1 (VirtTSCEmulated) TSCMultiplier=1
00:00:15.662475 TM: cTSCTicksPerSecondHost=2 688 003 524 (0xa037adc4)
00:00:15.662476 TM: TSCTiedToExecution=false TSCNotTiedToHalt=false
00:00:15.663120 EMR3Init: fIemExecutesAll=false fGuruOnTripleFault=true
00:00:15.663391 IEM: TargetCpu=CURRENT, Microarch=Intel_Core7_AlderLake aidxTargetCpuEflFlavour={1,0}
00:00:15.664264 GIM: Using provider 'KVM' (Implementation version: 0)
00:00:15.664269 CPUM: SetGuestCpuIdFeature: Enabled Hypervisor Present bit
00:00:15.664285 GCM: Initialized - Fixer bits: 0x0
00:00:15.664344 AIOMgr: Default manager type is 'Async'
00:00:15.664346 AIOMgr: Default file backend is 'NonBuffered'
00:00:15.664381 BlkCache: Cache successfully initialized. Cache size is 5242880 bytes
00:00:15.664383 BlkCache: Cache commit interval is 10000 ms
00:00:15.664385 BlkCache: Cache commit threshold is 2621440 bytes
00:00:15.929625 PcBios: [SMP] BIOS with 4 CPUs
00:00:15.929642 PcBios: Using the 386+ BIOS image.
00:00:15.929692 PcBios: MPS table at 000e1300
00:00:15.938861 PcBios: fCheckShutdownStatusForSoftReset=true  fClearShutdownStatusOnHardReset=true
00:00:15.973882 SUP: seg #0: R   0x00000000 LB 0x00001000
00:00:15.973892 SUP: seg #1: R X 0x00001000 LB 0x0002d000
00:00:15.973894 SUP: seg #2: R   0x0002e000 LB 0x00010000
00:00:15.973896 SUP: seg #3: RW  0x0003e000 LB 0x00002000
00:00:15.973898 SUP: seg #4: R   0x00040000 LB 0x00003000
00:00:15.973900 SUP: seg #5: RW  0x00043000 LB 0x00001000
00:00:15.973901 SUP: seg #6: R   0x00044000 LB 0x00001000
00:00:15.973903 SUP: seg #7: R X 0x00045000 LB 0x00001000
00:00:15.973905 SUP: seg #8: R   0x00046000 LB 0x00002000
00:00:15.974136 SUP: Loaded VBoxDDR0.r0 (C:\Program Files\Oracle\VirtualBox/VBoxDDR0.r0) at 0xXXXXXXXXXXXXXXXX - ModuleInit at XXXXXXXXXXXXXXXX and ModuleTerm at XXXXXXXXXXXXXXXX using the native ring-0 loader
00:00:15.974144 SUP: windbg> .reload /f C:\Program Files\Oracle\VirtualBox/VBoxDDR0.r0=0xXXXXXXXXXXXXXXXX
00:00:15.974321 PDM: VirtualBox APIC backend registered
00:00:15.974327 CPUM: SetGuestCpuIdFeature: Enabled xAPIC
00:00:15.974329 CPUM: SetGuestCpuIdFeature: Enabled x2APIC
00:00:15.975220 IOAPIC: Version=2.0 ChipType=ICH9
00:00:15.975282 PIT: mode=3 count=0x10000 (65536) - 18.20 Hz (ch=0)
00:00:15.975773 VMMDev: cbDefaultBudget: 703 790 762 (29f2feaa)
00:00:16.004517 Shared Folders service loaded
00:00:16.014707 Guest Control service loaded
00:00:16.036197 VGA: Using the 386+ BIOS image.
00:00:16.036566 AHCI: Port0: No driver attached
00:00:16.036571 AHCI: Port1: No driver attached
00:00:16.036577 AHCI: Port2: No driver attached
00:00:16.036582 AHCI: Port3: No driver attached
00:00:16.036584 AHCI: Port4: No driver attached
00:00:16.036586 AHCI: Port5: No driver attached
00:00:16.036588 AHCI: Port6: No driver attached
00:00:16.036590 AHCI: Port7: No driver attached
00:00:16.036592 AHCI: Port8: No driver attached
00:00:16.036594 AHCI: Port9: No driver attached
00:00:16.036596 AHCI: Port10: No driver attached
00:00:16.036598 AHCI: Port11: No driver attached
00:00:16.036600 AHCI: Port12: No driver attached
00:00:16.036602 AHCI: Port13: No driver attached
00:00:16.036604 AHCI: Port14: No driver attached
00:00:16.036606 AHCI: Port15: No driver attached
00:00:16.036608 AHCI: Port16: No driver attached
00:00:16.036610 AHCI: Port17: No driver attached
00:00:16.036612 AHCI: Port18: No driver attached
00:00:16.036614 AHCI: Port19: No driver attached
00:00:16.036616 AHCI: Port20: No driver attached
00:00:16.036618 AHCI: Port21: No driver attached
00:00:16.036619 AHCI: Port22: No driver attached
00:00:16.036621 AHCI: Port23: No driver attached
00:00:16.036623 AHCI: Port24: No driver attached
00:00:16.036625 AHCI: Port25: No driver attached
00:00:16.036627 AHCI: Port26: No driver attached
00:00:16.036629 AHCI: Port27: No driver attached
00:00:16.036631 AHCI: Port28: No driver attached
00:00:16.036633 AHCI: Port29: No driver attached
00:00:16.036643 AHCI#0: Reset the HBA
00:00:16.036831 DrvVD: Flushes will be ignored
00:00:16.036831 DrvVD: Async flushes will be passed to the disk
00:00:16.037987 VD: VDInit finished with VINF_SUCCESS
00:00:16.038619 AIOMgr: Endpoint for file 'C:\Users\lenovo\VirtualBox VMs\EVE-COMM-VM\EVE-COMM-VM-0.vdi' (flags 000c0723) created successfully
00:00:16.048851 VD: Opening the disk took 11025420 ns
00:00:16.057957 PIIX3 ATA: LUN#0: no unit
00:00:16.057967 PIIX3 ATA: LUN#1: no unit
00:00:16.058017 PIIX3 ATA: LUN#2: no unit
00:00:16.058021 PIIX3 ATA: LUN#3: no unit
00:00:16.058103 PIIX3 ATA: Ctl#0: finished processing RESET
00:00:16.058170 PIIX3 ATA: Ctl#1: finished processing RESET
00:00:16.058246 E1000#0: Chip=82540EM LinkUpDelay=5000ms EthernetCRC=on GSO=enabled Itr=disabled ItrRx=enabled TID=disabled R0=enabled RC=disabled
00:00:16.058314 IntNet#0: szNetwork={HostInterfaceNetworking-Intel(R) Wi-Fi 6E AX211 160MHz} enmTrunkType=3 szTrunk={\DEVICE\{3D0F07B5-E9B2-4A15-B23B-EC3A3D74B338}} fFlags=0x8001 cbRecv=325632 cbSend=196608 fIgnoreConnectFailure=false
00:00:16.058314 AC97: Using codec 'STAC9700'
00:00:16.073729 WasAPI: Input device is: {Default} (iface 000001341f6e2e40)
00:00:16.074415 WasAPI: Output device is: {Default} (iface 000001341f6e28a0)
00:00:16.076512 Audio: Found 6 devices for driver 'WasAPI'
00:00:16.076521 Audio: Device 'Speakers (Realtek(R) Audio)':
00:00:16.076522 Audio:   ID              = {0.0.0.00000000}.{fbd8e823-c9b4-4480-8722-2fc873131286}
00:00:16.076522 Audio:   Usage           = output
00:00:16.076522 Audio:   Flags           = DEFAULT_OUT
00:00:16.076523 Audio:   Input channels  = 0
00:00:16.076523 Audio:   Output channels = 2
00:00:16.076525 Audio: Device 'Speakers (Nahimic mirroring device)':
00:00:16.076525 Audio:   ID              = {0.0.0.00000000}.{1e4bb6af-5203-43df-a1b7-f6781e8a8002}
00:00:16.076526 Audio:   Usage           = output
00:00:16.076526 Audio:   Flags           = NONE
00:00:16.076526 Audio:   Input channels  = 0
00:00:16.076526 Audio:   Output channels = 2
00:00:16.076528 Audio: Device 'Speakers (Nahimic Easy Surround device)':
00:00:16.076528 Audio:   ID              = {0.0.0.00000000}.{913f017b-c5d2-4bc0-95c5-c92bb63f97e2}
00:00:16.076528 Audio:   Usage           = output
00:00:16.076529 Audio:   Flags           = NONE
00:00:16.076529 Audio:   Input channels  = 0
00:00:16.076529 Audio:   Output channels = 8
00:00:16.076531 Audio: Device 'Speakers (Realtek(R) Audio)':
00:00:16.076531 Audio:   ID              = {0.0.0.00000000}.{fbd8e823-c9b4-4480-8722-2fc873131286}
00:00:16.076531 Audio:   Usage           = output
00:00:16.076531 Audio:   Flags           = NONE
00:00:16.076531 Audio:   Input channels  = 0
00:00:16.076532 Audio:   Output channels = 2
00:00:16.076537 Audio: Device 'Microphone Array (Realtek(R) Audio)':
00:00:16.076538 Audio:   ID              = {0.0.1.00000000}.{045afeaf-f701-42b2-b088-25cff93ef2ce}
00:00:16.076538 Audio:   Usage           = input
00:00:16.076538 Audio:   Flags           = DEFAULT_IN
00:00:16.076538 Audio:   Input channels  = 2
00:00:16.076538 Audio:   Output channels = 0
00:00:16.076542 Audio: Device 'Microphone Array (Realtek(R) Audio)':
00:00:16.076542 Audio:   ID              = {0.0.1.00000000}.{045afeaf-f701-42b2-b088-25cff93ef2ce}
00:00:16.076542 Audio:   Usage           = input
00:00:16.076542 Audio:   Flags           = NONE
00:00:16.076542 Audio:   Input channels  = 2
00:00:16.076542 Audio:   Output channels = 0
00:00:16.076597 AC97: Reset
00:00:16.076601 AC97: Mixer reset (EAID=0x809, EACS=0x9)
00:00:16.076604 AC97: Record select to left=mic, right=mic
00:00:16.076606 Audio Mixer: MUTING master volume of 'AC'97 Mixer' -- channel volumes: ff ff ff ff ff ff ff ff ff ff ff ff
00:00:16.076611 Audio Mixer: MUTING sink 'AC'97 Mixer/Line In' -- channel volumes: 00 00 00 00 00 00 00 00 00 00 00 00
00:00:16.076616 Audio Mixer: MUTING sink 'AC'97 Mixer/Microphone In' -- channel volumes: 00 00 00 00 00 00 00 00 00 00 00 00
00:00:16.076618 Audio Mixer: MUTING sink 'AC'97 Mixer/PCM Output' -- channel volumes: 00 00 00 00 00 00 00 00 00 00 00 00
00:00:16.076622 Audio Mixer: MUTING sink 'AC'97 Mixer/PCM Output' -- channel volumes: 00 00 00 00 00 00 00 00 00 00 00 00
00:00:16.076624 Audio Mixer: MUTING sink 'AC'97 Mixer/Line In' -- channel volumes: 00 00 00 00 00 00 00 00 00 00 00 00
00:00:16.076626 Audio Mixer: MUTING sink 'AC'97 Mixer/Line In' -- channel volumes: 00 00 00 00 00 00 00 00 00 00 00 00
00:00:16.076629 Audio Mixer: MUTING sink 'AC'97 Mixer/Microphone In' -- channel volumes: 00 00 00 00 00 00 00 00 00 00 00 00
00:00:16.076924 PGM: The CPU physical address width is 39 bits
00:00:16.076930 PGM: PGMR3InitFinalize: 4 MB PSE mask 0000007fffffffff -> VINF_SUCCESS
00:00:16.076937 TM: TMR3InitFinalize: fTSCModeSwitchAllowed=true
00:00:16.077026 CPUM: Mapped 1.0MiB (1048576 bytes) of RAM using fixed-range MTRRs
00:00:16.077031 CPUM: Mapped 8.0GiB (8589934592 bytes) of RAM using 4 variable-range MTRRs
00:00:16.077155 CPUM: Host IA32_ARCH_CAPABILITIES  = 0x88fd6b
00:00:16.077157 CPUM: Guest IA32_ARCH_CAPABILITIES = 0x8e169
00:00:16.077200 VMM: Thread-context hooks unavailable
00:00:16.077202 VMM: RTThreadPreemptIsPending() can be trusted
00:00:16.077204 VMM: Kernel preemption is possible
00:00:16.077243 HM: Host MSR_IA32_FEATURE_CONTROL = 0x5
00:00:16.085430 HM: fWorldSwitcher=0x0 (fIbpbOnVmExit=false fIbpbOnVmEntry=false fL1dFlushOnVmEntry=false); fL1dFlushOnSched=false fMdsClearOnVmEntry=false
00:00:16.085438 HM: Using VT-x implementation 3.0
00:00:16.085439 HM: VT-x init method                  = Manual
00:00:16.085439 HM: Max resume loops                  = 8192
00:00:16.085439 HM: Host CR0                          = 0x80050033
00:00:16.085440 HM: Host CR4                          = 0xb50ef8
00:00:16.085440 HM: Host EFER                         = 0xd01
00:00:16.085440 HM: Host SMM_MONITOR_CTL              = 0x0
00:00:16.085441 HM: Host CORE_CAPABILITIES            = 0xfd
00:00:16.085441 HM: Host MEMORY_CTRL                  = 0x0
00:00:16.085441 HM: Host DR6 zero'ed                  = 0xffff0ff0
00:00:16.085443 HM: MSR_IA32_FEATURE_CONTROL          = 0x5
00:00:16.085443 HM:   LOCK
00:00:16.085443 HM:   VMXON
00:00:16.085445 HM: MSR_IA32_VMX_BASIC                = 0x3da050000000013
00:00:16.085445 HM:   VMCS id                           = 0x13
00:00:16.085445 HM:   VMCS size                         = 1280 bytes
00:00:16.085446 HM:   VMCS physical address limit       = None
00:00:16.085446 HM:   VMCS memory type                  = Write Back (WB)
00:00:16.085446 HM:   Dual-monitor treatment support    = true
00:00:16.085447 HM:   OUTS & INS instruction-info       = true
00:00:16.085447 HM:   Supports true-capability MSRs     = true
00:00:16.085447 HM:   VM-entry Xcpt error-code optional = true
00:00:16.085449 HM: MSR_IA32_VMX_PINBASED_CTLS        = 0xff00000016
00:00:16.085449 HM:   EXT_INT_EXIT
00:00:16.085449 HM:   NMI_EXIT
00:00:16.085450 HM:   VIRTUAL_NMI
00:00:16.085450 HM:   PREEMPT_TIMER
00:00:16.085450 HM:   POSTED_INT
00:00:16.085450 HM: MSR_IA32_VMX_PROCBASED_CTLS       = 0xfffbfffe0401e172
00:00:16.085451 HM:   INT_WINDOW_EXIT
00:00:16.085451 HM:   USE_TSC_OFFSETTING
00:00:16.085451 HM:   HLT_EXIT
00:00:16.085451 HM:   INVLPG_EXIT
00:00:16.085451 HM:   MWAIT_EXIT
00:00:16.085451 HM:   RDPMC_EXIT
00:00:16.085451 HM:   RDTSC_EXIT
00:00:16.085452 HM:   CR3_LOAD_EXIT (must be set)
00:00:16.085452 HM:   CR3_STORE_EXIT (must be set)
00:00:16.085452 HM:   USE_TERTIARY_CTLS
00:00:16.085452 HM:   CR8_LOAD_EXIT
00:00:16.085452 HM:   CR8_STORE_EXIT
00:00:16.085452 HM:   USE_TPR_SHADOW
00:00:16.085453 HM:   NMI_WINDOW_EXIT
00:00:16.085453 HM:   MOV_DR_EXIT
00:00:16.085453 HM:   UNCOND_IO_EXIT
00:00:16.085453 HM:   USE_IO_BITMAPS
00:00:16.085453 HM:   MONITOR_TRAP_FLAG
00:00:16.085453 HM:   USE_MSR_BITMAPS
00:00:16.085453 HM:   MONITOR_EXIT
00:00:16.085454 HM:   PAUSE_EXIT
00:00:16.085454 HM:   USE_SECONDARY_CTLS
00:00:16.085454 HM: MSR_IA32_VMX_PROCBASED_CTLS2      = 0x75d7fff00000000
00:00:16.085454 HM:   VIRT_APIC_ACCESS
00:00:16.085454 HM:   EPT
00:00:16.085454 HM:   DESC_TABLE_EXIT
00:00:16.085455 HM:   RDTSCP
00:00:16.085455 HM:   VIRT_X2APIC_MODE
00:00:16.085455 HM:   VPID
00:00:16.085455 HM:   WBINVD_EXIT
00:00:16.085455 HM:   UNRESTRICTED_GUEST
00:00:16.085455 HM:   APIC_REG_VIRT
00:00:16.085455 HM:   VIRT_INT_DELIVERY
00:00:16.085456 HM:   PAUSE_LOOP_EXIT
00:00:16.085457 HM:   RDRAND_EXIT
00:00:16.085457 HM:   INVPCID
00:00:16.085457 HM:   VMFUNC
00:00:16.085457 HM:   VMCS_SHADOWING
00:00:16.085457 HM:   ENCLS_EXIT (must be cleared)
00:00:16.085457 HM:   RDSEED_EXIT
00:00:16.085458 HM:   PML (must be cleared)
00:00:16.085458 HM:   EPT_XCPT_VE
00:00:16.085458 HM:   CONCEAL_VMX_FROM_PT
00:00:16.085458 HM:   XSAVES_XRSTORS
00:00:16.085458 HM:   PASID_TRANSLATE (must be cleared)
00:00:16.085458 HM:   MODE_BASED_EPT_PERM
00:00:16.085458 HM:   SPP_EPT (must be cleared)
00:00:16.085459 HM:   PT_EPT
00:00:16.085459 HM:   TSC_SCALING
00:00:16.085459 HM:   USER_WAIT_PAUSE
00:00:16.085459 HM:   PCONFIG (must be cleared)
00:00:16.085459 HM:   ENCLV_EXIT (must be cleared)
00:00:16.085459 HM:   BUS_LOCK_DETECT (must be cleared)
00:00:16.085460 HM:   INSTR_TIMEOUT (must be cleared)
00:00:16.085460 HM: MSR_IA32_VMX_PROCBASED_CTLS3      = 0x1
00:00:16.085460 HM:   LOADIWKEY_EXIT                    = true
00:00:16.085460 HM:   HLAT                              = false
00:00:16.085460 HM:   EPT_PAGING_WRITE                  = false
00:00:16.085461 HM:   GST_PAGING_VERIFY                 = false
00:00:16.085461 HM:   IPI_VIRT                          = false
00:00:16.085461 HM:   VIRT_SPEC_CTRL                    = false
00:00:16.085461 HM: MSR_IA32_VMX_ENTRY_CTLS           = 0x76ffff000011ff
00:00:16.085461 HM:   LOAD_DEBUG (must be set)
00:00:16.085462 HM:   IA32E_MODE_GUEST
00:00:16.085462 HM:   ENTRY_TO_SMM
00:00:16.085462 HM:   DEACTIVATE_DUAL_MON
00:00:16.085462 HM:   LOAD_PERF_MSR
00:00:16.085462 HM:   LOAD_PAT_MSR
00:00:16.085462 HM:   LOAD_EFER_MSR
00:00:16.085462 HM:   LOAD_BNDCFGS_MSR (must be cleared)
00:00:16.085463 HM:   CONCEAL_VMX_FROM_PT
00:00:16.085463 HM:   LOAD_RTIT_CTL_MSR
00:00:16.085463 HM:   LOAD_UINV (must be cleared)
00:00:16.085463 HM:   LOAD_CET_STATE
00:00:16.085463 HM:   LOAD_LBR_CTL_MSR
00:00:16.085463 HM:   LOAD_PKRS_MSR
00:00:16.085464 HM: MSR_IA32_VMX_EXIT_CTLS            = 0xf77fffff00036dff
00:00:16.085464 HM:   SAVE_DEBUG (must be set)
00:00:16.085464 HM:   HOST_ADDR_SPACE_SIZE
00:00:16.085464 HM:   LOAD_PERF_MSR
00:00:16.085464 HM:   ACK_EXT_INT
00:00:16.085465 HM:   SAVE_PAT_MSR
00:00:16.085465 HM:   LOAD_PAT_MSR
00:00:16.085465 HM:   SAVE_EFER_MSR
00:00:16.085465 HM:   LOAD_EFER_MSR
00:00:16.085465 HM:   SAVE_PREEMPT_TIMER
00:00:16.085465 HM:   CLEAR_BNDCFGS_MSR (must be cleared)
00:00:16.085465 HM:   CONCEAL_VMX_FROM_PT
00:00:16.085466 HM:   CLEAR_RTIT_CTL_MSR
00:00:16.085466 HM:   CLEAR_LBR_CTL_MSR
00:00:16.085466 HM:   CLEAR_UINV (must be cleared)
00:00:16.085466 HM:   LOAD_CET_STATE
00:00:16.085466 HM:   LOAD_PKRS_MSR
00:00:16.085466 HM:   SAVE_PERF_MSR
00:00:16.085466 HM: MSR_IA32_VMX_TRUE_PINBASED_CTLS   = 0xff00000016
00:00:16.085467 HM: MSR_IA32_VMX_TRUE_PROCBASED_CTLS  = 0xfffbfffe04006172
00:00:16.085467 HM: MSR_IA32_VMX_TRUE_ENTRY_CTLS      = 0x76ffff000011fb
00:00:16.085467 HM: MSR_IA32_VMX_TRUE_EXIT_CTLS       = 0xf77fffff00036dfb
00:00:16.085468 HM: MSR_IA32_VMX_MISC                 = 0x7004c1e7
00:00:16.085468 HM:   PREEMPT_TIMER_TSC                 = 0x7
00:00:16.085468 HM:   EXIT_SAVE_EFER_LMA                = true
00:00:16.085468 HM:   ACTIVITY_STATES                   = 0x7 ( HLT SHUTDOWN SIPI_WAIT )
00:00:16.085469 HM:   INTEL_PT                          = true
00:00:16.085469 HM:   SMM_READ_SMBASE_MSR               = true
00:00:16.085469 HM:   CR3_TARGET                        = 0x4
00:00:16.085469 HM:   MAX_MSR                           = 0x0 ( 512 )
00:00:16.085470 HM:   VMXOFF_BLOCK_SMI                  = true
00:00:16.085470 HM:   VMWRITE_ALL                       = true
00:00:16.085470 HM:   ENTRY_INJECT_SOFT_INT             = 0x1
00:00:16.085470 HM:   MSEG_ID                           = 0x0
00:00:16.085470 HM: MSR_IA32_VMX_VMCS_ENUM            = 0x2e
00:00:16.085471 HM:   HIGHEST_IDX                       = 0x17
00:00:16.085471 HM: MSR_IA32_VMX_EPT_VPID_CAP         = 0xf0106f34141
00:00:16.085471 HM:   RWX_X_ONLY
00:00:16.085471 HM:   PAGE_WALK_LENGTH_4
00:00:16.085471 HM:   MEMTYPE_UC
00:00:16.085472 HM:   MEMTYPE_WB
00:00:16.085472 HM:   PDE_2M
00:00:16.085472 HM:   PDPTE_1G
00:00:16.085472 HM:   INVEPT
00:00:16.085472 HM:   ACCESS_DIRTY
00:00:16.085472 HM:   ADVEXITINFO_EPT_VIOLATION
00:00:16.085472 HM:   SUPER_SHW_STACK
00:00:16.085472 HM:   INVEPT_SINGLE_CONTEXT
00:00:16.085473 HM:   INVEPT_ALL_CONTEXTS
00:00:16.085473 HM:   INVVPID
00:00:16.085473 HM:   INVVPID_INDIV_ADDR
00:00:16.085473 HM:   INVVPID_SINGLE_CONTEXT
00:00:16.085473 HM:   INVVPID_ALL_CONTEXTS
00:00:16.085473 HM:   INVVPID_SINGLE_CONTEXT_RETAIN_GLOBALS
00:00:16.085473 HM: MSR_IA32_VMX_VMFUNC               = 0x1
00:00:16.085474 HM:   EPTP_SWITCHING
00:00:16.085474 HM: MSR_IA32_VMX_CR0_FIXED0           = 0x80000021
00:00:16.085474 HM: MSR_IA32_VMX_CR0_FIXED1           = 0xffffffff
00:00:16.085474 HM: MSR_IA32_VMX_CR4_FIXED0           = 0x2000
00:00:16.085475 HM: MSR_IA32_VMX_CR4_FIXED1           = 0x1ff6fff
00:00:16.085476 HM: Guest support: 32-bit and 64-bit
00:00:16.085486 HM: Supports VMCS EFER fields         = true
00:00:16.085486 HM: Enabled VMX
00:00:16.085488 HM: Enabled nested paging
00:00:16.085489 HM:   EPT flush type                  = Single context
00:00:16.085489 HM: Enabled unrestricted guest execution
00:00:16.085489 HM: Enabled large page support
00:00:16.085489 HM: Enabled VPID
00:00:16.085489 HM:   VPID flush type                 = Single context
00:00:16.085490 HM: Enabled VMX-preemption timer (cPreemptTimerShift=7)
00:00:16.085490 HM: Enabled full VMCS shadowing
00:00:16.085490 HM: VT-x/AMD-V init method: Global
00:00:16.085491 EM: Exit history optimizations: enabled=true enabled-r0=true enabled-r0-no-preemption=false
00:00:16.085512 PcBios: SCSI LUN#0 LCHS not provided
00:00:16.085518 APIC: fPostedIntrsEnabled=false fVirtApicRegsEnabled=false fSupportsTscDeadline=false
00:00:16.085521 TMR3UtcNow: nsNow=1 765 465 145 093 819 400 nsPrev=0 -> cNsDelta=1 765 465 145 093 819 400 (offLag=0 offVirtualSync=0 offVirtualSyncGivenUp=0, NowAgain=1 765 465 145 093 819 400)
00:00:16.085527 VMM: fUsePeriodicPreemptionTimers=false
00:00:16.085576 CPUM: Logical host processors: 20 present, 20 max, 20 online, online mask: 00000000000fffff
00:00:16.085577 CPUM: Physical host cores: 14
00:00:16.085577 ************************ CPUID dump *************************
00:00:16.087037          Raw Standard CPUID Leaves
00:00:16.087037      Leaf/sub-leaf  eax      ebx      ecx      edx
00:00:16.087038 Gst: 00000000/0000  00000016 756e6547 6c65746e 49656e69
00:00:16.087039 Hst:                00000020 756e6547 6c65746e 49656e69
00:00:16.087040 Gst: 00000001/0000  000906a3 00040800 f6fa3223 178bfbff
00:00:16.087040 Hst:                000906a3 18800800 7ffafbff bfebfbff
00:00:16.087040 Gst: 00000002/0000  00feff01 000000f0 00000000 00000000
00:00:16.087041 Hst:                00feff01 000000f0 00000000 00000000
00:00:16.087041 Gst: 00000003/0000  00000000 00000000 00000000 00000000
00:00:16.087041 Hst:                00000000 00000000 00000000 00000000
00:00:16.087042 Gst: 00000004/0000  0c000121 02c0003f 0000003f 00000000
00:00:16.087042 Hst:                fc004121 02c0003f 0000003f 00000000
00:00:16.087043 Gst: 00000004/0001  0c000122 01c0003f 0000003f 00000000
00:00:16.087043 Hst:                fc004122 01c0003f 0000003f 00000000
00:00:16.087043 Gst: 00000004/0002  0c000143 0240003f 000007ff 00000000
00:00:16.087044 Hst:                fc01c143 0240003f 000007ff 00000000
00:00:16.087044 Gst: 00000004/0003  0c000163 02c0003f 00007fff 00000004
00:00:16.087044 Hst:                fc1fc163 02c0003f 00007fff 00000004
00:00:16.087045 Gst: 00000004/0004  0c000000 00000000 00000000 00000000
00:00:16.087045 Hst:                00000000 00000000 00000000 00000000
00:00:16.087045 Gst: 00000005/0000  00000000 00000000 00000000 00000000
00:00:16.087046 Hst:                00000040 00000040 00000003 10102020
00:00:16.087046 Gst: 00000006/0000  00000004 00000000 00000000 00000000
00:00:16.087046 Hst:                00dfcff7 00000002 00000409 00030003
00:00:16.087047 Gst: 00000007/0000  00000002 208c2569 00000000 30000400
00:00:16.087047 Hst:                00000002 239c27eb 98c007ac fc18c410
00:00:16.087047 Gst: 00000007/0001  00000000 00000000 00000000 00000000
00:00:16.087048 Hst:                00400810 00000000 00000000 00000000
00:00:16.087048 Gst: 00000007/0002  00000000 00000000 00000000 00000000
00:00:16.087048 Hst:                00000000 00000000 00000000 00000017
00:00:16.087049 Gst: 00000007/0003  00000000 00000000 00000000 00000000
00:00:16.087049 Hst:                00000000 00000000 00000000 00000000
00:00:16.087049 Gst: 00000008/0000  00000000 00000000 00000000 00000000
00:00:16.087050 Hst:                00000000 00000000 00000000 00000000
00:00:16.087050 Gst: 00000009/0000  00000000 00000000 00000000 00000000
00:00:16.087050 Hst:                00000000 00000000 00000000 00000000
00:00:16.087051 Gst: 0000000a/0000  00000000 00000000 00000000 00000000
00:00:16.087051 Hst:                07300605 00000000 00000007 00008603
00:00:16.087051 Gst: 0000000b/0000  00000000 00000001 00000100 00000000
00:00:16.087052 Hst:                00000001 00000002 00000100 00000018
00:00:16.087052 Gst: 0000000b/0001  00000002 00000004 00000201 00000000
00:00:16.087052 Hst:                00000007 00000014 00000201 00000018
00:00:16.087053 Gst: 0000000b/0002  00000000 00000000 00000002 00000000
00:00:16.087053 Hst:                00000000 00000000 00000002 00000018
00:00:16.087053 Gst: 0000000c/0000  00000000 00000000 00000000 00000000
00:00:16.087054 Hst:                00000000 00000000 00000000 00000000
00:00:16.087054 Gst: 0000000d/0000  00000007 00000340 00000340 00000000
00:00:16.087054 Hst:                00000207 00000340 00000a88 00000000
00:00:16.087055 Gst: 0000000d/0001  00000000 000003d0 00000000 00000000
00:00:16.087055 Hst:                0000000f 000003d0 00019900 00000000
00:00:16.087056 Gst: 0000000d/0002  00000100 00000240 00000000 00000000
00:00:16.087056 Hst:                00000100 00000240 00000000 00000000
00:00:16.087056 Gst: 0000000d/0003  00000000 00000000 00000000 00000000
00:00:16.087057 Hst:                00000000 00000000 00000000 00000000
00:00:16.087057 Gst: 0000000d/0004  00000000 00000000 00000000 00000000
00:00:16.087057 Hst:                00000000 00000000 00000000 00000000
00:00:16.087057 Gst: 0000000d/0005  00000000 00000000 00000000 00000000
00:00:16.087058 Hst:                00000000 00000000 00000000 00000000
00:00:16.087058 Gst: 0000000d/0006  00000000 00000000 00000000 00000000
00:00:16.087058 Hst:                00000000 00000000 00000000 00000000
00:00:16.087059 Gst: 0000000d/0007  00000000 00000000 00000000 00000000
00:00:16.087059 Hst:                00000000 00000000 00000000 00000000
00:00:16.087059 Gst: 0000000d/0008  00000000 00000000 00000000 00000000
00:00:16.087060 Hst:                00000080 00000000 00000001 00000000
00:00:16.087060 Gst: 0000000d/0009  00000000 00000000 00000000 00000000
00:00:16.087060 Hst:                00000008 00000a80 00000000 00000000
00:00:16.087061 Gst: 0000000d/000a  00000000 00000000 00000000 00000000
00:00:16.087061 Hst:                00000000 00000000 00000000 00000000
00:00:16.087061 Gst: 0000000d/000b  00000000 00000000 00000000 00000000
00:00:16.087062 Hst:                00000010 00000000 00000001 00000000
00:00:16.087062 Gst: 0000000d/000c  00000000 00000000 00000000 00000000
00:00:16.087062 Hst:                00000018 00000000 00000001 00000000
00:00:16.087062 Gst: 0000000d/000d  00000000 00000000 00000000 00000000
00:00:16.087063 Hst:                00000000 00000000 00000000 00000000
00:00:16.087063 Gst: 0000000d/000e  00000000 00000000 00000000 00000000
00:00:16.087063 Hst:                00000000 00000000 00000000 00000000
00:00:16.087064 Gst: 0000000d/000f  00000000 00000000 00000000 00000000
00:00:16.087064 Hst:                00000328 00000000 00000001 00000000
00:00:16.087064 Gst: 0000000d/0010  00000000 00000000 00000000 00000000
00:00:16.087065 Hst:                00000008 00000000 00000001 00000000
00:00:16.087065 Gst: 0000000d/0011  00000000 00000000 00000000 00000000
00:00:16.087065 Hst:                00000000 00000000 00000000 00000000
00:00:16.087065 Gst: 0000000e/0000  00000000 00000000 00000000 00000000
00:00:16.087066 Hst:                00000000 00000000 00000000 00000000
00:00:16.087066 Gst: 0000000f/0000  00000000 00000000 00000000 00000000
00:00:16.087066 Hst:                00000000 00000000 00000000 00000000
00:00:16.087067 Gst: 00000010/0000  00000000 00000000 00000000 00000000
00:00:16.087067 Hst:                00000000 00000000 00000000 00000000
00:00:16.087067 Gst: 00000011/0000  00000000 00000000 00000000 00000000
00:00:16.087068 Hst:                00000000 00000000 00000000 00000000
00:00:16.087068 Gst: 00000012/0000  00000000 00000000 00000000 00000000
00:00:16.087068 Hst:                00000000 00000000 00000000 00000000
00:00:16.087069 Gst: 00000013/0000  00000000 00000000 00000000 00000000
00:00:16.087069 Hst:                00000000 00000000 00000000 00000000
00:00:16.087069 Gst: 00000014/0000  00000000 00000000 00000000 00000000
00:00:16.087070 Hst:                00000001 0000005f 00000007 00000000
00:00:16.087070 Hst: 00000015/0000  00000002 0000008c 0249f000 00000000
00:00:16.087070 Hst: 00000016/0000  00000a8c 0000125c 00000064 00000000
00:00:16.087071 Hst: 00000017/0000  00000000 00000000 00000000 00000000
00:00:16.087071 Hst: 00000018/0000  00000008 00000000 00000000 00000000
00:00:16.087071 Hst: 00000019/0000  00000007 00000014 00000003 00000000
00:00:16.087072 Hst: 0000001a/0000  40000001 00000000 00000000 00000000
00:00:16.087072 Hst: 0000001b/0000  00000000 00000000 00000000 00000000
00:00:16.087073 Hst: 0000001c/0000  4000000b 00000007 00000007 00000000
00:00:16.087073 Hst: 0000001d/0000  00000000 00000000 00000000 00000000
00:00:16.087073 Hst: 0000001e/0000  00000000 00000000 00000000 00000000
00:00:16.087074 Hst: 0000001f/0000  00000001 00000002 00000100 00000018
00:00:16.087074 Hst: 00000020/0000  00000000 00000001 00000000 00000000
00:00:16.087074                                Name: GenuineIntel
00:00:16.087075                            Supports: 0x00000000-0x00000016
00:00:16.087076                              Family:  6 	Extended: 0 	Effective: 6
00:00:16.087077                               Model: 10 	Extended: 9 	Effective: 154
00:00:16.087077                            Stepping: 3
00:00:16.087078                                Type: 0 (primary)
00:00:16.087078                             APIC ID: 0x00
00:00:16.087079                        Logical CPUs: 4
00:00:16.087079                        CLFLUSH Size: 8
00:00:16.087079                            Brand ID: 0x00
00:00:16.087080 Features
00:00:16.087080   Mnemonic - Description                                  = Guest (Host)
00:00:16.087081   FPU - x87 FPU on Chip                                   = 1 (1)
00:00:16.087082   VME - Virtual 8086 Mode Enhancements                    = 1 (1)
00:00:16.087082   DE - Debugging extensions                               = 1 (1)
00:00:16.087083   PSE - Page Size Extension                               = 1 (1)
00:00:16.087083   TSC - Time Stamp Counter                                = 1 (1)
00:00:16.087084   MSR - Model Specific Registers                          = 1 (1)
00:00:16.087084   PAE - Physical Address Extension                        = 1 (1)
00:00:16.087085   MCE - Machine Check Exception                           = 1 (1)
00:00:16.087085   CX8 - CMPXCHG8B instruction                             = 1 (1)
00:00:16.087086   APIC - APIC On-Chip                                     = 1 (1)
00:00:16.087086   SEP - SYSENTER and SYSEXIT Present                      = 1 (1)
00:00:16.087087   MTRR - Memory Type Range Registers                      = 1 (1)
00:00:16.087087   PGE - PTE Global Bit                                    = 1 (1)
00:00:16.087088   MCA - Machine Check Architecture                        = 1 (1)
00:00:16.087088   CMOV - Conditional Move instructions                    = 1 (1)
00:00:16.087089   PAT - Page Attribute Table                              = 1 (1)
00:00:16.087091   PSE-36 - 36-bit Page Size Extension                     = 1 (1)
00:00:16.087091   PSN - Processor Serial Number                           = 0 (0)
00:00:16.087092   CLFSH - CLFLUSH instruction                             = 1 (1)
00:00:16.087092   DS - Debug Store                                        = 0 (1)
00:00:16.087093   ACPI - Thermal Mon. & Soft. Clock Ctrl.                 = 0 (1)
00:00:16.087093   MMX - Intel MMX Technology                              = 1 (1)
00:00:16.087094   FXSR - FXSAVE and FXRSTOR instructions                  = 1 (1)
00:00:16.087094   SSE - SSE support                                       = 1 (1)
00:00:16.087095   SSE2 - SSE2 support                                     = 1 (1)
00:00:16.087095   SS - Self Snoop                                         = 0 (1)
00:00:16.087096   HTT - Hyper-Threading Technology                        = 1 (1)
00:00:16.087096   TM - Therm. Monitor                                     = 0 (1)
00:00:16.087097   PBE - Pending Break Enabled                             = 0 (1)
00:00:16.087097   SSE3 - SSE3 support                                     = 1 (1)
00:00:16.087098   PCLMUL - PCLMULQDQ support (for AES-GCM)                = 1 (1)
00:00:16.087098   DTES64 - DS Area 64-bit Layout                          = 0 (1)
00:00:16.087099   MONITOR - MONITOR/MWAIT instructions                    = 0 (1)
00:00:16.087099   CPL-DS - CPL Qualified Debug Store                      = 0 (1)
00:00:16.087100   VMX - Virtual Machine Extensions                        = 1 (1)
00:00:16.087100   SMX - Safer Mode Extensions                             = 0 (1)
00:00:16.087101   EST - Enhanced SpeedStep Technology                     = 0 (1)
00:00:16.087101   TM2 - Terminal Monitor 2                                = 0 (1)
00:00:16.087102   SSSE3 - Supplemental Streaming SIMD Extensions 3        = 1 (1)
00:00:16.087102   CNTX-ID - L1 Context ID                                 = 0 (0)
00:00:16.087103   SDBG - Silicon Debug interface                          = 0 (1)
00:00:16.087103   FMA - Fused Multiply Add extensions                     = 1 (1)
00:00:16.087104   CX16 - CMPXCHG16B instruction                           = 1 (1)
00:00:16.087104   TPRUPDATE - xTPR Update Control                         = 0 (1)
00:00:16.087105   PDCM - Perf/Debug Capability MSR                        = 0 (1)
00:00:16.087105   PCID - Process Context Identifiers                      = 1 (1)
00:00:16.087106   DCA - Direct Cache Access                               = 0 (0)
00:00:16.087106   SSE4_1 - SSE4_1 support                                 = 1 (1)
00:00:16.087107   SSE4_2 - SSE4_2 support                                 = 1 (1)
00:00:16.087107   X2APIC - x2APIC support                                 = 1 (1)
00:00:16.087108   MOVBE - MOVBE instruction                               = 1 (1)
00:00:16.087108   POPCNT - POPCNT instruction                             = 1 (1)
00:00:16.087109   TSCDEADL - Time Stamp Counter Deadline                  = 0 (1)
00:00:16.087109   AES - AES instructions                                  = 1 (1)
00:00:16.087110   XSAVE - XSAVE instruction                               = 1 (1)
00:00:16.087110   OSXSAVE - OSXSAVE instruction                           = 0 (1)
00:00:16.087111   AVX - AVX support                                       = 1 (1)
00:00:16.087111   F16C - 16-bit floating point conversion instructions    = 1 (1)
00:00:16.087111   RDRAND - RDRAND instruction                             = 1 (1)
00:00:16.087112   HVP - Hypervisor Present (we're a guest)                = 1 (0)
00:00:16.087112 Structured Extended Feature Flags Enumeration (leaf 7):
00:00:16.087113 Sub-leaf 0
00:00:16.087113   Mnemonic - Description                                  = Guest (Host)
00:00:16.087113   FSGSBASE - RDFSBASE/RDGSBASE/WRFSBASE/WRGSBASE instr.   = 1 (1)
00:00:16.087114   TSCADJUST - Supports MSR_IA32_TSC_ADJUST                = 0 (1)
00:00:16.087114   SGX - Supports Software Guard Extensions                = 0 (0)
00:00:16.087115   BMI1 - Advanced Bit Manipulation extension 1            = 1 (1)
00:00:16.087115   HLE - Hardware Lock Elision                             = 0 (0)
00:00:16.087115   AVX2 - Advanced Vector Extensions 2                     = 1 (1)
00:00:16.087116   FDP_EXCPTN_ONLY - FPU DP only updated on exceptions     = 1 (1)
00:00:16.087116   SMEP - Supervisor Mode Execution Prevention             = 0 (1)
00:00:16.087117   BMI2 - Advanced Bit Manipulation extension 2            = 1 (1)
00:00:16.087117   ERMS - Enhanced REP MOVSB/STOSB instructions            = 0 (1)
00:00:16.087117   INVPCID - INVPCID instruction                           = 1 (1)
00:00:16.087118   RTM - Restricted Transactional Memory                   = 0 (0)
00:00:16.087118   PQM - Platform Quality of Service Monitoring            = 0 (0)
00:00:16.087119   DEPFPU_CS_DS - Deprecates FPU CS, FPU DS values if set  = 1 (1)
00:00:16.087119   MPE - Intel Memory Protection Extensions                = 0 (0)
00:00:16.087120   PQE - Platform Quality of Service Enforcement           = 0 (0)
00:00:16.087120   AVX512F - AVX512 Foundation instructions                = 0 (0)
00:00:16.087120   RDSEED - RDSEED instruction                             = 1 (1)
00:00:16.087122   ADX - ADCX/ADOX instructions                            = 1 (1)
00:00:16.087123   SMAP - Supervisor Mode Access Prevention                = 0 (1)
00:00:16.087123   CLFLUSHOPT - CLFLUSHOPT (Cache Line Flush) instruction  = 1 (1)
00:00:16.087124   CLWB - CLWB instruction                                 = 0 (1)
00:00:16.087124   INTEL_PT - Intel Processor Trace                        = 0 (1)
00:00:16.087125   AVX512PF - AVX512 Prefetch instructions                 = 0 (0)
00:00:16.087125   AVX512ER - AVX512 Exponential & Reciprocal instructions = 0 (0)
00:00:16.087125   AVX512CD - AVX512 Conflict Detection instructions       = 0 (0)
00:00:16.087126   SHA - Secure Hash Algorithm extensions                  = 1 (1)
00:00:16.087126   PREFETCHWT1 - PREFETCHWT1 instruction                   = 0 (0)
00:00:16.087127   UMIP - User mode insturction prevention                 = 0 (1)
00:00:16.087127   PKU - Protection Key for Usermode pages                 = 0 (1)
00:00:16.087128   OSPKE - CR4.PKU mirror                                  = 0 (0)
00:00:16.087128    5 - Reserved                                           = 0 (1)
00:00:16.087129    7 - Reserved                                           = 0 (1)
00:00:16.087129    8 - Reserved                                           = 0 (1)
00:00:16.087130    9 - Reserved                                           = 0 (1)
00:00:16.087131   10 - Reserved                                           = 0 (1)
00:00:16.087131   MAWAU - Value used by BNDLDX & BNDSTX                   = 0x0 (0x0)
00:00:16.087132   RDPID - Read processor ID support                       = 0 (1)
00:00:16.087132   23 - Reserved                                           = 0 (1)
00:00:16.087133   27 - Reserved                                           = 0 (1)
00:00:16.087133   28 - Reserved                                           = 0 (1)
00:00:16.087134   SGX_LC - Supports SGX Launch Configuration              = 0 (0)
00:00:16.087134   31 - Reserved                                           = 0 (1)
00:00:16.087135    4 - Reserved                                           = 0 (1)
00:00:16.087136   MCU_OPT_CTRL - Supports IA32_MCU_OPT_CTRL               = 0 (0)
00:00:16.087136   MD_CLEAR - Supports MDS related buffer clearing         = 1 (1)
00:00:16.087136   TSX_FORCE_ABORT - Supports IA32_TSX_FORCE_ABORT         = 0 (0)
00:00:16.087137   14 - Reserved                                           = 0 (1)
00:00:16.087137   15 - Reserved                                           = 0 (1)
00:00:16.087138   19 - Reserved                                           = 0 (1)
00:00:16.087139   CET_IBT - Supports indirect branch tracking w/ CET      = 0 (1)
00:00:16.087139   IBRS_IBPB - IA32_SPEC_CTRL.IBRS and IA32_PRED_CMD.IBPB  = 0 (1)
00:00:16.087139   STIBP - Supports IA32_SPEC_CTRL.STIBP                   = 0 (1)
00:00:16.087140   FLUSH_CMD - Supports IA32_FLUSH_CMD                     = 1 (1)
00:00:16.087140   ARCHCAP - Supports IA32_ARCH_CAP                        = 1 (1)
00:00:16.087141   CORECAP - Supports IA32_CORE_CAP                        = 0 (1)
00:00:16.087141   SSBD - Supports IA32_SPEC_CTRL.SSBD                     = 0 (1)
00:00:16.087142  Sub-leaf 2
00:00:16.087142   Mnemonic - Description                                  = Guest (Host)
00:00:16.087142   PSFD - Supports IA32_SPEC_CTRL[7] (PSFD)                = 0 (1)
00:00:16.087143   IPRED_CTRL - Supports IA32_SPEC_CTRL[4:3] (IPRED_DIS)   = 0 (1)
00:00:16.087143   RRSBA_CTRL - Supports IA32_SPEC_CTRL[6:5] (RRSBA_DIS)   = 0 (1)
00:00:16.087143   DDPD_U - Supports IA32_SPEC_CTRL[8] (DDPD_U)            = 0 (0)
00:00:16.087144   BHI_CTRL - Supports IA32_SPEC_CTRL[10] (BHI_DIS_S)      = 0 (1)
00:00:16.087144   MCDT_NO - No MXCSR Config Dependent Timing issues       = 0 (0)
00:00:16.087145   UC_LOCK_DIS - Supports UC-lock disable and causing #AC  = 0 (0)
00:00:16.087145   MONITOR_MITG_NO - No MONITOR/UMONITOR power issues      = 0 (0)
00:00:16.087145 Processor Extended State Enumeration (leaf 0xd):
00:00:16.087146    XSAVE area cur/max size by XCR0, Guest: 0x340/0x340
00:00:16.087146    XSAVE area cur/max size by XCR0,  Host: 0x340/0xa88
00:00:16.087147                    Valid XCR0 bits, Guest: 0x00000000`00000007 ( x87 SSE YMM_Hi128 )
00:00:16.087148                    Valid XCR0 bits,  Host: 0x00000000`00000207 ( x87 SSE YMM_Hi128 9 )
00:00:16.087149                     XSAVE features, Guest
00:00:16.087150                     XSAVE features,  Host XSAVEOPT XSAVEC XGETBC1 XSAVES
00:00:16.087150       XSAVE area cur size XCR0|XSS, Guest: 0x3d0
00:00:16.087151       XSAVE area cur size XCR0|XSS,  Host: 0x3d0
00:00:16.087151                Valid IA32_XSS bits, Guest: 0x00000000`00000000
00:00:16.087151                Valid IA32_XSS bits,  Host: 0x00019900`00000000 ( 40 43 44 47 48 )
00:00:16.087152   State #2, Guest: off=0x0240, cb=0x0100 IA32_XSS-bit -- YMM_Hi128
00:00:16.087154   State #2,  Host:  off=0x0240, cb=0x0100 IA32_XSS-bit -- YMM_Hi128
00:00:16.087155   State #8,  Host:  off=0x0000, cb=0x0080 XCR0-bit -- 8
00:00:16.087155   State #9,  Host:  off=0x0a80, cb=0x0008 IA32_XSS-bit -- 9
00:00:16.087156   State #11,  Host:  off=0x0000, cb=0x0010 XCR0-bit -- 11
00:00:16.087156   State #12,  Host:  off=0x0000, cb=0x0018 XCR0-bit -- 12
00:00:16.087157   State #15,  Host:  off=0x0000, cb=0x0328 XCR0-bit -- 15
00:00:16.087157   State #16,  Host:  off=0x0000, cb=0x0008 XCR0-bit -- 16
00:00:16.087160          Raw Hypervisor CPUID Leaves
00:00:16.087161      Leaf/sub-leaf  eax      ebx      ecx      edx
00:00:16.087161 Gst: 40000000/0000  40000001 4b4d564b 564b4d56 0000004d
00:00:16.087161 Gst: 40000001/0000  01000089 00000000 00000000 00000000
00:00:16.087162          Raw Extended CPUID Leaves
00:00:16.087162      Leaf/sub-leaf  eax      ebx      ecx      edx
00:00:16.087162 Gst: 80000000/0000  80000008 00000000 00000000 00000000
00:00:16.087163 Hst:                80000008 00000000 00000000 00000000
00:00:16.087163 Gst: 80000001/0000  00000000 00000000 00000121 28100800
00:00:16.087163 Hst:                00000000 00000000 00000121 2c100800
00:00:16.087164 Gst: 80000002/0000  68743231 6e654720 746e4920 52286c65
00:00:16.087164 Hst:                68743231 6e654720 746e4920 52286c65
00:00:16.087165 Gst: 80000003/0000  6f432029 54286572 6920294d 32312d37
00:00:16.087165 Hst:                6f432029 54286572 6920294d 32312d37
00:00:16.087165 Gst: 80000004/0000  48303037 00000000 00000000 00000000
00:00:16.087166 Hst:                48303037 00000000 00000000 00000000
00:00:16.087166 Gst: 80000005/0000  00000000 00000000 00000000 00000000
00:00:16.087166 Hst:                00000000 00000000 00000000 00000000
00:00:16.087167 Gst: 80000006/0000  00000000 00000000 05007040 00000000
00:00:16.087167 Hst:                00000000 00000000 05007040 00000000
00:00:16.087167 Gst: 80000007/0000  00000000 00000000 00000000 00000100
00:00:16.087168 Hst:                00000000 00000000 00000000 00000100
00:00:16.087168 Gst: 80000008/0000  00003027 00000000 00000000 00000000
00:00:16.087168 Hst:                00003027 00000000 00000000 00000000
00:00:16.087169 Ext Name:                        
00:00:16.087169 Ext Supports:                    0x80000000-0x80000008
00:00:16.087169 Family:                          0  	Extended: 0 	Effective: 0
00:00:16.087170 Model:                           0  	Extended: 0 	Effective: 0
00:00:16.087170 Stepping:                        0
00:00:16.087170 Brand ID:                        0x000
00:00:16.087170 Ext Features
00:00:16.087170   Mnemonic - Description                                  = Guest (Host)
00:00:16.087171   FPU - x87 FPU on Chip                                   = 0 (0)
00:00:16.087172   VME - Virtual 8086 Mode Enhancements                    = 0 (0)
00:00:16.087172   DE - Debugging extensions                               = 0 (0)
00:00:16.087173   PSE - Page Size Extension                               = 0 (0)
00:00:16.087173   TSC - Time Stamp Counter                                = 0 (0)
00:00:16.087175   MSR - K86 Model Specific Registers                      = 0 (0)
00:00:16.087175   PAE - Physical Address Extension                        = 0 (0)
00:00:16.087176   MCE - Machine Check Exception                           = 0 (0)
00:00:16.087176   CX8 - CMPXCHG8B instruction                             = 0 (0)
00:00:16.087176   APIC - APIC On-Chip                                     = 0 (0)
00:00:16.087177   SEP - SYSCALL/SYSRET                                    = 1 (1)
00:00:16.087178   MTRR - Memory Type Range Registers                      = 0 (0)
00:00:16.087178   PGE - PTE Global Bit                                    = 0 (0)
00:00:16.087178   MCA - Machine Check Architecture                        = 0 (0)
00:00:16.087179   CMOV - Conditional Move instructions                    = 0 (0)
00:00:16.087179   PAT - Page Attribute Table                              = 0 (0)
00:00:16.087180   PSE-36 - 36-bit Page Size Extension                     = 0 (0)
00:00:16.087180   NX - No-Execute/Execute-Disable                         = 1 (1)
00:00:16.087181   AXMMX - AMD Extensions to MMX instructions              = 0 (0)
00:00:16.087181   MMX - Intel MMX Technology                              = 0 (0)
00:00:16.087182   FXSR - FXSAVE and FXRSTOR Instructions                  = 0 (0)
00:00:16.087182   FFXSR - AMD fast FXSAVE and FXRSTOR instructions        = 0 (0)
00:00:16.087183   Page1GB - 1 GB large page                               = 0 (1)
00:00:16.087183   RDTSCP - RDTSCP instruction                             = 1 (1)
00:00:16.087184   LM - AMD64 Long Mode                                    = 1 (1)
00:00:16.087184   3DNOWEXT - AMD Extensions to 3DNow                      = 0 (0)
00:00:16.087185   3DNOW - AMD 3DNow                                       = 0 (0)
00:00:16.087185   LahfSahf - LAHF/SAHF support in 64-bit mode             = 1 (1)
00:00:16.087186   CmpLegacy - Core multi-processing legacy mode           = 0 (0)
00:00:16.087186   SVM - AMD Secure Virtual Machine extensions             = 0 (0)
00:00:16.087187   EXTAPIC - AMD Extended APIC registers                   = 0 (0)
00:00:16.087187   CR8L - AMD LOCK MOV CR0 means MOV CR8                   = 0 (0)
00:00:16.087187   ABM - AMD Advanced Bit Manipulation                     = 1 (1)
00:00:16.087188   SSE4A - SSE4A instructions                              = 0 (0)
00:00:16.087188   MISALIGNSSE - AMD Misaligned SSE mode                   = 0 (0)
00:00:16.087189   3DNOWPRF - AMD PREFETCH and PREFETCHW instructions      = 1 (1)
00:00:16.087189   OSVW - AMD OS Visible Workaround                        = 0 (0)
00:00:16.087190   IBS - Instruct Based Sampling                           = 0 (0)
00:00:16.087190   XOP - Extended Operation support                        = 0 (0)
00:00:16.087190   SKINIT - SKINIT, STGI, and DEV support                  = 0 (0)
00:00:16.087191   WDT - AMD Watchdog Timer support                        = 0 (0)
00:00:16.087191   LWP - Lightweight Profiling support                     = 0 (0)
00:00:16.087192   FMA4 - Four operand FMA instruction support             = 0 (0)
00:00:16.087192   TCE - Translation Cache Extension support               = 0 (0)
00:00:16.087193   NodeId - NodeId in MSR C001_100C                        = 0 (0)
00:00:16.087193   TBM - Trailing Bit Manipulation instructions            = 0 (0)
00:00:16.087193   TOPOEXT - Topology Extensions                           = 0 (0)
00:00:16.087194   PRFEXTCORE - Performance Counter Extensions support     = 0 (0)
00:00:16.087194   PRFEXTNB - NB Performance Counter Extensions support    = 0 (0)
00:00:16.087195   DATABPEXT - Data-access Breakpoint Extension            = 0 (0)
00:00:16.087195   PERFTSC - Performance Time Stamp Counter                = 0 (0)
00:00:16.087196   PCX_L2I - L2I/L3 Performance Counter Extensions         = 0 (0)
00:00:16.087196   MONITORX - MWAITX and MONITORX instructions             = 0 (0)
00:00:16.087196   AddrMaskExt - BP Addressing masking extended to bit 31  = 0 (0)
00:00:16.087197 Full Name:                       "12th Gen Intel(R) Core(TM) i7-12700H"
00:00:16.087197 TLB 2/4M Instr/Uni:              res0     0 entries
00:00:16.087197 TLB 2/4M Data:                   res0     0 entries
00:00:16.087198 TLB 4K Instr/Uni:                res0     0 entries
00:00:16.087198 TLB 4K Data:                     res0     0 entries
00:00:16.087198 L1 Instr Cache Line Size:        0 bytes
00:00:16.087198 L1 Instr Cache Lines Per Tag:    0
00:00:16.087198 L1 Instr Cache Associativity:    res0  
00:00:16.087199 L1 Instr Cache Size:             0 KB
00:00:16.087199 L1 Data Cache Line Size:         0 bytes
00:00:16.087199 L1 Data Cache Lines Per Tag:     0
00:00:16.087199 L1 Data Cache Associativity:     res0  
00:00:16.087199 L1 Data Cache Size:              0 KB
00:00:16.087200 L2 TLB 2/4M Instr/Uni:           off       0 entries
00:00:16.087200 L2 TLB 2/4M Data:                off       0 entries
00:00:16.087200 L2 TLB 4K Instr/Uni:             off       0 entries
00:00:16.087200 L2 TLB 4K Data:                  off       0 entries
00:00:16.087200 L2 Cache Line Size:              64 bytes
00:00:16.087201 L2 Cache Lines Per Tag:          0
00:00:16.087201 L2 Cache Associativity:          res7  
00:00:16.087201 L2 Cache Size:                   1280 KB
00:00:16.087201 L3 Cache Line Size:              0 bytes
00:00:16.087201 L3 Cache Lines Per Tag:          0
00:00:16.087201 L3 Cache Associativity:          off   
00:00:16.087201 L3 Cache Size:                   0 KB
00:00:16.087202 APM Features EDX
00:00:16.087202   Mnemonic - Description                                  = Guest (Host)
00:00:16.087203   TS - Temperature Sensor                                 = 0 (0)
00:00:16.087204   FID - Frequency ID control                              = 0 (0)
00:00:16.087205   VID - Voltage ID control                                = 0 (0)
00:00:16.087205   TTP - Thermal Trip                                      = 0 (0)
00:00:16.087206   TM - Hardware Thermal Control (HTC)                     = 0 (0)
00:00:16.087206   100MHzSteps - 100 MHz Multiplier control                = 0 (0)
00:00:16.087206   HwPstate - Hardware P-state control                     = 0 (0)
00:00:16.087207   TscInvariant - Invariant Time Stamp Counter             = 1 (1)
00:00:16.087207   CPB - Core Performance Boost                            = 0 (0)
00:00:16.087208   EffFreqRO - Read-only Effective Frequency Interface     = 0 (0)
00:00:16.087208   ProcFdbkIf - Processor Feedback Interface               = 0 (0)
00:00:16.087209   ProcPwrRep - Core power reporting interface support     = 0 (0)
00:00:16.087209   ConnectedStandby - Connected Standby                    = 0 (0)
00:00:16.087209   RAPL - Running average power limit                      = 0 (0)
00:00:16.087210 Physical Address Width:          39 bits
00:00:16.087210 Virtual Address Width:           48 bits
00:00:16.087212 Max page count for INVLPGB:      0x3027
00:00:16.087212 Max ECX for RDPRU:               0x0
00:00:16.087213 ********************* End of CPUID dump *********************
00:00:16.087216 *********************** VT-x features ***********************
00:00:16.087218 Nested hardware virtualization - VMX features
00:00:16.087218   Mnemonic - Description                                  = guest (host)
00:00:16.087218   VMX - Virtual-Machine Extensions                        = 1 (1)
00:00:16.087218   InsOutInfo - INS/OUTS instruction info.                 = 1 (1)
00:00:16.087219   ExtIntExit - External interrupt exiting                 = 1 (1)
00:00:16.087219   NmiExit - NMI exiting                                   = 1 (1)
00:00:16.087219   VirtNmi - Virtual NMIs                                  = 1 (1)
00:00:16.087219   PreemptTimer - VMX preemption timer                     = 0 (1)
00:00:16.087219   PostedInt - Posted interrupts                           = 0 (1)
00:00:16.087220   IntWindowExit - Interrupt-window exiting                = 1 (1)
00:00:16.087220   TscOffsetting - TSC offsetting                          = 1 (1)
00:00:16.087220   HltExit - HLT exiting                                   = 1 (1)
00:00:16.087220   InvlpgExit - INVLPG exiting                             = 1 (1)
00:00:16.087221   MwaitExit - MWAIT exiting                               = 1 (1)
00:00:16.087221   RdpmcExit - RDPMC exiting                               = 1 (1)
00:00:16.087221   RdtscExit - RDTSC exiting                               = 1 (1)
00:00:16.087221   Cr3LoadExit - CR3-load exiting                          = 1 (1)
00:00:16.087221   Cr3StoreExit - CR3-store exiting                        = 1 (1)
00:00:16.087222   TertiaryExecCtls - Activate tertiary controls           = 0 (1)
00:00:16.087222   Cr8LoadExit  - CR8-load exiting                         = 1 (1)
00:00:16.087222   Cr8StoreExit - CR8-store exiting                        = 1 (1)
00:00:16.087222   UseTprShadow - Use TPR shadow                           = 1 (1)
00:00:16.087223   NmiWindowExit - NMI-window exiting                      = 1 (1)
00:00:16.087223   MovDRxExit - Mov-DR exiting                             = 1 (1)
00:00:16.087223   UncondIoExit - Unconditional I/O exiting                = 1 (1)
00:00:16.087223   UseIoBitmaps - Use I/O bitmaps                          = 1 (1)
00:00:16.087223   MonitorTrapFlag - Monitor Trap Flag                     = 0 (1)
00:00:16.087224   UseMsrBitmaps - MSR bitmaps                             = 1 (1)
00:00:16.087224   MonitorExit - MONITOR exiting                           = 1 (1)
00:00:16.087224   PauseExit - PAUSE exiting                               = 1 (1)
00:00:16.087224   SecondaryExecCtl - Activate secondary controls          = 1 (1)
00:00:16.087225   VirtApic - Virtualize-APIC accesses                     = 1 (1)
00:00:16.087225   Ept - Extended Page Tables                              = 1 (1)
00:00:16.087225   DescTableExit - Descriptor-table exiting                = 1 (1)
00:00:16.087225   Rdtscp - Enable RDTSCP                                  = 1 (1)
00:00:16.087225   VirtX2ApicMode - Virtualize-x2APIC mode                 = 0 (1)
00:00:16.087226   Vpid - Enable VPID                                      = 1 (1)
00:00:16.087226   WbinvdExit - WBINVD exiting                             = 1 (1)
00:00:16.087226   UnrestrictedGuest - Unrestricted guest                  = 1 (1)
00:00:16.087226   ApicRegVirt - APIC-register virtualization              = 0 (1)
00:00:16.087227   VirtIntDelivery - Virtual-interrupt delivery            = 0 (1)
00:00:16.087227   PauseLoopExit - PAUSE-loop exiting                      = 1 (1)
00:00:16.087227   RdrandExit - RDRAND exiting                             = 1 (1)
00:00:16.087227   Invpcid - Enable INVPCID                                = 1 (1)
00:00:16.087227   VmFuncs - Enable VM Functions                           = 0 (1)
00:00:16.087228   VmcsShadowing - VMCS shadowing                          = 0 (1)
00:00:16.087228   RdseedExiting - RDSEED exiting                          = 1 (1)
00:00:16.087228   PML - Page-Modification Log                             = 0 (0)
00:00:16.087229   EptVe - EPT violations can cause #VE                    = 0 (1)
00:00:16.087230   ConcealVmxFromPt - Conceal VMX from Processor Trace     = 0 (1)
00:00:16.087230   XsavesXRstors - Enable XSAVES/XRSTORS                   = 0 (1)
00:00:16.087230   PasidTranslate - PASID translation                      = 0 (0)
00:00:16.087230   ModeBasedExecuteEpt - Mode-based execute permissions    = 0 (1)
00:00:16.087231   SppEpt - Sub-page page write permissions for EPT        = 0 (0)
00:00:16.087231   PtEpt - Processor Trace address' translatable by EPT    = 0 (1)
00:00:16.087231   UseTscScaling - Use TSC scaling                         = 0 (1)
00:00:16.087231   UserWaitPause - Enable TPAUSE, UMONITOR and UMWAIT      = 0 (1)
00:00:16.087231   Pconfig - Enable PCONFIG                                = 0 (0)
00:00:16.087232   EnclvExit - ENCLV exiting                               = 0 (0)
00:00:16.087232   BusLockDetect - VMM Bus-Lock detection                  = 0 (0)
00:00:16.087232   InstrTimeout - Instruction timeout                      = 0 (0)
00:00:16.087232   LoadIwKeyExit - LOADIWKEY exiting                       = 0 (1)
00:00:16.087233   HLAT - Hypervisor-managed linear-address translation    = 0 (0)
00:00:16.087233   EptPagingWrite - EPT paging-write                       = 0 (0)
00:00:16.087233   GstPagingVerify - Guest-paging verification             = 0 (0)
00:00:16.087233   IpiVirt - IPI virtualization                            = 0 (0)
00:00:16.087233   VirtSpecCtrl - Virtualize IA32_SPEC_CTRL                = 0 (0)
00:00:16.087234   EntryLoadDebugCtls - Load debug controls on VM-entry    = 1 (1)
00:00:16.087234   Ia32eModeGuest - IA-32e mode guest                      = 1 (1)
00:00:16.087234   EntryLoadEferMsr - Load IA32_EFER MSR on VM-entry       = 1 (1)
00:00:16.087234   EntryLoadPatMsr - Load IA32_PAT MSR on VM-entry         = 1 (1)
00:00:16.087235   ExitSaveDebugCtls - Save debug controls on VM-exit      = 1 (1)
00:00:16.087235   HostAddrSpaceSize - Host address-space size             = 1 (1)
00:00:16.087235   ExitAckExtInt - Acknowledge interrupt on VM-exit        = 1 (1)
00:00:16.087235   ExitSavePatMsr - Save IA32_PAT MSR on VM-exit           = 1 (1)
00:00:16.087235   ExitLoadPatMsr - Load IA32_PAT MSR on VM-exit           = 1 (1)
00:00:16.087236   ExitSaveEferMsr - Save IA32_EFER MSR on VM-exit         = 1 (1)
00:00:16.087236   ExitLoadEferMsr - Load IA32_EFER MSR on VM-exit         = 1 (1)
00:00:16.087236   SavePreemptTimer - Save VMX-preemption timer            = 0 (1)
00:00:16.087236   SecondaryExitCtls - Secondary VM-exit controls          = 0 (1)
00:00:16.087236   ExitSaveEferLma - Save IA32_EFER.LMA on VM-exit         = 1 (1)
00:00:16.087237   IntelPt - Intel Processor Trace in VMX operation        = 0 (1)
00:00:16.087237   VmwriteAll - VMWRITE to any supported VMCS field        = 0 (1)
00:00:16.087237   EntryInjectSoftInt - Inject softint. with 0-len instr.  = 1 (1)
00:00:16.087237 
00:00:16.087238 ******************* End of VT-x features ********************
00:00:16.087301 VMEmt: Halt method global1 (5)
00:00:16.087478 VMEmt: HaltedGlobal1 config: cNsSpinBlockThresholdCfg=50000
00:00:16.087542 Changing the VM state from 'CREATING' to 'CREATED'
00:00:16.088393 Changing the VM state from 'CREATED' to 'POWERING_ON'
00:00:16.088515 AIOMgr: Endpoints without assigned bandwidth groups:
00:00:16.088521 AIOMgr:     C:\Users\lenovo\VirtualBox VMs\EVE-COMM-VM\EVE-COMM-VM-0.vdi
00:00:16.088549 Changing the VM state from 'POWERING_ON' to 'RUNNING'
00:00:16.088553 Console: Machine state changed to 'Running'
00:00:16.090155 VMMDev: Guest Log: BIOS: VirtualBox 7.2.2
00:00:16.090226 PCI: Setting up resources and interrupts
00:00:16.090581 PIT: mode=2 count=0x10000 (65536) - 18.20 Hz (ch=0)
00:00:16.099694 VMMDev: Guest Log: CPUID EDX: 0x178bfbff
00:00:16.099921 AHCI#0: Reset the HBA
00:00:16.099945 AHCI#0: Port 0 reset
00:00:16.104304 GUI: UIMachineViewNormal::resendSizeHint: Restoring guest size-hint for screen 0 to 799x600
00:00:16.105893 GUI: UIMachineLogicNormal::sltCheckForRequestedVisualStateType: Requested-state=1, Machine-state=6
00:00:16.123151 Display::i_handleDisplayResize: uScreenId=0 pvVRAM=0000000000000000 w=720 h=400 bpp=0 cbLine=0x0 flags=0x0 origin=0,0
00:00:16.255742 AHCI#0: Port 1 reset
00:00:16.421138 AHCI#0: Port 2 reset
00:00:16.449228 GUI: UIMediumEnumerator: Medium-enumeration finished!
00:00:16.586228 AHCI#0: Port 3 reset
00:00:16.750515 AHCI#0: Port 4 reset
00:00:16.915256 AHCI#0: Port 5 reset
00:00:17.079962 AHCI#0: Port 6 reset
00:00:17.244794 AHCI#0: Port 7 reset
00:00:17.408818 AHCI#0: Port 8 reset
00:00:17.574360 AHCI#0: Port 9 reset
00:00:17.739410 AHCI#0: Port 10 reset
00:00:17.903638 AHCI#0: Port 11 reset
00:00:18.068767 AHCI#0: Port 12 reset
00:00:18.233139 AHCI#0: Port 13 reset
00:00:18.398884 AHCI#0: Port 14 reset
00:00:18.563207 AHCI#0: Port 15 reset
00:00:18.728555 AHCI#0: Port 16 reset
00:00:18.893272 AHCI#0: Port 17 reset
00:00:19.057390 AHCI#0: Port 18 reset
00:00:19.221698 AHCI#0: Port 19 reset
00:00:19.386859 AHCI#0: Port 20 reset
00:00:19.552179 AHCI#0: Port 21 reset
00:00:19.715947 AHCI#0: Port 22 reset
00:00:19.880468 AHCI#0: Port 23 reset
00:00:20.046804 AHCI#0: Port 24 reset
00:00:20.210945 AHCI#0: Port 25 reset
00:00:20.375571 AHCI#0: Port 26 reset
00:00:20.539844 AHCI#0: Port 27 reset
00:00:20.705320 AHCI#0: Port 28 reset
00:00:20.870060 AHCI#0: Port 29 reset
00:00:21.034983 VMMDev: Guest Log: BIOS: SCSI 0-ID#0: LCHS=6525/255/63 0x0000000006400000 sectors
00:00:21.035097 LsiLogic#0: 1/0/6 (Bus/Target/CDBLength) doesn't exist
00:00:21.035112 LsiLogic#0: Guest issued CDB {0x12, 0x0, 0x0, 0x0, 0x5, 0x0}
00:00:21.035132 LsiLogic#0: 2/0/6 (Bus/Target/CDBLength) doesn't exist
00:00:21.035134 LsiLogic#0: Guest issued CDB {0x12, 0x0, 0x0, 0x0, 0x5, 0x0}
00:00:21.035154 LsiLogic#0: 3/0/6 (Bus/Target/CDBLength) doesn't exist
00:00:21.035156 LsiLogic#0: Guest issued CDB {0x12, 0x0, 0x0, 0x0, 0x5, 0x0}
00:00:21.035178 LsiLogic#0: 4/0/6 (Bus/Target/CDBLength) doesn't exist
00:00:21.035181 LsiLogic#0: Guest issued CDB {0x12, 0x0, 0x0, 0x0, 0x5, 0x0}
00:00:21.035210 LsiLogic#0: 5/0/6 (Bus/Target/CDBLength) doesn't exist
00:00:21.035213 LsiLogic#0: Guest issued CDB {0x12, 0x0, 0x0, 0x0, 0x5, 0x0}
00:00:21.035235 LsiLogic#0: 6/0/6 (Bus/Target/CDBLength) doesn't exist
00:00:21.035238 LsiLogic#0: Guest issued CDB {0x12, 0x0, 0x0, 0x0, 0x5, 0x0}
00:00:21.035260 LsiLogic#0: 7/0/6 (Bus/Target/CDBLength) doesn't exist
00:00:21.035263 LsiLogic#0: Guest issued CDB {0x12, 0x0, 0x0, 0x0, 0x5, 0x0}
00:00:21.035285 LsiLogic#0: 8/0/6 (Bus/Target/CDBLength) doesn't exist
00:00:21.035288 LsiLogic#0: Guest issued CDB {0x12, 0x0, 0x0, 0x0, 0x5, 0x0}
00:00:21.035310 LsiLogic#0: 9/0/6 (Bus/Target/CDBLength) doesn't exist
00:00:21.035313 LsiLogic#0: Guest issued CDB {0x12, 0x0, 0x0, 0x0, 0x5, 0x0}
00:00:21.035335 LsiLogic#0: 10/0/6 (Bus/Target/CDBLength) doesn't exist
00:00:21.035338 LsiLogic#0: Guest issued CDB {0x12, 0x0, 0x0, 0x0, 0x5, 0x0}
00:00:21.035357 LsiLogic#0: 11/0/6 (Bus/Target/CDBLength) doesn't exist
00:00:21.035360 LsiLogic#0: Guest issued CDB {0x12, 0x0, 0x0, 0x0, 0x5, 0x0}
00:00:21.035379 LsiLogic#0: 12/0/6 (Bus/Target/CDBLength) doesn't exist
00:00:21.035381 LsiLogic#0: Guest issued CDB {0x12, 0x0, 0x0, 0x0, 0x5, 0x0}
00:00:21.035400 LsiLogic#0: 13/0/6 (Bus/Target/CDBLength) doesn't exist
00:00:21.035402 LsiLogic#0: Guest issued CDB {0x12, 0x0, 0x0, 0x0, 0x5, 0x0}
00:00:21.035421 LsiLogic#0: 14/0/6 (Bus/Target/CDBLength) doesn't exist
00:00:21.035423 LsiLogic#0: Guest issued CDB {0x12, 0x0, 0x0, 0x0, 0x5, 0x0}
00:00:21.035442 LsiLogic#0: 15/0/6 (Bus/Target/CDBLength) doesn't exist
00:00:21.035444 LsiLogic#0: Guest issued CDB {0x12, 0x0, 0x0, 0x0, 0x5, 0x0}
00:00:21.036769 PIT: mode=2 count=0x48d3 (18643) - 64.00 Hz (ch=0)
00:00:21.080150 Display::i_handleDisplayResize: uScreenId=0 pvVRAM=000001342ab50000 w=640 h=480 bpp=32 cbLine=0xA00 flags=0x0 origin=0,0
00:00:21.405338 GUI: UIMediumEnumerator: Medium-enumeration finished!
00:00:23.533868 PIT: mode=2 count=0x10000 (65536) - 18.20 Hz (ch=0)
00:00:23.534083 VMMDev: Guest Log: BIOS: Boot : bseqnr=1, bootseq=0231
00:00:23.534228 VMMDev: Guest Log: BIOS: Boot from Floppy 0 failed
00:00:23.534308 VMMDev: Guest Log: BIOS: Boot : bseqnr=2, bootseq=0023
00:00:23.534308 VMMDev: Guest Log: BIOS: CDROM boot failure code : 0002
00:00:23.534308 VMMDev: Guest Log: BIOS: Boot from CD-ROM failed
00:00:23.534818 VMMDev: Guest Log: BIOS: Boot : bseqnr=3, bootseq=0002
00:00:23.535816 Display::i_handleDisplayResize: uScreenId=0 pvVRAM=0000000000000000 w=720 h=400 bpp=0 cbLine=0x0 flags=0x0 origin=0,0
00:00:23.543384 VMMDev: Guest Log: BIOS: Booting from Hard Disk...
00:00:23.699203 Display::i_handleDisplayResize: uScreenId=0 pvVRAM=000001342ab50000 w=800 h=600 bpp=32 cbLine=0xC80 flags=0x0 origin=0,0
00:00:24.023725 GUI: UIMediumEnumerator: Medium-enumeration finished!
00:00:26.006908 Display::i_handleDisplayResize: uScreenId=0 pvVRAM=0000000000000000 w=720 h=400 bpp=0 cbLine=0x0 flags=0x0 origin=0,0
00:00:26.061184 Display::i_handleDisplayResize: uScreenId=0 pvVRAM=000001342ab50000 w=800 h=600 bpp=16 cbLine=0x640 flags=0x0 origin=0,0
00:00:26.129655 GIM: KVM: VCPU  0: Enabled system-time struct. at 0x00000001b7601000 - u32TscScale=0xbe79d740 i8TscShift=-1 uVersion=2 fFlags=0x1 uTsc=0x648a0a7c4 uVirtNanoTS=0x256726c84 TscKHz=2688002
00:00:26.129823 TM: Switching TSC mode from 'VirtTSCEmulated' to 'RealTSCOffset'
00:00:26.231890 GIM: KVM: Enabled wall-clock struct. at 0x00000001b7600000 - u32Sec=1765465155 u32Nano=240248473 uVersion=2
00:00:26.232064 PIT: mode=2 count=0x12a5 (4773) - 249.98 Hz (ch=0)
00:00:26.232232 APIC0: Switched mode to x2APIC
00:00:26.370277 PIT: mode=0 count=0x10000 (65536) - 18.20 Hz (ch=0)
00:00:26.370826 APIC1: Switched mode to x2APIC
00:00:26.370851 GIM: KVM: VCPU  1: Enabled system-time struct. at 0x00000001b7601040 - u32TscScale=0xbe79d740 i8TscShift=-1 uVersion=2 fFlags=0x1 uTsc=0x66f46ddff uVirtNanoTS=0x264d34d2c TscKHz=2688002
00:00:26.373398 APIC2: Switched mode to x2APIC
00:00:26.373412 GIM: KVM: VCPU  2: Enabled system-time struct. at 0x00000001b7601080 - u32TscScale=0xbe79d740 i8TscShift=-1 uVersion=2 fFlags=0x1 uTsc=0x66fb00cac uVirtNanoTS=0x264fa6e86 TscKHz=2688002
00:00:26.375867 APIC3: Switched mode to x2APIC
00:00:26.375881 GIM: KVM: VCPU  3: Enabled system-time struct. at 0x00000001b76010c0 - u32TscScale=0xbe79d740 i8TscShift=-1 uVersion=2 fFlags=0x1 uTsc=0x6701565e7 uVirtNanoTS=0x2652022c1 TscKHz=2688002
00:00:26.525732 OHCI: Software reset
00:00:26.900288 OHCI: USB Reset
00:00:27.033955 OHCI: Software reset
00:00:27.034068 OHCI: USB Operational
00:00:27.142177 OHCI: USB Suspended
00:00:27.588000 AHCI#0: Reset the HBA
00:00:28.167362 LsiLogic#0: 1/0/6 (Bus/Target/CDBLength) doesn't exist
00:00:28.167407 LsiLogic#0: Guest issued CDB {0x12, 0x0, 0x0, 0x0, 0x24, 0x0}
00:00:28.167734 LsiLogic#0: 2/0/6 (Bus/Target/CDBLength) doesn't exist
00:00:28.167769 LsiLogic#0: Guest issued CDB {0x12, 0x0, 0x0, 0x0, 0x24, 0x0}
00:00:28.168021 LsiLogic#0: 3/0/6 (Bus/Target/CDBLength) doesn't exist
00:00:28.168030 LsiLogic#0: Guest issued CDB {0x12, 0x0, 0x0, 0x0, 0x24, 0x0}
00:00:28.168265 LsiLogic#0: 4/0/6 (Bus/Target/CDBLength) doesn't exist
00:00:28.168273 LsiLogic#0: Guest issued CDB {0x12, 0x0, 0x0, 0x0, 0x24, 0x0}
00:00:28.168495 LsiLogic#0: 5/0/6 (Bus/Target/CDBLength) doesn't exist
00:00:28.168512 LsiLogic#0: Guest issued CDB {0x12, 0x0, 0x0, 0x0, 0x24, 0x0}
00:00:28.168719 LsiLogic#0: 6/0/6 (Bus/Target/CDBLength) doesn't exist
00:00:28.168729 LsiLogic#0: Guest issued CDB {0x12, 0x0, 0x0, 0x0, 0x24, 0x0}
00:00:28.168946 LsiLogic#0: 8/0/6 (Bus/Target/CDBLength) doesn't exist
00:00:28.168953 LsiLogic#0: Guest issued CDB {0x12, 0x0, 0x0, 0x0, 0x24, 0x0}
00:00:28.169161 LsiLogic#0: 9/0/6 (Bus/Target/CDBLength) doesn't exist
00:00:28.169168 LsiLogic#0: Guest issued CDB {0x12, 0x0, 0x0, 0x0, 0x24, 0x0}
00:00:28.169376 LsiLogic#0: 10/0/6 (Bus/Target/CDBLength) doesn't exist
00:00:28.169383 LsiLogic#0: Guest issued CDB {0x12, 0x0, 0x0, 0x0, 0x24, 0x0}
00:00:28.169593 LsiLogic#0: 11/0/6 (Bus/Target/CDBLength) doesn't exist
00:00:28.169600 LsiLogic#0: Guest issued CDB {0x12, 0x0, 0x0, 0x0, 0x24, 0x0}
00:00:28.169795 LsiLogic#0: 12/0/6 (Bus/Target/CDBLength) doesn't exist
00:00:28.169806 LsiLogic#0: Guest issued CDB {0x12, 0x0, 0x0, 0x0, 0x24, 0x0}
00:00:28.170024 LsiLogic#0: 13/0/6 (Bus/Target/CDBLength) doesn't exist
00:00:28.170031 LsiLogic#0: Guest issued CDB {0x12, 0x0, 0x0, 0x0, 0x24, 0x0}
00:00:28.170237 LsiLogic#0: 14/0/6 (Bus/Target/CDBLength) doesn't exist
00:00:28.170247 LsiLogic#0: Guest issued CDB {0x12, 0x0, 0x0, 0x0, 0x24, 0x0}
00:00:28.170458 LsiLogic#0: 15/0/6 (Bus/Target/CDBLength) doesn't exist
00:00:28.170466 LsiLogic#0: Guest issued CDB {0x12, 0x0, 0x0, 0x0, 0x24, 0x0}
00:00:38.414772 AIOMgr: Async flushes not supported
00:00:38.659793 IEM: rdmsr(0xc0010117) -> #GP(0)
00:00:38.659808 IEM: rdmsr(0x48) -> #GP(0)
00:00:38.661695 VMMDev: Guest Log: vboxguest: host-version: 7.2.2r170484 0x8000000f
00:00:38.661722 VMMDev: Guest Additions information report: Version 5.2.0 r68940 '5.2.0'
00:00:38.661741 VMMDev: Guest Additions information report: Interface = 0x00010004 osType = 0x00053100 (Linux >= 2.6, 64-bit)
00:00:38.661822 VMMDev: Guest Additions capability report: (0x0 -> 0x0) seamless: no, hostWindowMapping: no, graphics: no
00:00:38.661868 VMMDev: vmmDevReqHandler_HeartbeatConfigure: No change (fHeartbeatActive=false)
00:00:38.661877 VMMDev: Heartbeat flatline timer set to trigger after 4 000 000 000 ns
00:00:38.661959 GUI: UISession::sltAdditionsChange: GA state doesn't really changed, still notifying listeners.
00:00:38.661975 GUI: UIMachineLogicNormal::sltCheckForRequestedVisualStateType: Requested-state=1, Machine-state=6
00:00:38.661985 GUI: UISession::sltAdditionsChange: GA state doesn't really changed, still notifying listeners.
00:00:38.661989 GUI: UIMachineLogicNormal::sltCheckForRequestedVisualStateType: Requested-state=1, Machine-state=6
00:00:38.662154 VMMDev: Guest Log: vbg_heartbeat_init: Setting up heartbeat to trigger every 2000 milliseconds
00:00:38.662282 GUI: UISession::sltAdditionsChange: GA state really changed, notifying listeners.
00:00:38.664805 GUI: UIMachineViewNormal::adjustGuestScreenSize: Adjust guest-screen size if necessary
00:00:38.664829 GUI: UIMachineLogicNormal::sltCheckForRequestedVisualStateType: Requested-state=1, Machine-state=6
00:00:38.669955 VMMDev: Guest Log: vboxguest: misc device minor 54, IRQ 20, I/O port d020, MMIO at 0x00000000f0400000 (size 0x0000000000400000)
00:00:38.713192 Display::i_handleDisplayResize: uScreenId=0 pvVRAM=000001342ab50000 w=800 h=600 bpp=32 cbLine=0xC80 flags=0x1 origin=0,0
00:00:38.936842 AC97: Reset
00:00:38.936863 AC97: Mixer reset (EAID=0x809, EACS=0x9)
00:00:38.936867 AC97: Record select to left=mic, right=mic
00:00:38.936871 Audio Mixer: MUTING master volume of 'AC'97 Mixer' -- channel volumes: ff ff ff ff ff ff ff ff ff ff ff ff
00:00:38.936876 Audio Mixer: MUTING sink 'AC'97 Mixer/Line In' -- channel volumes: 00 00 00 00 00 00 00 00 00 00 00 00
00:00:38.936879 Audio Mixer: MUTING sink 'AC'97 Mixer/Microphone In' -- channel volumes: 00 00 00 00 00 00 00 00 00 00 00 00
00:00:38.936883 Audio Mixer: MUTING sink 'AC'97 Mixer/PCM Output' -- channel volumes: 00 00 00 00 00 00 00 00 00 00 00 00
00:00:38.936887 Audio Mixer: MUTING sink 'AC'97 Mixer/PCM Output' -- channel volumes: 00 00 00 00 00 00 00 00 00 00 00 00
00:00:38.936890 Audio Mixer: MUTING sink 'AC'97 Mixer/Line In' -- channel volumes: 00 00 00 00 00 00 00 00 00 00 00 00
00:00:38.936893 Audio Mixer: MUTING sink 'AC'97 Mixer/Line In' -- channel volumes: 00 00 00 00 00 00 00 00 00 00 00 00
00:00:38.936897 Audio Mixer: MUTING sink 'AC'97 Mixer/Microphone In' -- channel volumes: 00 00 00 00 00 00 00 00 00 00 00 00
00:00:38.936973 Audio Mixer: MUTING sink 'AC'97 Mixer/Line In' -- channel volumes: 00 00 00 00 00 00 00 00 00 00 00 00
00:00:38.936978 Audio Mixer: MUTING sink 'AC'97 Mixer/Line In' -- channel volumes: 00 00 00 00 00 00 00 00 00 00 00 00
00:00:38.937003 Audio Mixer: MUTING sink 'AC'97 Mixer/Line In' -- channel volumes: 00 00 00 00 00 00 00 00 00 00 00 00
00:00:38.937007 Audio Mixer: MUTING sink 'AC'97 Mixer/Line In' -- channel volumes: 00 00 00 00 00 00 00 00 00 00 00 00
00:00:38.937036 AC97: Reset
00:00:38.937039 AC97: Mixer reset (EAID=0x809, EACS=0x9)
00:00:38.937042 AC97: Record select to left=mic, right=mic
00:00:38.937044 Audio Mixer: MUTING master volume of 'AC'97 Mixer' -- channel volumes: ff ff ff ff ff ff ff ff ff ff ff ff
00:00:38.937048 Audio Mixer: MUTING sink 'AC'97 Mixer/Line In' -- channel volumes: 00 00 00 00 00 00 00 00 00 00 00 00
00:00:38.937051 Audio Mixer: MUTING sink 'AC'97 Mixer/Microphone In' -- channel volumes: 00 00 00 00 00 00 00 00 00 00 00 00
00:00:38.937054 Audio Mixer: MUTING sink 'AC'97 Mixer/PCM Output' -- channel volumes: 00 00 00 00 00 00 00 00 00 00 00 00
00:00:38.937058 Audio Mixer: MUTING sink 'AC'97 Mixer/PCM Output' -- channel volumes: 00 00 00 00 00 00 00 00 00 00 00 00
00:00:38.937061 Audio Mixer: MUTING sink 'AC'97 Mixer/Line In' -- channel volumes: 00 00 00 00 00 00 00 00 00 00 00 00
00:00:38.937064 Audio Mixer: MUTING sink 'AC'97 Mixer/Line In' -- channel volumes: 00 00 00 00 00 00 00 00 00 00 00 00
00:00:38.937068 Audio Mixer: MUTING sink 'AC'97 Mixer/Microphone In' -- channel volumes: 00 00 00 00 00 00 00 00 00 00 00 00
00:00:38.937537 Audio Mixer: Setting master volume of 'AC'97 Mixer' -- channel volumes: ff ff ff ff ff ff ff ff ff ff ff ff
00:00:38.937541 Audio Mixer: MUTING sink 'AC'97 Mixer/Line In' -- channel volumes: 00 00 00 00 00 00 00 00 00 00 00 00
00:00:38.937544 Audio Mixer: MUTING sink 'AC'97 Mixer/Microphone In' -- channel volumes: 00 00 00 00 00 00 00 00 00 00 00 00
00:00:38.937548 Audio Mixer: MUTING sink 'AC'97 Mixer/PCM Output' -- channel volumes: 00 00 00 00 00 00 00 00 00 00 00 00
00:00:38.937563 Audio Mixer: MUTING master volume of 'AC'97 Mixer' -- channel volumes: ff ff ff ff ff ff ff ff ff ff ff ff
00:00:38.937567 Audio Mixer: MUTING sink 'AC'97 Mixer/Line In' -- channel volumes: 00 00 00 00 00 00 00 00 00 00 00 00
00:00:38.937570 Audio Mixer: MUTING sink 'AC'97 Mixer/Microphone In' -- channel volumes: 00 00 00 00 00 00 00 00 00 00 00 00
00:00:38.937579 Audio Mixer: MUTING sink 'AC'97 Mixer/PCM Output' -- channel volumes: 00 00 00 00 00 00 00 00 00 00 00 00
00:00:38.937598 Audio Mixer: MUTING master volume of 'AC'97 Mixer' -- channel volumes: ff ff ff ff ff ff ff ff ff ff ff ff
00:00:38.937602 Audio Mixer: MUTING sink 'AC'97 Mixer/Line In' -- channel volumes: 00 00 00 00 00 00 00 00 00 00 00 00
00:00:38.937606 Audio Mixer: MUTING sink 'AC'97 Mixer/Microphone In' -- channel volumes: 00 00 00 00 00 00 00 00 00 00 00 00
00:00:38.937609 Audio Mixer: MUTING sink 'AC'97 Mixer/PCM Output' -- channel volumes: 00 00 00 00 00 00 00 00 00 00 00 00
00:00:38.937619 Audio Mixer: MUTING master volume of 'AC'97 Mixer' -- channel volumes: 83 83 83 83 83 83 83 83 83 83 83 83
00:00:38.937623 Audio Mixer: MUTING sink 'AC'97 Mixer/Line In' -- channel volumes: 00 00 00 00 00 00 00 00 00 00 00 00
00:00:38.937626 Audio Mixer: MUTING sink 'AC'97 Mixer/Microphone In' -- channel volumes: 00 00 00 00 00 00 00 00 00 00 00 00
00:00:38.937630 Audio Mixer: MUTING sink 'AC'97 Mixer/PCM Output' -- channel volumes: 00 00 00 00 00 00 00 00 00 00 00 00
00:00:38.937650 Audio Mixer: MUTING master volume of 'AC'97 Mixer' -- channel volumes: bf bf bf bf bf bf bf bf bf bf bf bf
00:00:38.937653 Audio Mixer: MUTING sink 'AC'97 Mixer/Line In' -- channel volumes: 00 00 00 00 00 00 00 00 00 00 00 00
00:00:38.937657 Audio Mixer: MUTING sink 'AC'97 Mixer/Microphone In' -- channel volumes: 00 00 00 00 00 00 00 00 00 00 00 00
00:00:38.937660 Audio Mixer: MUTING sink 'AC'97 Mixer/PCM Output' -- channel volumes: 00 00 00 00 00 00 00 00 00 00 00 00
00:00:38.937686 Audio Mixer: MUTING master volume of 'AC'97 Mixer' -- channel volumes: 83 83 83 83 83 83 83 83 83 83 83 83
00:00:38.937689 Audio Mixer: MUTING sink 'AC'97 Mixer/Line In' -- channel volumes: 00 00 00 00 00 00 00 00 00 00 00 00
00:00:38.937693 Audio Mixer: MUTING sink 'AC'97 Mixer/Microphone In' -- channel volumes: 00 00 00 00 00 00 00 00 00 00 00 00
00:00:38.937707 Audio Mixer: MUTING sink 'AC'97 Mixer/PCM Output' -- channel volumes: 00 00 00 00 00 00 00 00 00 00 00 00
00:00:38.938157 Audio Mixer: MUTING sink 'AC'97 Mixer/PCM Output' -- channel volumes: 00 00 00 00 00 00 00 00 00 00 00 00
00:00:38.938172 Audio Mixer: MUTING sink 'AC'97 Mixer/PCM Output' -- channel volumes: 00 00 00 00 00 00 00 00 00 00 00 00
00:00:38.938188 Audio Mixer: MUTING sink 'AC'97 Mixer/PCM Output' -- channel volumes: 00 00 00 00 00 00 00 00 00 00 00 00
00:00:38.938198 Audio Mixer: MUTING sink 'AC'97 Mixer/PCM Output' -- channel volumes: 00 00 00 00 00 00 00 00 00 00 00 00
00:00:38.938224 Audio Mixer: MUTING sink 'AC'97 Mixer/PCM Output' -- channel volumes: 00 00 00 00 00 00 00 00 00 00 00 00
00:00:38.938239 Audio Mixer: MUTING sink 'AC'97 Mixer/Line In' -- channel volumes: 00 00 00 00 00 00 00 00 00 00 00 00
00:00:38.938243 Audio Mixer: MUTING sink 'AC'97 Mixer/Line In' -- channel volumes: 00 00 00 00 00 00 00 00 00 00 00 00
00:00:38.938258 Audio Mixer: MUTING sink 'AC'97 Mixer/Line In' -- channel volumes: 00 00 00 00 00 00 00 00 00 00 00 00
00:00:38.938262 Audio Mixer: MUTING sink 'AC'97 Mixer/Line In' -- channel volumes: 00 00 00 00 00 00 00 00 00 00 00 00
00:00:38.938277 Audio Mixer: MUTING sink 'AC'97 Mixer/Line In' -- channel volumes: 00 00 00 00 00 00 00 00 00 00 00 00
00:00:38.938281 Audio Mixer: MUTING sink 'AC'97 Mixer/Line In' -- channel volumes: 00 00 00 00 00 00 00 00 00 00 00 00
00:00:38.938292 AC97: Record select to left=mic, right=mic
00:00:38.938302 Audio Mixer: MUTING sink 'AC'97 Mixer/Line In' -- channel volumes: 00 00 00 00 00 00 00 00 00 00 00 00
00:00:38.938305 Audio Mixer: MUTING sink 'AC'97 Mixer/Line In' -- channel volumes: 00 00 00 00 00 00 00 00 00 00 00 00
00:00:38.938646 WasAPI: Looking up or creating cache entry (caching is set to enabled, iface 000001341f6e28a0, async init)
00:00:38.938706 Audio: Warning: Scheduling hint of stream '[WasAPI] Output:0' is bigger (140711718551557ms) than used period size (1322849927168ms)
00:02:07.018895 
00:02:07.018896 !!R0-Assertion Failed!!
00:02:07.018896 Expression: <NULL>
00:02:07.018896 Location  : D:\tinderbox\win-rel\src\VBox\VMM\VMMAll\PGMAllPool.cpp(4469) void __cdecl pgmPoolTracDerefGCPhys(struct PGMPOOL *,struct PGMPOOLPAGE *,unsigned __int64,unsigned __int64,unsigned short)
00:02:07.018928 HCPhys=000000039fae5000 GCPhys=0000000000000000; found page has HCPhys=00000003eb4ed000 iPte=6 fIsNested=true
00:02:07.018939 Changing the VM state from 'RUNNING' to 'GURU_MEDITATION'
00:02:07.018952 Console: Machine state changed to 'Stuck'
00:02:07.019139 !!!!!!!!!!!!!!!!!!!!!!!!!!!!!!!!!!!!!!!!!!!!!!!!!!!!!!!!!!!!!!!!!!!!!!
00:02:07.019139 !!
00:02:07.019139 !!         VCPU3: Guru Meditation -2701 (VERR_VMM_RING0_ASSERTION)
00:02:07.019144 !!
00:02:07.019146 !!R0-Assertion Failed!!
00:02:07.019146 Expression: <NULL>
00:02:07.019146 Location  : D:\tinderbox\win-rel\src\VBox\VMM\VMMAll\PGMAllPool.cpp(4469) void __cdecl pgmPoolTracDerefGCPhys(struct PGMPOOL *,struct PGMPOOLPAGE *,unsigned __int64,unsigned __int64,unsigned short)
00:02:07.019146 HCPhys=000000039fae5000 GCPhys=0000000000000000; found page has HCPhys=00000003eb4ed000 iPte=6 fIsNested=true
00:02:07.019147 !!
00:02:07.019147 !! AssertJmpBuf:
00:02:07.019147 !!
00:02:07.019147 UnwindSp=ffff830cb7a66e10 UnwindRetSp=ffff830cb7a66ee8 UnwindBp=ffff830cb7a66ef0 UnwindPc=fffff80275391a05
00:02:07.019150 UnwindRetPcValue=fffff802753f38b1 UnwindRetPcLocation=ffff830cb7a67588
00:02:07.019151 pfn=fffff802753fd440 pvUser1=ffffbc7f8ba00000 pvUser2=ffffbc7f8bc7c000
00:02:07.019153 rax=volatile         rbx=0000000000000000 rcx=volatile         rdx=volatile
00:02:07.019153 rsi=0000000000000000 rdi=0000000000000000  r8=volatile          r9=volatile        
00:02:07.019153 r10=volatile         r11=volatile         r12=0000000000000000 r13=0000000000000000
00:02:07.019154 r14=0000000000000000 r15=0000000000000000
00:02:07.019154 rip=0000000000000000 rsp=ffff830cb7a66ee8 rbp=0000000000000000 rfl=00000000
00:02:07.021824 !!
00:02:07.021824 !! Call Stack:
00:02:07.021825 !!
00:02:07.021825 RBP              Ret RBP          Ret RIP          RIP              Symbol [line]
00:02:07.021826 0000000000000000 0000000000000000 0000000000000000 fffff80275391a05 vmmr0.r0!start_seg1_.text+a05
00:02:07.021831      rbx=0000000000000000
00:02:07.021832      rbp=0000000000000000
00:02:07.021833      rsi=0000000000000000
00:02:07.021833      rdi=0000000000000000
00:02:07.021834      r12=0000000000000000
00:02:07.021834      r13=0000000000000000
00:02:07.021834      r14=0000000000000000
00:02:07.021835      r15=0000000000000000
00:02:07.021835 0000000000000000 0000000000000000 0000000000000000 0000000000000000
00:02:07.021837 !!
00:02:07.021837 !! Addresses on the stack (iAddr=0x0, iEnd=0x0)
00:02:07.021838 !!
00:02:07.021838 !!
00:02:07.021838 !! Raw stack (mind the direction).
00:02:07.021838 !! pbEMTStackR0=ffff830cb7a66e10 cbRawStack=0x0
00:02:07.021839 !! pbEmtStackR3=0000013427e2cea8
00:02:07.021839 !!
00:02:07.021840 
00:02:07.021841 !!
00:02:07.021841 !! {mappings, <NULL>}
00:02:07.021841 !!
00:02:07.021849 !!
00:02:07.021849 !! {hma, <NULL>}
00:02:07.021849 !!
00:02:07.021849 !!
00:02:07.021850 !! {cpumguest, verbose}
00:02:07.021850 !!
00:02:07.021853 Guest CPUM (VCPU 0) state: 
00:02:07.021860 rax=00000000628a0000 rbx=00007f58730ff000 rcx=00007f5889a39010 rdx=00000000628a0000
00:02:07.021862 rsi=0000000000000a58 rdi=0000000001f8e620 r8 =00007f5886eb2cae r9 =00007f5885953e10
00:02:07.021863 r10=0000000001f98ce0 r11=0000000001f8e830 r12=00000000000016b5 r13=0000000000000000
00:02:07.021863 r14=0000000060755f00 r15=0000000001f8e830
00:02:07.021863 rip=00007f5887ffb647 rsp=00007f5885953e68 rbp=0000000000000000 iopl=0  iopl=0 nv up ei pl nz na pe nc
00:02:07.021864 cs={0033 base=0000000000000000 limit=ffffffff flags=0000a0fb}
00:02:07.021865 ds={0000 base=0000000000000000 limit=ffffffff flags=0001c000}
00:02:07.021865 es={0000 base=0000000000000000 limit=ffffffff flags=0001c000}
00:02:07.021866 fs={0000 base=00007f5885954700 limit=ffffffff flags=0001c000}
00:02:07.021866 gs={0000 base=0000000000000000 limit=ffffffff flags=0001c000}
00:02:07.021866 ss={002b base=0000000000000000 limit=ffffffff flags=0000c0f3}
00:02:07.021867 cr0=0000000080050033 cr2=000055fd19e15a00 cr3=000000021492c002 cr4=00000000000626f0
00:02:07.021867 dr0=0000000000000000 dr1=0000000000000000 dr2=0000000000000000 dr3=0000000000000000
00:02:07.021868 dr4=0000000000000000 dr5=0000000000000000 dr6=00000000ffff0ff0 dr7=0000000000000400
00:02:07.021868 gdtr=fffffe0000001000:007f  idtr=fffffe0000000000:0fff  eflags=00000202
00:02:07.021869 ldtr={0000 base=00000000 limit=ffffffff flags=0001c000}
00:02:07.021870 tr  ={0040 base=fffffe0000003000 limit=0000206f flags=0000008b}
00:02:07.021870 SysEnter={cs=0010 eip=ffffffff9ca01520 esp=fffffe0000002200}
00:02:07.021877 xcr=0000000000000007 xcr1=0000000000000000 xss=0000000000000000 (fXStateMask=0000000000000007)
00:02:07.021878 FCW=037f FSW=0000 FTW=0000 FOP=0000 MXCSR=00001f80 MXCSR_MASK=0000ffff
00:02:07.021879 FPUIP=00000000 CS=0000 Rsrvd1=0000  FPUDP=00000000 DS=0000 Rsvrd2=0000
00:02:07.021881 ST(0)=FPR0={0000'00000000'00000000} t0 +0.0000000000000000000000 * 2 ^ -16383 (*)
00:02:07.021883 ST(1)=FPR1={0000'00000000'00000000} t0 +0.0000000000000000000000 * 2 ^ -16383 (*)
00:02:07.021884 ST(2)=FPR2={0000'00000000'00000000} t0 +0.0000000000000000000000 * 2 ^ -16383 (*)
00:02:07.021885 ST(3)=FPR3={0000'00000000'00000000} t0 +0.0000000000000000000000 * 2 ^ -16383 (*)
00:02:07.021886 ST(4)=FPR4={0000'00000000'00000000} t0 +0.0000000000000000000000 * 2 ^ -16383 (*)
00:02:07.021887 ST(5)=FPR5={0000'00000000'00000000} t0 +0.0000000000000000000000 * 2 ^ -16383 (*)
00:02:07.021888 ST(6)=FPR6={0000'00000000'00000000} t0 +0.0000000000000000000000 * 2 ^ -16383 (*)
00:02:07.021889 ST(7)=FPR7={0000'00000000'00000000} t0 +0.0000000000000000000000 * 2 ^ -16383 (*)
00:02:07.021889 YMM0 =00000000'00000000'00000000'00000000'00000000'00000000'00000000'00000000
00:02:07.021905 YMM1 =00000000'00000000'00000000'00000000'25252525'25252525'25252525'25252525
00:02:07.021906 YMM2 =00000000'00000000'00000000'00000000'00000000'00000000'00000000'00000000
00:02:07.021907 YMM3 =00000000'00000000'00000000'00000000'00000000'00000000'00000000'00000000
00:02:07.021908 YMM4 =00000000'00000000'00000000'00000000'00000000'00000000'000000ff'ffffff00
00:02:07.021909 YMM5 =00000000'00000000'00000000'00000000'4100ffff'ffffffff'ffffc508'00307043
00:02:07.021911 YMM6 =00000000'00000000'00000000'00000000'ffffffff'ffffffff'ffffffff'02ff0101
00:02:07.021912 YMM7 =00000000'00000000'00000000'00000000'00000000'00000000'00000000'00000000
00:02:07.021913 YMM8 =00000000'00000000'00000000'00000000'58095858'58585858'58585858'c18b04ff
00:02:07.021914 YMM9 =00000000'00000000'00000000'00000000'30854244'1302003f'0320c046'02596140
00:02:07.021915 YMM10=00000000'00000000'00000000'00000000'ffffffff'08ffffc4'ffff80ff'82061c10
00:02:07.021917 YMM11=00000000'00000000'00000000'00000000'4654c28b'04ff03ff'ffffffff'ff81ffff
00:02:07.021918 YMM12=00000000'00000000'00000000'00000000'5c6f1319'060059c3'304d3557'39345830
00:02:07.021919 YMM13=00000000'00000000'00000000'00000000'4100ffff'ffffffff'ffffc508'00307043
00:02:07.021920 YMM14=00000000'00000000'00000000'00000000'ffffffff'ffffffff'ffffffff'02ff0101
00:02:07.021922 YMM15=00000000'00000000'00000000'00000000'ffffffff'ffffffff'ffffffff'ffffffff
00:02:07.021925 EFER         =0000000000000d01
00:02:07.021925 PAT          =0407050600070106
00:02:07.021925 STAR         =0023001000000000
00:02:07.021926 CSTAR        =ffffffff9ca015c0
00:02:07.021926 LSTAR        =ffffffff9ca00010
00:02:07.021926 SFMASK       =0000000000047700
00:02:07.021926 KERNELGSBASE =ffff8a2ed7a00000
00:02:07.021928 MTRR_CAP          =0000000000000510
00:02:07.021928 MTRR_DEF_TYPE     =0000000000000c00
00:02:07.021928 MTRR_FIX64K_00000 =0606060606060606
00:02:07.021928 MTRR_FIX16K_80000 =0606060606060606
00:02:07.021929 MTRR_FIX16K_A0000 =0000000000000000
00:02:07.021929 MTRR_FIX4K_C0000  =0505050505050505
00:02:07.021929 MTRR_FIX4K_C8000  =0505050505050505
00:02:07.021929 MTRR_FIX4K_D0000  =0505050505050505
00:02:07.021929 MTRR_FIX4K_D8000  =0505050505050505
00:02:07.021930 MTRR_FIX4K_E0000  =0505050505050505
00:02:07.021930 MTRR_FIX4K_E8000  =0505050505050505
00:02:07.021930 MTRR_FIX4K_F0000  =0505050505050505
00:02:07.021930 MTRR_FIX4K_F8000  =0505050505050505
00:02:07.021932 MTRR_PHYSBASE[ 0] =0000000000000006 First=0000000000000000      0 MB [WB]
00:02:07.021933 MTRR_PHYSMASK[ 0] =0000007f80000800 Last =000000007fffffff   2047 MB [2048 MB]
00:02:07.021935 MTRR_PHYSBASE[ 1] =0000000080000006 First=0000000080000000   2048 MB [WB]
00:02:07.021936 MTRR_PHYSMASK[ 1] =0000007fc0000800 Last =00000000bfffffff   3071 MB [1024 MB]
00:02:07.021937 MTRR_PHYSBASE[ 2] =00000000c0000006 First=00000000c0000000   3072 MB [WB]
00:02:07.021937 MTRR_PHYSMASK[ 2] =0000007fe0000800 Last =00000000dfffffff   3583 MB [512 MB]
00:02:07.021939 MTRR_PHYSBASE[ 3] =0000000100000006 First=0000000100000000   4096 MB [WB]
00:02:07.021939 MTRR_PHYSMASK[ 3] =0000007f00000800 Last =00000001ffffffff   8191 MB [4096 MB]
00:02:07.021940 MTRR_PHYSBASE[ 4] =0000000200000006 First=0000000200000000   8192 MB [WB]
00:02:07.021941 MTRR_PHYSMASK[ 4] =0000007fe0000800 Last =000000021fffffff   8703 MB [512 MB]
00:02:07.021942 MTRR_PHYSBASE[ 5] =0000000000000000
00:02:07.021942 MTRR_PHYSMASK[ 5] =0000000000000000
00:02:07.021943 MTRR_PHYSBASE[ 6] =0000000000000000
00:02:07.021943 MTRR_PHYSMASK[ 6] =0000000000000000
00:02:07.021943 MTRR_PHYSBASE[ 7] =0000000000000000
00:02:07.021944 MTRR_PHYSMASK[ 7] =0000000000000000
00:02:07.021944 MTRR_PHYSBASE[ 8] =0000000000000000
00:02:07.021944 MTRR_PHYSMASK[ 8] =0000000000000000
00:02:07.021945 MTRR_PHYSBASE[ 9] =0000000000000000
00:02:07.021945 MTRR_PHYSMASK[ 9] =0000000000000000
00:02:07.021945 MTRR_PHYSBASE[10] =0000000000000000
00:02:07.021945 MTRR_PHYSMASK[10] =0000000000000000
00:02:07.021946 MTRR_PHYSBASE[11] =0000000000000000
00:02:07.021946 MTRR_PHYSMASK[11] =0000000000000000
00:02:07.021946 MTRR_PHYSBASE[12] =0000000000000000
00:02:07.021947 MTRR_PHYSMASK[12] =0000000000000000
00:02:07.021947 MTRR_PHYSBASE[13] =0000000000000000
00:02:07.021947 MTRR_PHYSMASK[13] =0000000000000000
00:02:07.021948 MTRR_PHYSBASE[14] =0000000000000000
00:02:07.021948 MTRR_PHYSMASK[14] =0000000000000000
00:02:07.021948 MTRR_PHYSBASE[15] =0000000000000000
00:02:07.021948 MTRR_PHYSMASK[15] =0000000000000000
00:02:07.021955 Guest CPUM (VCPU 1) state: 
00:02:07.021957 rax=ffffffff9c9e87f0 rbx=0000000000000001 rcx=0000000000000001 rdx=ffff8a2ed7aa3980
00:02:07.021959 rsi=ffffb569c0cbfe30 rdi=0000000000000000 r8 =0000000000000002 r9 =0000000000000001
00:02:07.021959 r10=0000000000000400 r11=0000000000000400 r12=0000000000000001 r13=ffff8a2ed6612e00
00:02:07.021960 r14=0000000000000000 r15=0000000000000000
00:02:07.021960 rip=ffffffff9c9e8bd6 rsp=ffffb569c0cbfe68 rbp=ffffb569c0cbfe68 iopl=0  iopl=0 nv up ei pl zr na po nc
00:02:07.021961 cs={0010 base=0000000000000000 limit=ffffffff flags=0000a09b}
00:02:07.021962 ds={0000 base=0000000000000000 limit=ffffffff flags=0001c000}
00:02:07.021962 es={0000 base=0000000000000000 limit=ffffffff flags=0001c000}
00:02:07.021963 fs={0000 base=0000000000000000 limit=ffffffff flags=0001c000}
00:02:07.021963 gs={0000 base=ffff8a2ed7a80000 limit=ffffffff flags=0001c000}
00:02:07.021963 ss={0018 base=0000000000000000 limit=ffffffff flags=0000c093}
00:02:07.021964 cr0=0000000080050033 cr2=00007fb2e0001000 cr3=000000021492c001 cr4=00000000000626e0
00:02:07.021964 dr0=0000000000000000 dr1=0000000000000000 dr2=0000000000000000 dr3=0000000000000000
00:02:07.021965 dr4=0000000000000000 dr5=0000000000000000 dr6=00000000ffff0ff0 dr7=0000000000000400
00:02:07.021965 gdtr=fffffe000002c000:007f  idtr=fffffe0000000000:0fff  eflags=00000246
00:02:07.021966 ldtr={0000 base=00000000 limit=ffffffff flags=0001c000}
00:02:07.021967 tr  ={0040 base=fffffe000002e000 limit=0000206f flags=0000008b}
00:02:07.021967 SysEnter={cs=0010 eip=ffffffff9ca01520 esp=fffffe000002d200}
00:02:07.021977 xcr=0000000000000007 xcr1=0000000000000000 xss=0000000000000000 (fXStateMask=0000000000000007)
00:02:07.021978 FCW=037f FSW=0000 FTW=0000 FOP=0000 MXCSR=00001f80 MXCSR_MASK=0000ffff
00:02:07.021979 FPUIP=00000000 CS=0000 Rsrvd1=0000  FPUDP=00000000 DS=0000 Rsvrd2=0000
00:02:07.021981 ST(0)=FPR0={0000'00000000'00000000} t0 +0.0000000000000000000000 * 2 ^ -16383 (*)
00:02:07.021983 ST(1)=FPR1={0000'00000000'00000000} t0 +0.0000000000000000000000 * 2 ^ -16383 (*)
00:02:07.021984 ST(2)=FPR2={0000'00000000'00000000} t0 +0.0000000000000000000000 * 2 ^ -16383 (*)
00:02:07.021985 ST(3)=FPR3={0000'00000000'00000000} t0 +0.0000000000000000000000 * 2 ^ -16383 (*)
00:02:07.021986 ST(4)=FPR4={0000'00000000'00000000} t0 +0.0000000000000000000000 * 2 ^ -16383 (*)
00:02:07.021987 ST(5)=FPR5={0000'00000000'00000000} t0 +0.0000000000000000000000 * 2 ^ -16383 (*)
00:02:07.021988 ST(6)=FPR6={0000'00000000'00000000} t0 +0.0000000000000000000000 * 2 ^ -16383 (*)
00:02:07.021989 ST(7)=FPR7={0000'00000000'00000000} t0 +0.0000000000000000000000 * 2 ^ -16383 (*)
00:02:07.021990 YMM0 =00000000'00000000'00000000'00000000'00000000'00000000'00000000'00000000
00:02:07.021991 YMM1 =00000000'00000000'00000000'00000000'25252525'25252525'25252525'25252525
00:02:07.021993 YMM2 =00000000'00000000'00000000'00000000'00000000'00000000'00000000'00000000
00:02:07.021994 YMM3 =00000000'00000000'00000000'00000000'00000000'00000000'00000000'00000000
00:02:07.021995 YMM4 =00000000'00000000'00000000'00000000'00000000'00000000'0000ff00'00000000
00:02:07.021996 YMM5 =00000000'00000000'00000000'00000000'4100ffff'ffffffff'ffffc508'00307043
00:02:07.021997 YMM6 =00000000'00000000'00000000'00000000'ffffffff'ffffffff'ffffffff'02ff0101
00:02:07.021999 YMM7 =00000000'00000000'00000000'00000000'00000000'00000000'00000000'00000000
00:02:07.022000 YMM8 =00000000'00000000'00000000'00000000'58095858'58585858'58585858'c18b04ff
00:02:07.022001 YMM9 =00000000'00000000'00000000'00000000'30854244'1302003f'0320c046'02596140
00:02:07.022002 YMM10=00000000'00000000'00000000'00000000'ffffffff'08ffffc4'ffff80ff'82061c10
00:02:07.022004 YMM11=00000000'00000000'00000000'00000000'4654c28b'04ff03ff'ffffffff'ff81ffff
00:02:07.022005 YMM12=00000000'00000000'00000000'00000000'5c6f1319'060059c3'304d3557'39345830
00:02:07.022006 YMM13=00000000'00000000'00000000'00000000'4100ffff'ffffffff'ffffc508'00307043
00:02:07.022007 YMM14=00000000'00000000'00000000'00000000'ffffffff'ffffffff'ffffffff'02ff0101
00:02:07.022009 YMM15=00000000'00000000'00000000'00000000'ffffffff'ffffffff'ffffffff'ffffffff
00:02:07.022010 EFER         =0000000000000d01
00:02:07.022010 PAT          =0407050600070106
00:02:07.022011 STAR         =0023001000000000
00:02:07.022011 CSTAR        =ffffffff9ca015c0
00:02:07.022011 LSTAR        =ffffffff9ca00010
00:02:07.022012 SFMASK       =0000000000047700
00:02:07.022012 KERNELGSBASE =0000000000000000
00:02:07.022013 MTRR_CAP          =0000000000000510
00:02:07.022014 MTRR_DEF_TYPE     =0000000000000c00
00:02:07.022014 MTRR_FIX64K_00000 =0606060606060606
00:02:07.022014 MTRR_FIX16K_80000 =0606060606060606
00:02:07.022014 MTRR_FIX16K_A0000 =0000000000000000
00:02:07.022014 MTRR_FIX4K_C0000  =0505050505050505
00:02:07.022015 MTRR_FIX4K_C8000  =0505050505050505
00:02:07.022015 MTRR_FIX4K_D0000  =0505050505050505
00:02:07.022015 MTRR_FIX4K_D8000  =0505050505050505
00:02:07.022015 MTRR_FIX4K_E0000  =0505050505050505
00:02:07.022015 MTRR_FIX4K_E8000  =0505050505050505
00:02:07.022016 MTRR_FIX4K_F0000  =0505050505050505
00:02:07.022016 MTRR_FIX4K_F8000  =0505050505050505
00:02:07.022018 MTRR_PHYSBASE[ 0] =0000000000000006 First=0000000000000000      0 MB [WB]
00:02:07.022019 MTRR_PHYSMASK[ 0] =0000007f80000800 Last =000000007fffffff   2047 MB [2048 MB]
00:02:07.022021 MTRR_PHYSBASE[ 1] =0000000080000006 First=0000000080000000   2048 MB [WB]
00:02:07.022021 MTRR_PHYSMASK[ 1] =0000007fc0000800 Last =00000000bfffffff   3071 MB [1024 MB]
00:02:07.022023 MTRR_PHYSBASE[ 2] =00000000c0000006 First=00000000c0000000   3072 MB [WB]
00:02:07.022023 MTRR_PHYSMASK[ 2] =0000007fe0000800 Last =00000000dfffffff   3583 MB [512 MB]
00:02:07.022024 MTRR_PHYSBASE[ 3] =0000000100000006 First=0000000100000000   4096 MB [WB]
00:02:07.022025 MTRR_PHYSMASK[ 3] =0000007f00000800 Last =00000001ffffffff   8191 MB [4096 MB]
00:02:07.022026 MTRR_PHYSBASE[ 4] =0000000200000006 First=0000000200000000   8192 MB [WB]
00:02:07.022027 MTRR_PHYSMASK[ 4] =0000007fe0000800 Last =000000021fffffff   8703 MB [512 MB]
00:02:07.022028 MTRR_PHYSBASE[ 5] =0000000000000000
00:02:07.022028 MTRR_PHYSMASK[ 5] =0000000000000000
00:02:07.022029 MTRR_PHYSBASE[ 6] =0000000000000000
00:02:07.022029 MTRR_PHYSMASK[ 6] =0000000000000000
00:02:07.022029 MTRR_PHYSBASE[ 7] =0000000000000000
00:02:07.022029 MTRR_PHYSMASK[ 7] =0000000000000000
00:02:07.022030 MTRR_PHYSBASE[ 8] =0000000000000000
00:02:07.022030 MTRR_PHYSMASK[ 8] =0000000000000000
00:02:07.022031 MTRR_PHYSBASE[ 9] =0000000000000000
00:02:07.022031 MTRR_PHYSMASK[ 9] =0000000000000000
00:02:07.022031 MTRR_PHYSBASE[10] =0000000000000000
00:02:07.022031 MTRR_PHYSMASK[10] =0000000000000000
00:02:07.022032 MTRR_PHYSBASE[11] =0000000000000000
00:02:07.022032 MTRR_PHYSMASK[11] =0000000000000000
00:02:07.022033 MTRR_PHYSBASE[12] =0000000000000000
00:02:07.022033 MTRR_PHYSMASK[12] =0000000000000000
00:02:07.022033 MTRR_PHYSBASE[13] =0000000000000000
00:02:07.022033 MTRR_PHYSMASK[13] =0000000000000000
00:02:07.022034 MTRR_PHYSBASE[14] =0000000000000000
00:02:07.022034 MTRR_PHYSMASK[14] =0000000000000000
00:02:07.022034 MTRR_PHYSBASE[15] =0000000000000000
00:02:07.022034 MTRR_PHYSMASK[15] =0000000000000000
00:02:07.022039 Guest CPUM (VCPU 2) state: 
00:02:07.022041 rax=ffffffff9c9e87f0 rbx=0000000000000002 rcx=0000000000000001 rdx=ffff8a2ed7b23980
00:02:07.022043 rsi=ffffb569c0cc7e30 rdi=0000000000000000 r8 =0000000000000002 r9 =0000000000000289
00:02:07.022043 r10=0000000000036793 r11=ffffffff9d462fc0 r12=0000000000000002 r13=ffff8a2ed6610000
00:02:07.022044 r14=0000000000000000 r15=0000000000000000
00:02:07.022044 rip=ffffffff9c9e8bd6 rsp=ffffb569c0cc7e68 rbp=ffffb569c0cc7e68 iopl=0  iopl=0 nv up ei pl zr na po nc
00:02:07.022045 cs={0010 base=0000000000000000 limit=ffffffff flags=0000a09b}
00:02:07.022046 ds={0000 base=0000000000000000 limit=ffffffff flags=0001c000}
00:02:07.022046 es={0000 base=0000000000000000 limit=ffffffff flags=0001c000}
00:02:07.022047 fs={0000 base=0000000000000000 limit=ffffffff flags=0001c000}
00:02:07.022047 gs={0000 base=ffff8a2ed7b00000 limit=ffffffff flags=0001c000}
00:02:07.022047 ss={0018 base=0000000000000000 limit=ffffffff flags=0000c093}
00:02:07.022048 cr0=0000000080050033 cr2=000055ec06289380 cr3=000000020c628004 cr4=00000000000626e0
00:02:07.022049 dr0=0000000000000000 dr1=0000000000000000 dr2=0000000000000000 dr3=0000000000000000
00:02:07.022049 dr4=0000000000000000 dr5=0000000000000000 dr6=00000000ffff0ff0 dr7=0000000000000400
00:02:07.022049 gdtr=fffffe0000057000:007f  idtr=fffffe0000000000:0fff  eflags=00000246
00:02:07.022050 ldtr={0000 base=00000000 limit=ffffffff flags=0001c000}
00:02:07.022051 tr  ={0040 base=fffffe0000059000 limit=0000206f flags=0000008b}
00:02:07.022051 SysEnter={cs=0010 eip=ffffffff9ca01520 esp=fffffe0000058200}
00:02:07.022058 xcr=0000000000000007 xcr1=0000000000000000 xss=0000000000000000 (fXStateMask=0000000000000007)
00:02:07.022059 FCW=037f FSW=0000 FTW=0000 FOP=0000 MXCSR=00001fa0 MXCSR_MASK=0000ffff
00:02:07.022060 FPUIP=00000000 CS=0000 Rsrvd1=0000  FPUDP=00000000 DS=0000 Rsvrd2=0000
00:02:07.022062 ST(0)=FPR0={0000'00000000'00000000} t0 +0.0000000000000000000000 * 2 ^ -16383 (*)
00:02:07.022064 ST(1)=FPR1={0000'00000000'00000000} t0 +0.0000000000000000000000 * 2 ^ -16383 (*)
00:02:07.022065 ST(2)=FPR2={0000'00000000'00000000} t0 +0.0000000000000000000000 * 2 ^ -16383 (*)
00:02:07.022066 ST(3)=FPR3={0000'00000000'00000000} t0 +0.0000000000000000000000 * 2 ^ -16383 (*)
00:02:07.022067 ST(4)=FPR4={0000'00000000'00000000} t0 +0.0000000000000000000000 * 2 ^ -16383 (*)
00:02:07.022068 ST(5)=FPR5={0000'00000000'00000000} t0 +0.0000000000000000000000 * 2 ^ -16383 (*)
00:02:07.022069 ST(6)=FPR6={0000'00000000'00000000} t0 +0.0000000000000000000000 * 2 ^ -16383 (*)
00:02:07.022070 ST(7)=FPR7={0000'00000000'00000000} t0 +0.0000000000000000000000 * 2 ^ -16383 (*)
00:02:07.022071 YMM0 =00000000'00000000'00000000'00000000'00000000'00000000'00000000'00000000
00:02:07.022072 YMM1 =00000000'00000000'00000000'00000000'00000000'00000000'00000000'00000000
00:02:07.022073 YMM2 =00000000'00000000'00000000'00000000'00ff0000'00000000'00000000'00000000
00:02:07.022074 YMM3 =00000000'00000000'00000000'00000000'ffffffff'ff000000'00000000'00000000
00:02:07.022075 YMM4 =00000000'00000000'00000000'00000000'00000000'00000000'00000000'00000000
00:02:07.022076 YMM5 =00000000'00000000'00000000'00000000'00000000'00000000'00000000'0058414d
00:02:07.022077 YMM6 =00000000'00000000'00000000'00000000'00000000'000000b1'00000000'00006e6f
00:02:07.022079 YMM7 =00000000'00000000'00000000'00000000'00297869'6e552820'6c656e6e'6168434f
00:02:07.022080 YMM8 =00000000'00000000'00000000'00000000'00000000'00000100'00000000'00000000
00:02:07.022081 YMM9 =00000000'00000000'00000000'00000000'00000000'00000000'000055ec'081ae0d8
00:02:07.022082 YMM10=00000000'00000000'00000000'00000000'00000000'00000000'00000000'0000b100
00:02:07.022083 YMM11=00000000'00000000'00000000'00000000'00000000'00000000'00000000'00000040
00:02:07.022086 YMM12=00000000'00000000'00000000'00000000'000055ec'07e4d930'00000000'00000100
00:02:07.022087 YMM13=00000000'00000000'00000000'00000000'00000000'0000b140'00000000'0000b140
00:02:07.022088 YMM14=00000000'00000000'00000000'00000000'00000000'00004ec0'00000000'00000000
00:02:07.022089 YMM15=00000000'00000000'00000000'00000000'00000000'00000100'00000000'00000000
00:02:07.022091 EFER         =0000000000000d01
00:02:07.022091 PAT          =0407050600070106
00:02:07.022091 STAR         =0023001000000000
00:02:07.022092 CSTAR        =ffffffff9ca015c0
00:02:07.022092 LSTAR        =ffffffff9ca00010
00:02:07.022092 SFMASK       =0000000000047700
00:02:07.022092 KERNELGSBASE =0000000000000000
00:02:07.022094 MTRR_CAP          =0000000000000510
00:02:07.022094 MTRR_DEF_TYPE     =0000000000000c00
00:02:07.022094 MTRR_FIX64K_00000 =0606060606060606
00:02:07.022094 MTRR_FIX16K_80000 =0606060606060606
00:02:07.022095 MTRR_FIX16K_A0000 =0000000000000000
00:02:07.022095 MTRR_FIX4K_C0000  =0505050505050505
00:02:07.022095 MTRR_FIX4K_C8000  =0505050505050505
00:02:07.022095 MTRR_FIX4K_D0000  =0505050505050505
00:02:07.022095 MTRR_FIX4K_D8000  =0505050505050505
00:02:07.022096 MTRR_FIX4K_E0000  =0505050505050505
00:02:07.022096 MTRR_FIX4K_E8000  =0505050505050505
00:02:07.022096 MTRR_FIX4K_F0000  =0505050505050505
00:02:07.022096 MTRR_FIX4K_F8000  =0505050505050505
00:02:07.022098 MTRR_PHYSBASE[ 0] =0000000000000006 First=0000000000000000      0 MB [WB]
00:02:07.022099 MTRR_PHYSMASK[ 0] =0000007f80000800 Last =000000007fffffff   2047 MB [2048 MB]
00:02:07.022101 MTRR_PHYSBASE[ 1] =0000000080000006 First=0000000080000000   2048 MB [WB]
00:02:07.022101 MTRR_PHYSMASK[ 1] =0000007fc0000800 Last =00000000bfffffff   3071 MB [1024 MB]
00:02:07.022103 MTRR_PHYSBASE[ 2] =00000000c0000006 First=00000000c0000000   3072 MB [WB]
00:02:07.022103 MTRR_PHYSMASK[ 2] =0000007fe0000800 Last =00000000dfffffff   3583 MB [512 MB]
00:02:07.022104 MTRR_PHYSBASE[ 3] =0000000100000006 First=0000000100000000   4096 MB [WB]
00:02:07.022105 MTRR_PHYSMASK[ 3] =0000007f00000800 Last =00000001ffffffff   8191 MB [4096 MB]
00:02:07.022106 MTRR_PHYSBASE[ 4] =0000000200000006 First=0000000200000000   8192 MB [WB]
00:02:07.022107 MTRR_PHYSMASK[ 4] =0000007fe0000800 Last =000000021fffffff   8703 MB [512 MB]
00:02:07.022108 MTRR_PHYSBASE[ 5] =0000000000000000
00:02:07.022108 MTRR_PHYSMASK[ 5] =0000000000000000
00:02:07.022108 MTRR_PHYSBASE[ 6] =0000000000000000
00:02:07.022109 MTRR_PHYSMASK[ 6] =0000000000000000
00:02:07.022109 MTRR_PHYSBASE[ 7] =0000000000000000
00:02:07.022109 MTRR_PHYSMASK[ 7] =0000000000000000
00:02:07.022110 MTRR_PHYSBASE[ 8] =0000000000000000
00:02:07.022110 MTRR_PHYSMASK[ 8] =0000000000000000
00:02:07.022110 MTRR_PHYSBASE[ 9] =0000000000000000
00:02:07.022110 MTRR_PHYSMASK[ 9] =0000000000000000
00:02:07.022111 MTRR_PHYSBASE[10] =0000000000000000
00:02:07.022111 MTRR_PHYSMASK[10] =0000000000000000
00:02:07.022111 MTRR_PHYSBASE[11] =0000000000000000
00:02:07.022112 MTRR_PHYSMASK[11] =0000000000000000
00:02:07.022112 MTRR_PHYSBASE[12] =0000000000000000
00:02:07.022112 MTRR_PHYSMASK[12] =0000000000000000
00:02:07.022113 MTRR_PHYSBASE[13] =0000000000000000
00:02:07.022113 MTRR_PHYSMASK[13] =0000000000000000
00:02:07.022113 MTRR_PHYSBASE[14] =0000000000000000
00:02:07.022113 MTRR_PHYSMASK[14] =0000000000000000
00:02:07.022114 MTRR_PHYSBASE[15] =0000000000000000
00:02:07.022114 MTRR_PHYSMASK[15] =0000000000000000
00:02:07.022118 Guest CPUM (VCPU 3) state: 
00:02:07.022119 eax=80000033 ebx=8000005c ecx=00000033 edx=00000cff esi=00000003 edi=00000059
00:02:07.022120 eip=ffff1226 esp=00006f94 ebp=00000060 iopl=0 iopl=0 rf nv up di pl nz na po nc
00:02:07.022121 cs={0008 base=0000000000000000 limit=ffffffff flags=0000c09b} dr0=00000000 dr1=00000000
00:02:07.022122 ds={0010 base=0000000000000000 limit=ffffffff flags=0000c093} dr2=00000000 dr3=00000000
00:02:07.022123 es={0010 base=0000000000000000 limit=ffffffff flags=0000c093} dr4=00000000 dr5=00000000
00:02:07.022123 fs={0010 base=0000000000000000 limit=ffffffff flags=0000c093} dr6=ffff0ff0 dr7=00000400
00:02:07.022124 gs={0010 base=0000000000000000 limit=ffffffff flags=0000c093} cr0=00000031 cr2=00000000
00:02:07.022124 ss={0010 base=0000000000000000 limit=ffffffff flags=0000c093} cr3=00000000 cr4=00002040
00:02:07.022125 gdtr=00000000000f6be8:0037  idtr=00000000000f6c26:0000  eflags=00010006
00:02:07.022125 ldtr={0000 base=00000000 limit=0000ffff flags=00000082}
00:02:07.022126 tr  ={0000 base=00000000 limit=0000ffff flags=0000008b}
00:02:07.022126 SysEnter={cs=0000 eip=00000000 esp=00000000}
00:02:07.022132 xcr=0000000000000007 xcr1=0000000000000000 xss=0000000000000000 (fXStateMask=0000000000000007)
00:02:07.022133 FCW=037f FSW=0000 FTW=0000 FOP=0000 MXCSR=00001f80 MXCSR_MASK=0000ffff
00:02:07.022134 FPUIP=00000000 CS=0000 Rsrvd1=0000  FPUDP=00000000 DS=0000 Rsvrd2=0000
00:02:07.022135 ST(0)=FPR0={0000'00000000'00000000} t0 +0.0000000000000000000000 * 2 ^ -16383 (*)
00:02:07.022138 ST(1)=FPR1={0000'00000000'00000000} t0 +0.0000000000000000000000 * 2 ^ -16383 (*)
00:02:07.022139 ST(2)=FPR2={0000'00000000'00000000} t0 +0.0000000000000000000000 * 2 ^ -16383 (*)
00:02:07.022140 ST(3)=FPR3={0000'00000000'00000000} t0 +0.0000000000000000000000 * 2 ^ -16383 (*)
00:02:07.022141 ST(4)=FPR4={0000'00000000'00000000} t0 +0.0000000000000000000000 * 2 ^ -16383 (*)
00:02:07.022143 ST(5)=FPR5={0000'00000000'00000000} t0 +0.0000000000000000000000 * 2 ^ -16383 (*)
00:02:07.022144 ST(6)=FPR6={0000'00000000'00000000} t0 +0.0000000000000000000000 * 2 ^ -16383 (*)
00:02:07.022145 ST(7)=FPR7={0000'00000000'00000000} t0 +0.0000000000000000000000 * 2 ^ -16383 (*)
00:02:07.022146 YMM0 =00000000'00000000'00000000'00000000'00000000'00000000'00000000'00000000
00:02:07.022147 YMM1 =00000000'00000000'00000000'00000000'00000000'00000000'00000000'00000000
00:02:07.022148 YMM2 =00000000'00000000'00000000'00000000'00000000'00000000'00000000'00000000
00:02:07.022149 YMM3 =00000000'00000000'00000000'00000000'00000000'00000000'00000000'00000000
00:02:07.022150 YMM4 =00000000'00000000'00000000'00000000'00000000'00000000'00000000'00000000
00:02:07.022151 YMM5 =00000000'00000000'00000000'00000000'00000000'00000000'00000000'00000000
00:02:07.022152 YMM6 =00000000'00000000'00000000'00000000'00000000'00000000'00000000'00000000
00:02:07.022153 YMM7 =00000000'00000000'00000000'00000000'00000000'00000000'00000000'00000000
00:02:07.022154 YMM8 =00000000'00000000'00000000'00000000'00000000'00000000'00000000'00000000
00:02:07.022155 YMM9 =00000000'00000000'00000000'00000000'00000000'00000000'00000000'00000000
00:02:07.022156 YMM10=00000000'00000000'00000000'00000000'00000000'00000000'00000000'00000000
00:02:07.022157 YMM11=00000000'00000000'00000000'00000000'00000000'00000000'00000000'00000000
00:02:07.022158 YMM12=00000000'00000000'00000000'00000000'00000000'00000000'00000000'00000000
00:02:07.022159 YMM13=00000000'00000000'00000000'00000000'00000000'00000000'00000000'00000000
00:02:07.022160 YMM14=00000000'00000000'00000000'00000000'00000000'00000000'00000000'00000000
00:02:07.022161 YMM15=00000000'00000000'00000000'00000000'00000000'00000000'00000000'00000000
00:02:07.022162 EFER         =0000000000000000
00:02:07.022162 PAT          =0007040600070406
00:02:07.022162 STAR         =0023001000000000
00:02:07.022163 CSTAR        =ffffffff9ca015c0
00:02:07.022163 LSTAR        =ffffffff9ca00010
00:02:07.022163 SFMASK       =0000000000047700
00:02:07.022163 KERNELGSBASE =0000000000000000
00:02:07.022165 MTRR_CAP          =0000000000000510
00:02:07.022165 MTRR_DEF_TYPE     =0000000000000c00
00:02:07.022165 MTRR_FIX64K_00000 =0606060606060606
00:02:07.022166 MTRR_FIX16K_80000 =0606060606060606
00:02:07.022166 MTRR_FIX16K_A0000 =0000000000000000
00:02:07.022166 MTRR_FIX4K_C0000  =0505050505050505
00:02:07.022166 MTRR_FIX4K_C8000  =0505050505050505
00:02:07.022167 MTRR_FIX4K_D0000  =0505050505050505
00:02:07.022167 MTRR_FIX4K_D8000  =0505050505050505
00:02:07.022167 MTRR_FIX4K_E0000  =0505050505050505
00:02:07.022167 MTRR_FIX4K_E8000  =0505050505050505
00:02:07.022167 MTRR_FIX4K_F0000  =0505050505050505
00:02:07.022168 MTRR_FIX4K_F8000  =0505050505050505
00:02:07.022170 MTRR_PHYSBASE[ 0] =0000000000000006 First=0000000000000000      0 MB [WB]
00:02:07.022170 MTRR_PHYSMASK[ 0] =0000007f80000800 Last =000000007fffffff   2047 MB [2048 MB]
00:02:07.022172 MTRR_PHYSBASE[ 1] =0000000080000006 First=0000000080000000   2048 MB [WB]
00:02:07.022173 MTRR_PHYSMASK[ 1] =0000007fc0000800 Last =00000000bfffffff   3071 MB [1024 MB]
00:02:07.022174 MTRR_PHYSBASE[ 2] =00000000c0000006 First=00000000c0000000   3072 MB [WB]
00:02:07.022175 MTRR_PHYSMASK[ 2] =0000007fe0000800 Last =00000000dfffffff   3583 MB [512 MB]
00:02:07.022176 MTRR_PHYSBASE[ 3] =0000000100000006 First=0000000100000000   4096 MB [WB]
00:02:07.022176 MTRR_PHYSMASK[ 3] =0000007f00000800 Last =00000001ffffffff   8191 MB [4096 MB]
00:02:07.022177 MTRR_PHYSBASE[ 4] =0000000200000006 First=0000000200000000   8192 MB [WB]
00:02:07.022178 MTRR_PHYSMASK[ 4] =0000007fe0000800 Last =000000021fffffff   8703 MB [512 MB]
00:02:07.022179 MTRR_PHYSBASE[ 5] =0000000000000000
00:02:07.022179 MTRR_PHYSMASK[ 5] =0000000000000000
00:02:07.022180 MTRR_PHYSBASE[ 6] =0000000000000000
00:02:07.022180 MTRR_PHYSMASK[ 6] =0000000000000000
00:02:07.022180 MTRR_PHYSBASE[ 7] =0000000000000000
00:02:07.022181 MTRR_PHYSMASK[ 7] =0000000000000000
00:02:07.022181 MTRR_PHYSBASE[ 8] =0000000000000000
00:02:07.022181 MTRR_PHYSMASK[ 8] =0000000000000000
00:02:07.022182 MTRR_PHYSBASE[ 9] =0000000000000000
00:02:07.022182 MTRR_PHYSMASK[ 9] =0000000000000000
00:02:07.022182 MTRR_PHYSBASE[10] =0000000000000000
00:02:07.022182 MTRR_PHYSMASK[10] =0000000000000000
00:02:07.022183 MTRR_PHYSBASE[11] =0000000000000000
00:02:07.022183 MTRR_PHYSMASK[11] =0000000000000000
00:02:07.022183 MTRR_PHYSBASE[12] =0000000000000000
00:02:07.022184 MTRR_PHYSMASK[12] =0000000000000000
00:02:07.022184 MTRR_PHYSBASE[13] =0000000000000000
00:02:07.022184 MTRR_PHYSMASK[13] =0000000000000000
00:02:07.022185 MTRR_PHYSBASE[14] =0000000000000000
00:02:07.022185 MTRR_PHYSMASK[14] =0000000000000000
00:02:07.022185 MTRR_PHYSBASE[15] =0000000000000000
00:02:07.022185 MTRR_PHYSMASK[15] =0000000000000000
00:02:07.022186 !!
00:02:07.022186 !! {cpumguesthwvirt, verbose}
00:02:07.022187 !!
00:02:07.022190 VCPU[0] hardware virtualization state:
00:02:07.022191 fSavedInhibit                = 0x0
00:02:07.022191 In nested-guest hwvirt mode  = false
00:02:07.022192 VMX hwvirt state:
00:02:07.022192   GCPhysVmxon                = 0x000000020f088000
00:02:07.022193   GCPhysVmcs                 = 0xffffffffffffffff
00:02:07.022193   GCPhysShadowVmcs           = 0xffffffffffffffff
00:02:07.022196   enmDiag                    = 0 (kVmxVDiag_None - "None")
00:02:07.022196   uDiagAux                   = 0x0
00:02:07.022197   enmAbort                   = 0 (VMXABORT_NONE)
00:02:07.022197   uAbortAux                  = 0 (0x0)
00:02:07.022198   fInVmxRootMode             = true
00:02:07.022198   fInVmxNonRootMode          = false
00:02:07.022198   fInterceptEvents           = false
00:02:07.022199   fNmiUnblockingIret         = false
00:02:07.022199   uFirstPauseLoopTick        = 0
00:02:07.022199   uPrevPauseTick             = 0
00:02:07.022200   uEntryTick                 = 0
00:02:07.022200   offVirtApicWrite           = 0x0
00:02:07.022200   fVirtNmiBlocking           = false
00:02:07.022201   VMCS cache:
00:02:07.022202   Header:
00:02:07.022202     VMCS revision id           = 0x0
00:02:07.022203     VMX-abort id               = 0x0 (VMXABORT_NONE)
00:02:07.022204     VMCS state                 = 0x0 (Clear)
00:02:07.022204   Control:
00:02:07.022204     VPID                       = 0x0
00:02:07.022205     Posted intr notify vector  = 0x0
00:02:07.022205     EPTP index                 = 0x0
00:02:07.022205     HLAT prefix size           = 0x0
00:02:07.022206     Pin ctls                   = 0x0
00:02:07.022206     Processor ctls             = 0x0
00:02:07.022206     Secondary processor ctls   = 0x0
00:02:07.022207     VM-exit ctls               = 0x0
00:02:07.022207     VM-entry ctls              = 0x0
00:02:07.022207     Exception bitmap           = 0x0
00:02:07.022208     Page-fault mask            = 0x0
00:02:07.022208     Page-fault match           = 0x0
00:02:07.022208     CR3-target count           = 0
00:02:07.022208     VM-exit MSR store count    = 0
00:02:07.022209     VM-exit MSR load count     = 0
00:02:07.022209     VM-entry MSR load count    = 0
00:02:07.022209     VM-entry interruption info = 0x0
00:02:07.022210       Valid                      = false
00:02:07.022210       Type                       = 0x0 (External Interrupt)
00:02:07.022211       Vector                     = 0x0
00:02:07.022211       NMI-unblocking-IRET        = false
00:02:07.022211       Error-code valid           = false
00:02:07.022212     VM-entry xcpt error-code   = 0x0
00:02:07.022212     VM-entry instr length      = 0 byte(s)
00:02:07.022212     TPR threshold              = 0x0
00:02:07.022213     PLE gap                    = 0x0
00:02:07.022213     PLE window                 = 0x0
00:02:07.022213     IO-bitmap A addr           = 0x0
00:02:07.022214     IO-bitmap B addr           = 0x0
00:02:07.022214     MSR-bitmap addr            = 0x0
00:02:07.022214     VM-exit MSR store addr     = 0x0
00:02:07.022215     VM-exit MSR load addr      = 0x0
00:02:07.022215     VM-entry MSR load addr     = 0x0
00:02:07.022215     Executive VMCS ptr         = 0x0
00:02:07.022215     PML addr                   = 0x0
00:02:07.022216     TSC offset                 = 0x0
00:02:07.022216     Virtual-APIC addr          = 0x0
00:02:07.022216     APIC-access addr           = 0x0
00:02:07.022217     Posted-intr desc addr      = 0x0
00:02:07.022217     VM-functions control       = 0x0
00:02:07.022217     EPTP ptr                   = 0x0
00:02:07.022217     EOI-exit bitmap 0          = 0x0
00:02:07.022218     EOI-exit bitmap 1          = 0x0
00:02:07.022218     EOI-exit bitmap 2          = 0x0
00:02:07.022218     EOI-exit bitmap 3          = 0x0
00:02:07.022219     EPTP-list addr             = 0x0
00:02:07.022219     VMREAD-bitmap addr         = 0x0
00:02:07.022219     VMWRITE-bitmap addr        = 0x0
00:02:07.022220     Virt-Xcpt info addr        = 0x0
00:02:07.022220     XSS-exiting bitmap         = 0x0
00:02:07.022220     ENCLS-exiting bitmap       = 0x0
00:02:07.022220     SPP-table ptr              = 0x0
00:02:07.022221     TSC multiplier             = 0x0
00:02:07.022221     Tertiary processor ctls    = 0x0
00:02:07.022221     ENCLV-exiting bitmap       = 0x0
00:02:07.022222     PCONFIG-exiting bitmap     = 0x0
00:02:07.022222     HLAT ptr                   = 0x0
00:02:07.022222     Secondary VM-exit controls = 0x0
00:02:07.022222     CR0 guest/host mask        = 0x0
00:02:07.022223     CR4 guest/host mask        = 0x0
00:02:07.022223     CR0 read shadow            = 0x0
00:02:07.022223     CR4 read shadow            = 0x0
00:02:07.022224     CR3-target 0               = 0x0
00:02:07.022224     CR3-target 1               = 0x0
00:02:07.022224     CR3-target 2               = 0x0
00:02:07.022225     CR3-target 3               = 0x0
00:02:07.022225   Guest state:
00:02:07.022225     CS                         = {0000 base=0000000000000000 limit=00000000 flags=0000}
00:02:07.022227     SS                         = {0000 base=0000000000000000 limit=00000000 flags=0000}
00:02:07.022227     ES                         = {0000 base=0000000000000000 limit=00000000 flags=0000}
00:02:07.022228     DS                         = {0000 base=0000000000000000 limit=00000000 flags=0000}
00:02:07.022229     FS                         = {0000 base=0000000000000000 limit=00000000 flags=0000}
00:02:07.022229     GS                         = {0000 base=0000000000000000 limit=00000000 flags=0000}
00:02:07.022230     LDTR                       = {0000 base=0000000000000000 limit=00000000 flags=0000}
00:02:07.022230     TR                         = {0000 base=0000000000000000 limit=00000000 flags=0000}
00:02:07.022231     GDTR                       = {base=0000000000000000 limit=00000000}
00:02:07.022232     IDTR                       = {base=0000000000000000 limit=00000000}
00:02:07.022232     Interrupt status           = 0x0
00:02:07.022233     PML index                  = 0x0
00:02:07.022233     Interruptibility state     = 0x0
00:02:07.022233     Activity state             = 0x0
00:02:07.022234     SMBASE                     = 0x0
00:02:07.022234     SysEnter CS                = 0x0
00:02:07.022234     VMX-preemption timer value = 0x0
00:02:07.022235     VMCS link ptr              = 0x0
00:02:07.022235     DBGCTL                     = 0x0
00:02:07.022235     PAT                        = 0x0
00:02:07.022236     EFER                       = 0x0
00:02:07.022236     PERFGLOBALCTRL             = 0x0
00:02:07.022236     PDPTE 0                    = 0x0
00:02:07.022236     PDPTE 1                    = 0x0
00:02:07.022237     PDPTE 2                    = 0x0
00:02:07.022237     PDPTE 3                    = 0x0
00:02:07.022237     BNDCFGS                    = 0x0
00:02:07.022238     RTIT_CTL                   = 0x0
00:02:07.022238     PKRS                       = 0x0
00:02:07.022238     CR0                        = 0x0
00:02:07.022238     CR3                        = 0x0
00:02:07.022239     CR4                        = 0x0
00:02:07.022239     DR7                        = 0x0
00:02:07.022239     RSP                        = 0x0
00:02:07.022240     RIP                        = 0x0
00:02:07.022240     RFLAGS                     = 0x0  iopl=0 nv up di pl nz na pe nc
00:02:07.022240     Pending debug xcpts        = 0x0
00:02:07.022241     SysEnter ESP               = 0x0
00:02:07.022241     SysEnter EIP               = 0x0
00:02:07.022241     S_CET                      = 0x0
00:02:07.022242     SSP                        = 0x0
00:02:07.022242     INTERRUPT_SSP_TABLE_ADDR   = 0x0
00:02:07.022242   Host state:
00:02:07.022242     CS                         = 0x0
00:02:07.022243     SS                         = 0x0
00:02:07.022243     DS                         = 0x0
00:02:07.022243     ES                         = 0x0
00:02:07.022244     FS                         = {0000 base=0000000000000000}
00:02:07.022244     GS                         = {0000 base=0000000000000000}
00:02:07.022245     TR                         = {0000 base=0000000000000000}
00:02:07.022245     GDTR                       = {base=0000000000000000}
00:02:07.022246     IDTR                       = {base=0000000000000000}
00:02:07.022246     SysEnter CS                = 0x0
00:02:07.022246     EFER                       = 0x0
00:02:07.022247     PAT                        = 0x0
00:02:07.022247     PERFGLOBALCTRL             = 0x0
00:02:07.022247     PKRS                       = 0x0
00:02:07.022247     CR0                        = 0x0
00:02:07.022248     CR3                        = 0x0
00:02:07.022248     CR4                        = 0x0
00:02:07.022248     SysEnter ESP               = 0x0
00:02:07.022249     SysEnter EIP               = 0x0
00:02:07.022249     RSP                        = 0x0
00:02:07.022249     RIP                        = 0x0
00:02:07.022249     S_CET                      = 0x0
00:02:07.022250     SSP                        = 0x0
00:02:07.022250     INTERRUPT_SSP_TABLE_ADDR   = 0x0
00:02:07.022250   Read-only data fields:
00:02:07.022251     Exit reason                = 0 (VMX_EXIT_XCPT_OR_NMI - 0 - Exception or non-maskable interrupt (NMI).)
00:02:07.022251     Exit qualification         = 0x0
00:02:07.022252     VM-instruction error       = 0x0
00:02:07.022252     VM-exit intr info          = 0x0
00:02:07.022253       Valid                      = false
00:02:07.022253       Type                       = 0x0 (External Interrupt)
00:02:07.022253       Vector                     = 0x0
00:02:07.022254       NMI-unblocking-IRET        = false
00:02:07.022254       Error-code valid           = false
00:02:07.022254     VM-exit intr error-code    = 0x0
00:02:07.022254     IDT-vectoring info         = 0x0
00:02:07.022255       Valid                      = false
00:02:07.022255       Type                       = 0x0 (External Interrupt)
00:02:07.022256       Vector                     = 0x0
00:02:07.022256       Error-code valid           = false
00:02:07.022256     IDT-vectoring error-code   = 0x0
00:02:07.022256     VM-exit instruction length = 0 byte(s)
00:02:07.022257     VM-exit instruction info   = 0x0
00:02:07.022257     Guest-physical addr        = 0x0
00:02:07.022257     I/O RCX                    = 0x0
00:02:07.022258     I/O RSI                    = 0x0
00:02:07.022258     I/O RDI                    = 0x0
00:02:07.022258     I/O RIP                    = 0x0
00:02:07.022259     Guest-linear addr          = 0x0
00:02:07.022284 VCPU[1] hardware virtualization state:
00:02:07.022285 fSavedInhibit                = 0x0
00:02:07.022285 In nested-guest hwvirt mode  = false
00:02:07.022286 VMX hwvirt state:
00:02:07.022286   GCPhysVmxon                = 0x0000000211453000
00:02:07.022287   GCPhysVmcs                 = 0x000000020fbf4000
00:02:07.022287   GCPhysShadowVmcs           = 0xffffffffffffffff
00:02:07.022288   enmDiag                    = 0 (kVmxVDiag_None - "None")
00:02:07.022288   uDiagAux                   = 0x0
00:02:07.022289   enmAbort                   = 0 (VMXABORT_NONE)
00:02:07.022289   uAbortAux                  = 0 (0x0)
00:02:07.022289   fInVmxRootMode             = true
00:02:07.022290   fInVmxNonRootMode          = false
00:02:07.022290   fInterceptEvents           = false
00:02:07.022290   fNmiUnblockingIret         = false
00:02:07.022290   uFirstPauseLoopTick        = 0
00:02:07.022291   uPrevPauseTick             = 0
00:02:07.022291   uEntryTick                 = 0
00:02:07.022291   offVirtApicWrite           = 0x0
00:02:07.022292   fVirtNmiBlocking           = false
00:02:07.022292   VMCS cache:
00:02:07.022292   Header:
00:02:07.022293     VMCS revision id           = 0x40000001
00:02:07.022294     VMX-abort id               = 0x0 (VMXABORT_NONE)
00:02:07.022294     VMCS state                 = 0x0 (Clear)
00:02:07.022295   Control:
00:02:07.022295     VPID                       = 0x2
00:02:07.022296     Posted intr notify vector  = 0x0
00:02:07.022296     EPTP index                 = 0x0
00:02:07.022296     HLAT prefix size           = 0x0
00:02:07.022297     Pin ctls                   = 0x3f
00:02:07.022297     Processor ctls             = 0xb5a06dfa
00:02:07.022297     Secondary processor ctls   = 0x10ce3
00:02:07.022298     VM-exit ctls               = 0x2fefff
00:02:07.022298     VM-entry ctls              = 0xd1ff
00:02:07.022299     Exception bitmap           = 0x60042
00:02:07.022299     Page-fault mask            = 0x0
00:02:07.022300     Page-fault match           = 0x0
00:02:07.022300     CR3-target count           = 0
00:02:07.022300     VM-exit MSR store count    = 0
00:02:07.022301     VM-exit MSR load count     = 0
00:02:07.022301     VM-entry MSR load count    = 0
00:02:07.022301     VM-entry interruption info = 0x0
00:02:07.022302       Valid                      = false
00:02:07.022302       Type                       = 0x0 (External Interrupt)
00:02:07.022303       Vector                     = 0x0
00:02:07.022303       NMI-unblocking-IRET        = false
00:02:07.022303       Error-code valid           = false
00:02:07.022304     VM-entry xcpt error-code   = 0x0
00:02:07.022304     VM-entry instr length      = 0 byte(s)
00:02:07.022304     TPR threshold              = 0x0
00:02:07.022305     PLE gap                    = 0x80
00:02:07.022305     PLE window                 = 0x0
00:02:07.022306     IO-bitmap A addr           = 0x0
00:02:07.022306     IO-bitmap B addr           = 0x0
00:02:07.022306     MSR-bitmap addr            = 0x211482000
00:02:07.022307     VM-exit MSR store addr     = 0x0
00:02:07.022307     VM-exit MSR load addr      = 0x21308dda0
00:02:07.022307     VM-entry MSR load addr     = 0x21308dd10
00:02:07.022308     Executive VMCS ptr         = 0x0
00:02:07.022308     PML addr                   = 0x0
00:02:07.022308     TSC offset                 = 0xffffffba97952660
00:02:07.022309     Virtual-APIC addr          = 0x211075000
00:02:07.022309     APIC-access addr           = 0x0
00:02:07.022310     Posted-intr desc addr      = 0x0
00:02:07.022310     VM-functions control       = 0x0
00:02:07.022310     EPTP ptr                   = 0x0
00:02:07.022310     EOI-exit bitmap 0          = 0x0
00:02:07.022311     EOI-exit bitmap 1          = 0x0
00:02:07.022311     EOI-exit bitmap 2          = 0x0
00:02:07.022311     EOI-exit bitmap 3          = 0x0
00:02:07.022312     EPTP-list addr             = 0x0
00:02:07.022312     VMREAD-bitmap addr         = 0x0
00:02:07.022312     VMWRITE-bitmap addr        = 0x0
00:02:07.022312     Virt-Xcpt info addr        = 0x0
00:02:07.022313     XSS-exiting bitmap         = 0x0
00:02:07.022313     ENCLS-exiting bitmap       = 0x0
00:02:07.022313     SPP-table ptr              = 0x0
00:02:07.022314     TSC multiplier             = 0x0
00:02:07.022314     Tertiary processor ctls    = 0x0
00:02:07.022314     ENCLV-exiting bitmap       = 0x0
00:02:07.022315     PCONFIG-exiting bitmap     = 0x0
00:02:07.022315     HLAT ptr                   = 0x0
00:02:07.022315     Secondary VM-exit controls = 0x0
00:02:07.022315     CR0 guest/host mask        = 0xfffffffffffffff7
00:02:07.022316     CR4 guest/host mask        = 0xffffffffffffe871
00:02:07.022316     CR0 read shadow            = 0x60000010
00:02:07.022317     CR4 read shadow            = 0x0
00:02:07.022317     CR3-target 0               = 0x0
00:02:07.022317     CR3-target 1               = 0x0
00:02:07.022318     CR3-target 2               = 0x0
00:02:07.022318     CR3-target 3               = 0x0
00:02:07.022318   Guest state:
00:02:07.022319     CS                         = {f000 base=00000000ffff0000 limit=0000ffff flags=009b}
00:02:07.022320     SS                         = {0000 base=0000000000000000 limit=0000ffff flags=0093}
00:02:07.022321     ES                         = {0000 base=0000000000000000 limit=0000ffff flags=0093}
00:02:07.022322     DS                         = {0000 base=0000000000000000 limit=0000ffff flags=0093}
00:02:07.022322     FS                         = {0000 base=0000000000000000 limit=0000ffff flags=0093}
00:02:07.022323     GS                         = {0000 base=0000000000000000 limit=0000ffff flags=0093}
00:02:07.022323     LDTR                       = {0000 base=0000000000000000 limit=0000ffff flags=0082}
00:02:07.022324     TR                         = {0000 base=0000000000000000 limit=0000ffff flags=008b}
00:02:07.022324     GDTR                       = {base=0000000000000000 limit=0000ffff}
00:02:07.022325     IDTR                       = {base=0000000000000000 limit=0000ffff}
00:02:07.022325     Interrupt status           = 0x0
00:02:07.022326     PML index                  = 0x0
00:02:07.022326     Interruptibility state     = 0x0
00:02:07.022326     Activity state             = 0x0
00:02:07.022327     SMBASE                     = 0x0
00:02:07.022327     SysEnter CS                = 0x0
00:02:07.022327     VMX-preemption timer value = 0x0
00:02:07.022328     VMCS link ptr              = 0xffffffffffffffff
00:02:07.022328     DBGCTL                     = 0x0
00:02:07.022328     PAT                        = 0x7040600070406
00:02:07.022329     EFER                       = 0x0
00:02:07.022329     PERFGLOBALCTRL             = 0x0
00:02:07.022330     PDPTE 0                    = 0x0
00:02:07.022330     PDPTE 1                    = 0x0
00:02:07.022331     PDPTE 2                    = 0x0
00:02:07.022331     PDPTE 3                    = 0x0
00:02:07.022331     BNDCFGS                    = 0x0
00:02:07.022331     RTIT_CTL                   = 0x0
00:02:07.022332     PKRS                       = 0x0
00:02:07.022332     CR0                        = 0x30
00:02:07.022332     CR3                        = 0x0
00:02:07.022333     CR4                        = 0x2040
00:02:07.022333     DR7                        = 0x400
00:02:07.022334     RSP                        = 0x0
00:02:07.022334     RIP                        = 0x0
00:02:07.022334     RFLAGS                     = 0x2  iopl=0 nv up di pl nz na pe nc
00:02:07.022335     Pending debug xcpts        = 0x0
00:02:07.022335     SysEnter ESP               = 0x0
00:02:07.022335     SysEnter EIP               = 0x0
00:02:07.022336     S_CET                      = 0x0
00:02:07.022336     SSP                        = 0x0
00:02:07.022336     INTERRUPT_SSP_TABLE_ADDR   = 0x0
00:02:07.022337   Host state:
00:02:07.022337     CS                         = 0x10
00:02:07.022337     SS                         = 0x18
00:02:07.022338     DS                         = 0x0
00:02:07.022338     ES                         = 0x0
00:02:07.022338     FS                         = {0000 base=0000000000000000}
00:02:07.022339     GS                         = {0000 base=0000000000000000}
00:02:07.022339     TR                         = {0040 base=fffffe000002e000}
00:02:07.022340     GDTR                       = {base=fffffe000002c000}
00:02:07.022340     IDTR                       = {base=fffffe0000000000}
00:02:07.022341     SysEnter CS                = 0x10
00:02:07.022341     EFER                       = 0xd01
00:02:07.022342     PAT                        = 0x407050600070106
00:02:07.022342     PERFGLOBALCTRL             = 0x0
00:02:07.022342     PKRS                       = 0x0
00:02:07.022343     CR0                        = 0x80050033
00:02:07.022343     CR3                        = 0x20c628004
00:02:07.022344     CR4                        = 0x626e0
00:02:07.022344     SysEnter ESP               = 0xfffffe000002d200
00:02:07.022345     SysEnter EIP               = 0xffffffff9ca01520
00:02:07.022345     RSP                        = 0x0
00:02:07.022345     RIP                        = 0xffffffffc04b1fcf
00:02:07.022346     S_CET                      = 0x0
00:02:07.022346     SSP                        = 0x0
00:02:07.022346     INTERRUPT_SSP_TABLE_ADDR   = 0x0
00:02:07.022347   Read-only data fields:
00:02:07.022347     Exit reason                = 0 (VMX_EXIT_XCPT_OR_NMI - 0 - Exception or non-maskable interrupt (NMI).)
00:02:07.022348     Exit qualification         = 0x0
00:02:07.022348     VM-instruction error       = 0x0
00:02:07.022348     VM-exit intr info          = 0x0
00:02:07.022348       Valid                      = false
00:02:07.022349       Type                       = 0x0 (External Interrupt)
00:02:07.022349       Vector                     = 0x0
00:02:07.022350       NMI-unblocking-IRET        = false
00:02:07.022350       Error-code valid           = false
00:02:07.022350     VM-exit intr error-code    = 0x0
00:02:07.022351     IDT-vectoring info         = 0x0
00:02:07.022351       Valid                      = false
00:02:07.022351       Type                       = 0x0 (External Interrupt)
00:02:07.022351       Vector                     = 0x0
00:02:07.022352       Error-code valid           = false
00:02:07.022352     IDT-vectoring error-code   = 0x0
00:02:07.022352     VM-exit instruction length = 0 byte(s)
00:02:07.022353     VM-exit instruction info   = 0x0
00:02:07.022353     Guest-physical addr        = 0x0
00:02:07.022353     I/O RCX                    = 0x0
00:02:07.022354     I/O RSI                    = 0x0
00:02:07.022354     I/O RDI                    = 0x0
00:02:07.022354     I/O RIP                    = 0x0
00:02:07.022354     Guest-linear addr          = 0x0
00:02:07.022358 VCPU[2] hardware virtualization state:
00:02:07.022359 fSavedInhibit                = 0x0
00:02:07.022360 In nested-guest hwvirt mode  = false
00:02:07.022360 VMX hwvirt state:
00:02:07.022361   GCPhysVmxon                = 0x000000020dcb8000
00:02:07.022361   GCPhysVmcs                 = 0xffffffffffffffff
00:02:07.022362   GCPhysShadowVmcs           = 0xffffffffffffffff
00:02:07.022362   enmDiag                    = 0 (kVmxVDiag_None - "None")
00:02:07.022362   uDiagAux                   = 0x0
00:02:07.022363   enmAbort                   = 0 (VMXABORT_NONE)
00:02:07.022363   uAbortAux                  = 0 (0x0)
00:02:07.022364   fInVmxRootMode             = true
00:02:07.022364   fInVmxNonRootMode          = false
00:02:07.022364   fInterceptEvents           = false
00:02:07.022365   fNmiUnblockingIret         = false
00:02:07.022365   uFirstPauseLoopTick        = 0
00:02:07.022365   uPrevPauseTick             = 0
00:02:07.022366   uEntryTick                 = 0
00:02:07.022366   offVirtApicWrite           = 0x0
00:02:07.022366   fVirtNmiBlocking           = false
00:02:07.022366   VMCS cache:
00:02:07.022367   Header:
00:02:07.022367     VMCS revision id           = 0x40000001
00:02:07.022368     VMX-abort id               = 0x0 (VMXABORT_NONE)
00:02:07.022368     VMCS state                 = 0x0 (Clear)
00:02:07.022369   Control:
00:02:07.022369     VPID                       = 0x1
00:02:07.022369     Posted intr notify vector  = 0x0
00:02:07.022370     EPTP index                 = 0x0
00:02:07.022370     HLAT prefix size           = 0x0
00:02:07.022370     Pin ctls                   = 0x3f
00:02:07.022371     Processor ctls             = 0xb5a06dfa
00:02:07.022372     Secondary processor ctls   = 0x10ce3
00:02:07.022372     VM-exit ctls               = 0x2fefff
00:02:07.022373     VM-entry ctls              = 0xd1ff
00:02:07.022373     Exception bitmap           = 0x60042
00:02:07.022373     Page-fault mask            = 0x0
00:02:07.022374     Page-fault match           = 0x0
00:02:07.022374     CR3-target count           = 0
00:02:07.022375     VM-exit MSR store count    = 0
00:02:07.022375     VM-exit MSR load count     = 0
00:02:07.022375     VM-entry MSR load count    = 0
00:02:07.022375     VM-entry interruption info = 0x0
00:02:07.022376       Valid                      = false
00:02:07.022376       Type                       = 0x0 (External Interrupt)
00:02:07.022377       Vector                     = 0x0
00:02:07.022377       NMI-unblocking-IRET        = false
00:02:07.022377       Error-code valid           = false
00:02:07.022378     VM-entry xcpt error-code   = 0x0
00:02:07.022378     VM-entry instr length      = 0 byte(s)
00:02:07.022378     TPR threshold              = 0x0
00:02:07.022379     PLE gap                    = 0x80
00:02:07.022379     PLE window                 = 0x0
00:02:07.022379     IO-bitmap A addr           = 0x0
00:02:07.022380     IO-bitmap B addr           = 0x0
00:02:07.022380     MSR-bitmap addr            = 0x20ed2b000
00:02:07.022380     VM-exit MSR store addr     = 0x0
00:02:07.022381     VM-exit MSR load addr      = 0x211055da0
00:02:07.022381     VM-entry MSR load addr     = 0x211055d10
00:02:07.022382     Executive VMCS ptr         = 0x0
00:02:07.022382     PML addr                   = 0x0
00:02:07.022382     TSC offset                 = 0xffffffba97952660
00:02:07.022383     Virtual-APIC addr          = 0x2155d3000
00:02:07.022383     APIC-access addr           = 0x0
00:02:07.022383     Posted-intr desc addr      = 0x0
00:02:07.022384     VM-functions control       = 0x0
00:02:07.022384     EPTP ptr                   = 0x0
00:02:07.022384     EOI-exit bitmap 0          = 0x0
00:02:07.022385     EOI-exit bitmap 1          = 0x0
00:02:07.022385     EOI-exit bitmap 2          = 0x0
00:02:07.022385     EOI-exit bitmap 3          = 0x0
00:02:07.022385     EPTP-list addr             = 0x0
00:02:07.022386     VMREAD-bitmap addr         = 0x0
00:02:07.022386     VMWRITE-bitmap addr        = 0x0
00:02:07.022386     Virt-Xcpt info addr        = 0x0
00:02:07.022387     XSS-exiting bitmap         = 0x0
00:02:07.022387     ENCLS-exiting bitmap       = 0x0
00:02:07.022387     SPP-table ptr              = 0x0
00:02:07.022388     TSC multiplier             = 0x0
00:02:07.022388     Tertiary processor ctls    = 0x0
00:02:07.022388     ENCLV-exiting bitmap       = 0x0
00:02:07.022388     PCONFIG-exiting bitmap     = 0x0
00:02:07.022389     HLAT ptr                   = 0x0
00:02:07.022389     Secondary VM-exit controls = 0x0
00:02:07.022389     CR0 guest/host mask        = 0xfffffffffffffff7
00:02:07.022390     CR4 guest/host mask        = 0xffffffffffffe871
00:02:07.022390     CR0 read shadow            = 0x60000010
00:02:07.022391     CR4 read shadow            = 0x0
00:02:07.022391     CR3-target 0               = 0x0
00:02:07.022391     CR3-target 1               = 0x0
00:02:07.022392     CR3-target 2               = 0x0
00:02:07.022392     CR3-target 3               = 0x0
00:02:07.022392   Guest state:
00:02:07.022393     CS                         = {f000 base=00000000ffff0000 limit=0000ffff flags=009b}
00:02:07.022394     SS                         = {0000 base=0000000000000000 limit=0000ffff flags=0093}
00:02:07.022395     ES                         = {0000 base=0000000000000000 limit=0000ffff flags=0093}
00:02:07.022396     DS                         = {0000 base=0000000000000000 limit=0000ffff flags=0093}
00:02:07.022396     FS                         = {0000 base=0000000000000000 limit=0000ffff flags=0093}
00:02:07.022397     GS                         = {0000 base=0000000000000000 limit=0000ffff flags=0093}
00:02:07.022397     LDTR                       = {0000 base=0000000000000000 limit=0000ffff flags=0082}
00:02:07.022398     TR                         = {0000 base=0000000000000000 limit=0000ffff flags=008b}
00:02:07.022398     GDTR                       = {base=0000000000000000 limit=0000ffff}
00:02:07.022399     IDTR                       = {base=0000000000000000 limit=0000ffff}
00:02:07.022399     Interrupt status           = 0x0
00:02:07.022400     PML index                  = 0x0
00:02:07.022400     Interruptibility state     = 0x0
00:02:07.022401     Activity state             = 0x0
00:02:07.022401     SMBASE                     = 0x0
00:02:07.022401     SysEnter CS                = 0x0
00:02:07.022401     VMX-preemption timer value = 0x0
00:02:07.022402     VMCS link ptr              = 0xffffffffffffffff
00:02:07.022402     DBGCTL                     = 0x0
00:02:07.022403     PAT                        = 0x7040600070406
00:02:07.022403     EFER                       = 0x0
00:02:07.022403     PERFGLOBALCTRL             = 0x0
00:02:07.022404     PDPTE 0                    = 0x0
00:02:07.022404     PDPTE 1                    = 0x0
00:02:07.022404     PDPTE 2                    = 0x0
00:02:07.022405     PDPTE 3                    = 0x0
00:02:07.022405     BNDCFGS                    = 0x0
00:02:07.022405     RTIT_CTL                   = 0x0
00:02:07.022405     PKRS                       = 0x0
00:02:07.022406     CR0                        = 0x30
00:02:07.022406     CR3                        = 0x0
00:02:07.022406     CR4                        = 0x2040
00:02:07.022407     DR7                        = 0x400
00:02:07.022407     RSP                        = 0x0
00:02:07.022408     RIP                        = 0x0
00:02:07.022408     RFLAGS                     = 0x2  iopl=0 nv up di pl nz na pe nc
00:02:07.022408     Pending debug xcpts        = 0x0
00:02:07.022409     SysEnter ESP               = 0x0
00:02:07.022409     SysEnter EIP               = 0x0
00:02:07.022409     S_CET                      = 0x0
00:02:07.022410     SSP                        = 0x0
00:02:07.022410     INTERRUPT_SSP_TABLE_ADDR   = 0x0
00:02:07.022410   Host state:
00:02:07.022410     CS                         = 0x10
00:02:07.022411     SS                         = 0x18
00:02:07.022411     DS                         = 0x0
00:02:07.022411     ES                         = 0x0
00:02:07.022412     FS                         = {0000 base=0000000000000000}
00:02:07.022412     GS                         = {0000 base=0000000000000000}
00:02:07.022413     TR                         = {0040 base=fffffe0000059000}
00:02:07.022414     GDTR                       = {base=fffffe0000057000}
00:02:07.022414     IDTR                       = {base=fffffe0000000000}
00:02:07.022415     SysEnter CS                = 0x10
00:02:07.022415     EFER                       = 0xd01
00:02:07.022415     PAT                        = 0x407050600070106
00:02:07.022416     PERFGLOBALCTRL             = 0x0
00:02:07.022416     PKRS                       = 0x0
00:02:07.022417     CR0                        = 0x80050033
00:02:07.022417     CR3                        = 0x20c628006
00:02:07.022417     CR4                        = 0x626e0
00:02:07.022418     SysEnter ESP               = 0xfffffe0000058200
00:02:07.022418     SysEnter EIP               = 0xffffffff9ca01520
00:02:07.022419     RSP                        = 0x0
00:02:07.022419     RIP                        = 0xffffffffc04b1fcf
00:02:07.022419     S_CET                      = 0x0
00:02:07.022420     SSP                        = 0x0
00:02:07.022420     INTERRUPT_SSP_TABLE_ADDR   = 0x0
00:02:07.022420   Read-only data fields:
00:02:07.022421     Exit reason                = 0 (VMX_EXIT_XCPT_OR_NMI - 0 - Exception or non-maskable interrupt (NMI).)
00:02:07.022421     Exit qualification         = 0x0
00:02:07.022421     VM-instruction error       = 0x0
00:02:07.022422     VM-exit intr info          = 0x0
00:02:07.022422       Valid                      = false
00:02:07.022422       Type                       = 0x0 (External Interrupt)
00:02:07.022423       Vector                     = 0x0
00:02:07.022423       NMI-unblocking-IRET        = false
00:02:07.022423       Error-code valid           = false
00:02:07.022424     VM-exit intr error-code    = 0x0
00:02:07.022424     IDT-vectoring info         = 0x0
00:02:07.022424       Valid                      = false
00:02:07.022425       Type                       = 0x0 (External Interrupt)
00:02:07.022425       Vector                     = 0x0
00:02:07.022425       Error-code valid           = false
00:02:07.022426     IDT-vectoring error-code   = 0x0
00:02:07.022426     VM-exit instruction length = 0 byte(s)
00:02:07.022426     VM-exit instruction info   = 0x0
00:02:07.022427     Guest-physical addr        = 0x0
00:02:07.022427     I/O RCX                    = 0x0
00:02:07.022427     I/O RSI                    = 0x0
00:02:07.022427     I/O RDI                    = 0x0
00:02:07.022428     I/O RIP                    = 0x0
00:02:07.022428     Guest-linear addr          = 0x0
00:02:07.022433 VCPU[3] hardware virtualization state:
00:02:07.022434 fSavedInhibit                = 0x0
00:02:07.022435 In nested-guest hwvirt mode  = true
00:02:07.022436 VMX hwvirt state:
00:02:07.022436   GCPhysVmxon                = 0x000000020ebc2000
00:02:07.022436   GCPhysVmcs                 = 0x000000021139d000
00:02:07.022437   GCPhysShadowVmcs           = 0xffffffffffffffff
00:02:07.022437   enmDiag                    = 0 (kVmxVDiag_None - "None")
00:02:07.022438   uDiagAux                   = 0x0
00:02:07.022438   enmAbort                   = 0 (VMXABORT_NONE)
00:02:07.022439   uAbortAux                  = 0 (0x0)
00:02:07.022439   fInVmxRootMode             = true
00:02:07.022440   fInVmxNonRootMode          = true
00:02:07.022440   fInterceptEvents           = true
00:02:07.022440   fNmiUnblockingIret         = false
00:02:07.022440   uFirstPauseLoopTick        = 0
00:02:07.022441   uPrevPauseTick             = 0
00:02:07.022441   uEntryTick                 = 0
00:02:07.022441   offVirtApicWrite           = 0x0
00:02:07.022442   fVirtNmiBlocking           = false
00:02:07.022442   VMCS cache:
00:02:07.022442   Header:
00:02:07.022443     VMCS revision id           = 0x40000001
00:02:07.022443     VMX-abort id               = 0x0 (VMXABORT_NONE)
00:02:07.022444     VMCS state                 = 0x8 (Launched)
00:02:07.022444   Control:
00:02:07.022445     VPID                       = 0x1
00:02:07.022445     Posted intr notify vector  = 0x0
00:02:07.022445     EPTP index                 = 0x0
00:02:07.022446     HLAT prefix size           = 0x0
00:02:07.022446     Pin ctls                   = 0x3f
00:02:07.022447     Processor ctls             = 0xb5a06dfa
00:02:07.022447     Secondary processor ctls   = 0x10ce3
00:02:07.022447     VM-exit ctls               = 0x2fefff
00:02:07.022448     VM-entry ctls              = 0xd1ff
00:02:07.022448     Exception bitmap           = 0x60042
00:02:07.022449     Page-fault mask            = 0x0
00:02:07.022449     Page-fault match           = 0x0
00:02:07.022449     CR3-target count           = 0
00:02:07.022450     VM-exit MSR store count    = 0
00:02:07.022452     VM-exit MSR load count     = 0
00:02:07.022452     VM-entry MSR load count    = 0
00:02:07.022452     VM-entry interruption info = 0x0
00:02:07.022453       Valid                      = false
00:02:07.022453       Type                       = 0x0 (External Interrupt)
00:02:07.022454       Vector                     = 0x0
00:02:07.022454       NMI-unblocking-IRET        = false
00:02:07.022454       Error-code valid           = false
00:02:07.022455     VM-entry xcpt error-code   = 0x0
00:02:07.022455     VM-entry instr length      = 0 byte(s)
00:02:07.022455     TPR threshold              = 0x0
00:02:07.022456     PLE gap                    = 0x80
00:02:07.022456     PLE window                 = 0x1000
00:02:07.022456     IO-bitmap A addr           = 0x0
00:02:07.022457     IO-bitmap B addr           = 0x0
00:02:07.022457     MSR-bitmap addr            = 0x20ed2b000
00:02:07.022457     VM-exit MSR store addr     = 0x0
00:02:07.022458     VM-exit MSR load addr      = 0x211055da0
00:02:07.022458     VM-entry MSR load addr     = 0x211055d10
00:02:07.022459     Executive VMCS ptr         = 0x0
00:02:07.022459     PML addr                   = 0x0
00:02:07.022459     TSC offset                 = 0xffffffba97952660
00:02:07.022460     Virtual-APIC addr          = 0x2155d3000
00:02:07.022460     APIC-access addr           = 0x1d9985000
00:02:07.022461     Posted-intr desc addr      = 0x0
00:02:07.022461     VM-functions control       = 0x0
00:02:07.022461     EPTP ptr                   = 0x20cef501e
00:02:07.022462     EOI-exit bitmap 0          = 0x0
00:02:07.022462     EOI-exit bitmap 1          = 0x0
00:02:07.022462     EOI-exit bitmap 2          = 0x0
00:02:07.022462     EOI-exit bitmap 3          = 0x0
00:02:07.022463     EPTP-list addr             = 0x0
00:02:07.022463     VMREAD-bitmap addr         = 0x0
00:02:07.022463     VMWRITE-bitmap addr        = 0x0
00:02:07.022464     Virt-Xcpt info addr        = 0x0
00:02:07.022464     XSS-exiting bitmap         = 0x0
00:02:07.022464     ENCLS-exiting bitmap       = 0x0
00:02:07.022464     SPP-table ptr              = 0x0
00:02:07.022465     TSC multiplier             = 0x0
00:02:07.022465     Tertiary processor ctls    = 0x0
00:02:07.022465     ENCLV-exiting bitmap       = 0x0
00:02:07.022466     PCONFIG-exiting bitmap     = 0x0
00:02:07.022466     HLAT ptr                   = 0x0
00:02:07.022466     Secondary VM-exit controls = 0x0
00:02:07.022467     CR0 guest/host mask        = 0xfffffffffffffff7
00:02:07.022467     CR4 guest/host mask        = 0xffffffffffffe871
00:02:07.022468     CR0 read shadow            = 0x60000011
00:02:07.022468     CR4 read shadow            = 0x0
00:02:07.022468     CR3-target 0               = 0x0
00:02:07.022469     CR3-target 1               = 0x0
00:02:07.022469     CR3-target 2               = 0x0
00:02:07.022469     CR3-target 3               = 0x0
00:02:07.022470   Guest state:
00:02:07.022470     CS                         = {0008 base=0000000000000000 limit=ffffffff flags=c09b}
00:02:07.022472     SS                         = {0010 base=0000000000000000 limit=ffffffff flags=c093}
00:02:07.022473     ES                         = {0010 base=0000000000000000 limit=ffffffff flags=c093}
00:02:07.022473     DS                         = {0010 base=0000000000000000 limit=ffffffff flags=c093}
00:02:07.022474     FS                         = {0010 base=0000000000000000 limit=ffffffff flags=c093}
00:02:07.022474     GS                         = {0010 base=0000000000000000 limit=ffffffff flags=c093}
00:02:07.022475     LDTR                       = {0000 base=0000000000000000 limit=0000ffff flags=0082}
00:02:07.022476     TR                         = {0000 base=0000000000000000 limit=0000ffff flags=008b}
00:02:07.022476     GDTR                       = {base=00000000000f6be8 limit=00000037}
00:02:07.022477     IDTR                       = {base=00000000000f6c26 limit=00000000}
00:02:07.022478     Interrupt status           = 0x0
00:02:07.022478     PML index                  = 0x0
00:02:07.022478     Interruptibility state     = 0x0
00:02:07.022479     Activity state             = 0x0
00:02:07.022479     SMBASE                     = 0x0
00:02:07.022479     SysEnter CS                = 0x0
00:02:07.022480     VMX-preemption timer value = 0x0
00:02:07.022480     VMCS link ptr              = 0xffffffffffffffff
00:02:07.022481     DBGCTL                     = 0x0
00:02:07.022481     PAT                        = 0x7040600070406
00:02:07.022481     EFER                       = 0x0
00:02:07.022482     PERFGLOBALCTRL             = 0x0
00:02:07.022482     PDPTE 0                    = 0x0
00:02:07.022482     PDPTE 1                    = 0x0
00:02:07.022483     PDPTE 2                    = 0x0
00:02:07.022483     PDPTE 3                    = 0x0
00:02:07.022483     BNDCFGS                    = 0x0
00:02:07.022483     RTIT_CTL                   = 0x0
00:02:07.022484     PKRS                       = 0x0
00:02:07.022484     CR0                        = 0x31
00:02:07.022484     CR3                        = 0x0
00:02:07.022485     CR4                        = 0x2040
00:02:07.022485     DR7                        = 0x400
00:02:07.022486     RSP                        = 0x6f94
00:02:07.022486     RIP                        = 0xffff1226
00:02:07.022486     RFLAGS                     = 0x10006 iopl=0 rf nv up di pl nz na po nc
00:02:07.022487     Pending debug xcpts        = 0x0
00:02:07.022487     SysEnter ESP               = 0x0
00:02:07.022488     SysEnter EIP               = 0x0
00:02:07.022488     S_CET                      = 0x0
00:02:07.022488     SSP                        = 0x0
00:02:07.022489     INTERRUPT_SSP_TABLE_ADDR   = 0x0
00:02:07.022489   Host state:
00:02:07.022489     CS                         = 0x10
00:02:07.022490     SS                         = 0x18
00:02:07.022490     DS                         = 0x0
00:02:07.022490     ES                         = 0x0
00:02:07.022491     FS                         = {0000 base=00007fb2eba03700}
00:02:07.022491     GS                         = {0000 base=ffff8a2ed7b80000}
00:02:07.022492     TR                         = {0040 base=fffffe0000084000}
00:02:07.022493     GDTR                       = {base=fffffe0000082000}
00:02:07.022493     IDTR                       = {base=fffffe0000000000}
00:02:07.022494     SysEnter CS                = 0x10
00:02:07.022494     EFER                       = 0xd01
00:02:07.022495     PAT                        = 0x407050600070106
00:02:07.022495     PERFGLOBALCTRL             = 0x0
00:02:07.022495     PKRS                       = 0x0
00:02:07.022496     CR0                        = 0x80050033
00:02:07.022496     CR3                        = 0x20c628006
00:02:07.022497     CR4                        = 0x626e0
00:02:07.022497     SysEnter ESP               = 0xfffffe0000083200
00:02:07.022498     SysEnter EIP               = 0xffffffff9ca01520
00:02:07.022498     RSP                        = 0xffffb569c4277ca0
00:02:07.022498     RIP                        = 0xffffffffc04b1fcf
00:02:07.022499     S_CET                      = 0x0
00:02:07.022499     SSP                        = 0x0
00:02:07.022499     INTERRUPT_SSP_TABLE_ADDR   = 0x0
00:02:07.022500   Read-only data fields:
00:02:07.022500     Exit reason                = 0 (VMX_EXIT_XCPT_OR_NMI - 0 - Exception or non-maskable interrupt (NMI).)
00:02:07.022501     Exit qualification         = 0x0
00:02:07.022501     VM-instruction error       = 0x0
00:02:07.022502     VM-exit intr info          = 0x0
00:02:07.022502       Valid                      = false
00:02:07.022502       Type                       = 0x0 (External Interrupt)
00:02:07.022503       Vector                     = 0x0
00:02:07.022503       NMI-unblocking-IRET        = false
00:02:07.022503       Error-code valid           = false
00:02:07.022504     VM-exit intr error-code    = 0x0
00:02:07.022504     IDT-vectoring info         = 0x0
00:02:07.022504       Valid                      = false
00:02:07.022505       Type                       = 0x0 (External Interrupt)
00:02:07.022505       Vector                     = 0x0
00:02:07.022505       Error-code valid           = false
00:02:07.022506     IDT-vectoring error-code   = 0x0
00:02:07.022506     VM-exit instruction length = 0 byte(s)
00:02:07.022506     VM-exit instruction info   = 0x0
00:02:07.022507     Guest-physical addr        = 0x0
00:02:07.022507     I/O RCX                    = 0x0
00:02:07.022507     I/O RSI                    = 0x0
00:02:07.022507     I/O RDI                    = 0x0
00:02:07.022508     I/O RIP                    = 0x0
00:02:07.022508     Guest-linear addr          = 0x0
00:02:07.022509 !!
00:02:07.022510 !! {cpumguestinstr, verbose}
00:02:07.022510 !!
00:02:07.022604 
00:02:07.022605 CPUM0: 0033:00007f5887ffb647 48 63 d0                movsxd rdx, rax
00:02:07.022605 
00:02:07.022618 
00:02:07.022618 CPUM1: 0010:ffffffff9c9e8bd6 5d                      pop rbp
00:02:07.022619 
00:02:07.022626 
00:02:07.022626 CPUM2: 0010:ffffffff9c9e8bd6 5d                      pop rbp
00:02:07.022626 
00:02:07.022645 
00:02:07.022645 CPUM3: 0008:ffff1226 00 00                   add byte [eax], al
00:02:07.022646 
00:02:07.022646 !!
00:02:07.022647 !! {cpumhyper, verbose}
00:02:07.022647 !!
00:02:07.022649 Hypervisor CPUM state: 
00:02:07.022650 .dr0=0000000000000000 .dr1=0000000000000000 .dr2=0000000000000000 .dr3=0000000000000000
00:02:07.022650 .dr4=0000000000000000 .dr5=0000000000000000 .dr6=0000000000000000 .dr7=0000000000000000
00:02:07.022655 Hypervisor CPUM state: 
00:02:07.022656 .dr0=0000000000000000 .dr1=0000000000000000 .dr2=0000000000000000 .dr3=0000000000000000
00:02:07.022656 .dr4=0000000000000000 .dr5=0000000000000000 .dr6=0000000000000000 .dr7=0000000000000000
00:02:07.022661 Hypervisor CPUM state: 
00:02:07.022661 .dr0=0000000000000000 .dr1=0000000000000000 .dr2=0000000000000000 .dr3=0000000000000000
00:02:07.022662 .dr4=0000000000000000 .dr5=0000000000000000 .dr6=0000000000000000 .dr7=0000000000000000
00:02:07.022666 Hypervisor CPUM state: 
00:02:07.022666 .dr0=0000000000000000 .dr1=0000000000000000 .dr2=0000000000000000 .dr3=0000000000000000
00:02:07.022667 .dr4=0000000000000000 .dr5=0000000000000000 .dr6=0000000000000000 .dr7=0000000000000000
00:02:07.022669 !!
00:02:07.022669 !! {cpumhost, verbose}
00:02:07.022669 !!
00:02:07.022671 Host CPUM state: 
00:02:07.022672 rax=xxxxxxxxxxxxxxxx rbx=0000000000000000 rcx=xxxxxxxxxxxxxxxx
00:02:07.022672 rdx=xxxxxxxxxxxxxxxx rsi=0000000000000000 rdi=0000000000000000
00:02:07.022672 rip=xxxxxxxxxxxxxxxx rsp=0000000000000000 rbp=0000000000000000
00:02:07.022672  r8=xxxxxxxxxxxxxxxx  r9=xxxxxxxxxxxxxxxx r10=0000000000000000
00:02:07.022673 r11=0000000000000000 r12=0000000000000000 r13=0000000000000000
00:02:07.022673 r14=0000000000000000 r15=0000000000000000
00:02:07.022673 iopl=0   iopl=0 nv up di pl nz na pe nc
00:02:07.022673 cs=0000  ds=0000  es=0000  fs=0000  gs=0000                   eflags=00000000
00:02:07.022674 cr0=0000000000000000 cr2=xxxxxxxxxxxxxxxx cr3=0000000000000000
00:02:07.022674 cr4=0000000000000000 ldtr=0000 tr=0000
00:02:07.022675 dr[0]=0000000000000000 dr[1]=0000000000000000 dr[2]=0000000000000000
00:02:07.022675 dr[3]=0000000000000000 dr[6]=00000000ffff0ff0 dr[7]=0000000000000400
00:02:07.022675 gdtr=0000000000000000:0000  idtr=0000000000000000:0000
00:02:07.022676 SysEnter={cs=0000 eip=00000000 esp=00000000}
00:02:07.022676 FSbase=0000000000000000 GSbase=0000000000000000 efer=00000000
00:02:07.022683 Host CPUM state: 
00:02:07.022684 rax=xxxxxxxxxxxxxxxx rbx=0000000000000000 rcx=xxxxxxxxxxxxxxxx
00:02:07.022684 rdx=xxxxxxxxxxxxxxxx rsi=0000000000000000 rdi=0000000000000000
00:02:07.022685 rip=xxxxxxxxxxxxxxxx rsp=0000000000000000 rbp=0000000000000000
00:02:07.022685  r8=xxxxxxxxxxxxxxxx  r9=xxxxxxxxxxxxxxxx r10=0000000000000000
00:02:07.022685 r11=0000000000000000 r12=0000000000000000 r13=0000000000000000
00:02:07.022685 r14=0000000000000000 r15=0000000000000000
00:02:07.022686 iopl=0   iopl=0 nv up di pl nz na pe nc
00:02:07.022686 cs=0000  ds=0000  es=0000  fs=0000  gs=0000                   eflags=00000000
00:02:07.022686 cr0=0000000000000000 cr2=xxxxxxxxxxxxxxxx cr3=0000000000000000
00:02:07.022687 cr4=0000000000000000 ldtr=0000 tr=0000
00:02:07.022687 dr[0]=0000000000000000 dr[1]=0000000000000000 dr[2]=0000000000000000
00:02:07.022687 dr[3]=0000000000000000 dr[6]=00000000ffff4ff0 dr[7]=0000000000000400
00:02:07.022688 gdtr=0000000000000000:0000  idtr=0000000000000000:0000
00:02:07.022688 SysEnter={cs=0000 eip=00000000 esp=00000000}
00:02:07.022689 FSbase=0000000000000000 GSbase=0000000000000000 efer=00000000
00:02:07.022695 Host CPUM state: 
00:02:07.022696 rax=xxxxxxxxxxxxxxxx rbx=0000000000000000 rcx=xxxxxxxxxxxxxxxx
00:02:07.022696 rdx=xxxxxxxxxxxxxxxx rsi=0000000000000000 rdi=0000000000000000
00:02:07.022696 rip=xxxxxxxxxxxxxxxx rsp=0000000000000000 rbp=0000000000000000
00:02:07.022697  r8=xxxxxxxxxxxxxxxx  r9=xxxxxxxxxxxxxxxx r10=0000000000000000
00:02:07.022697 r11=0000000000000000 r12=0000000000000000 r13=0000000000000000
00:02:07.022697 r14=0000000000000000 r15=0000000000000000
00:02:07.022698 iopl=0   iopl=0 nv up di pl nz na pe nc
00:02:07.022698 cs=0000  ds=0000  es=0000  fs=0000  gs=0000                   eflags=00000000
00:02:07.022698 cr0=0000000000000000 cr2=xxxxxxxxxxxxxxxx cr3=0000000000000000
00:02:07.022699 cr4=0000000000000000 ldtr=0000 tr=0000
00:02:07.022699 dr[0]=0000000000000000 dr[1]=0000000000000000 dr[2]=0000000000000000
00:02:07.022699 dr[3]=0000000000000000 dr[6]=00000000ffff4ff0 dr[7]=0000000000000400
00:02:07.022700 gdtr=0000000000000000:0000  idtr=0000000000000000:0000
00:02:07.022700 SysEnter={cs=0000 eip=00000000 esp=00000000}
00:02:07.022700 FSbase=0000000000000000 GSbase=0000000000000000 efer=00000000
00:02:07.022707 Host CPUM state: 
00:02:07.022708 rax=xxxxxxxxxxxxxxxx rbx=0000000000000000 rcx=xxxxxxxxxxxxxxxx
00:02:07.022708 rdx=xxxxxxxxxxxxxxxx rsi=0000000000000000 rdi=0000000000000000
00:02:07.022708 rip=xxxxxxxxxxxxxxxx rsp=0000000000000000 rbp=0000000000000000
00:02:07.022709  r8=xxxxxxxxxxxxxxxx  r9=xxxxxxxxxxxxxxxx r10=0000000000000000
00:02:07.022709 r11=0000000000000000 r12=0000000000000000 r13=0000000000000000
00:02:07.022709 r14=0000000000000000 r15=0000000000000000
00:02:07.022709 iopl=0   iopl=0 nv up di pl nz na pe nc
00:02:07.022710 cs=0000  ds=0000  es=0000  fs=0000  gs=0000                   eflags=00000000
00:02:07.022710 cr0=0000000000000000 cr2=xxxxxxxxxxxxxxxx cr3=0000000000000000
00:02:07.022711 cr4=0000000000000000 ldtr=0000 tr=0000
00:02:07.022711 dr[0]=0000000000000000 dr[1]=0000000000000000 dr[2]=0000000000000000
00:02:07.022711 dr[3]=0000000000000000 dr[6]=00000000ffff4ff0 dr[7]=0000000000000400
00:02:07.022712 gdtr=0000000000000000:0000  idtr=0000000000000000:0000
00:02:07.022712 SysEnter={cs=0000 eip=00000000 esp=00000000}
00:02:07.022712 FSbase=0000000000000000 GSbase=0000000000000000 efer=00000000
00:02:07.022716 !!
00:02:07.022716 !! {mode, all}
00:02:07.022717 !!
00:02:07.022720 Guest paging mode (VCPU #0):  AMD64+NX (changed 927004 times), A20 enabled (changed 2 times)
00:02:07.022722 Guest SLAT mode (VCPU #0): Direct
00:02:07.022722 Shadow paging mode (VCPU #0): EPT
00:02:07.022723 Host paging mode:             AMD64+G+NX
00:02:07.022727 Guest paging mode (VCPU #1):  AMD64+NX (changed 3 times), A20 enabled (changed 0 times)
00:02:07.022728 Guest SLAT mode (VCPU #1): Direct
00:02:07.022729 Shadow paging mode (VCPU #1): EPT
00:02:07.022729 Host paging mode:             AMD64+G+NX
00:02:07.022733 Guest paging mode (VCPU #2):  AMD64+NX (changed 3 times), A20 enabled (changed 0 times)
00:02:07.022734 Guest SLAT mode (VCPU #2): Direct
00:02:07.022735 Shadow paging mode (VCPU #2): EPT
00:02:07.022735 Host paging mode:             AMD64+G+NX
00:02:07.022739 Guest paging mode (VCPU #3):  Protected (changed 842 times), A20 enabled (changed 0 times)
00:02:07.022741 Guest SLAT mode (VCPU #3): EPT
00:02:07.022741 Shadow paging mode (VCPU #3): EPT
00:02:07.022741 Host paging mode:             AMD64+G+NX
00:02:07.022742 !!
00:02:07.022742 !! {cpuid, verbose}
00:02:07.022742 !!
00:02:07.024154          Raw Standard CPUID Leaves
00:02:07.024154      Leaf/sub-leaf  eax      ebx      ecx      edx
00:02:07.024155 Gst: 00000000/0000  00000016 756e6547 6c65746e 49656e69
00:02:07.024156 Hst:                00000020 756e6547 6c65746e 49656e69
00:02:07.024157 Gst: 00000001/0000  000906a3 00040800 f6fa3223 178bfbff
00:02:07.024158 Hst:                000906a3 01800800 7ffafbff bfebfbff
00:02:07.024159 Gst: 00000002/0000  00feff01 000000f0 00000000 00000000
00:02:07.024160 Hst:                00feff01 000000f0 00000000 00000000
00:02:07.024160 Gst: 00000003/0000  00000000 00000000 00000000 00000000
00:02:07.024161 Hst:                00000000 00000000 00000000 00000000
00:02:07.024161 Gst: 00000004/0000  0c000121 02c0003f 0000003f 00000000
00:02:07.024162 Hst:                fc004121 02c0003f 0000003f 00000000
00:02:07.024163 Gst: 00000004/0001  0c000122 01c0003f 0000003f 00000000
00:02:07.024163 Hst:                fc004122 01c0003f 0000003f 00000000
00:02:07.024163 Gst: 00000004/0002  0c000143 0240003f 000007ff 00000000
00:02:07.024164 Hst:                fc01c143 0240003f 000007ff 00000000
00:02:07.024165 Gst: 00000004/0003  0c000163 02c0003f 00007fff 00000004
00:02:07.024165 Hst:                fc1fc163 02c0003f 00007fff 00000004
00:02:07.024166 Gst: 00000004/0004  0c000000 00000000 00000000 00000000
00:02:07.024166 Hst:                00000000 00000000 00000000 00000000
00:02:07.024167 Gst: 00000005/0000  00000000 00000000 00000000 00000000
00:02:07.024167 Hst:                00000040 00000040 00000003 10102020
00:02:07.024168 Gst: 00000006/0000  00000004 00000000 00000000 00000000
00:02:07.024168 Hst:                00dfcff7 00000002 00000409 00000003
00:02:07.024169 Gst: 00000007/0000  00000002 208c2569 00000000 30000400
00:02:07.024170 Hst:                00000002 239c27eb 98c007ac fc18c410
00:02:07.024170 Gst: 00000007/0001  00000000 00000000 00000000 00000000
00:02:07.024171 Hst:                00400810 00000000 00000000 00000000
00:02:07.024171 Gst: 00000007/0002  00000000 00000000 00000000 00000000
00:02:07.024172 Hst:                00000000 00000000 00000000 00000017
00:02:07.024172 Gst: 00000007/0003  00000000 00000000 00000000 00000000
00:02:07.024173 Hst:                00000000 00000000 00000000 00000000
00:02:07.024173 Gst: 00000008/0000  00000000 00000000 00000000 00000000
00:02:07.024174 Hst:                00000000 00000000 00000000 00000000
00:02:07.024174 Gst: 00000009/0000  00000000 00000000 00000000 00000000
00:02:07.024175 Hst:                00000000 00000000 00000000 00000000
00:02:07.024175 Gst: 0000000a/0000  00000000 00000000 00000000 00000000
00:02:07.024176 Hst:                07300605 00000000 00000007 00008603
00:02:07.024176 Gst: 0000000b/0000  00000000 00000001 00000100 00000000
00:02:07.024177 Hst:                00000001 00000002 00000100 00000001
00:02:07.024177 Gst: 0000000b/0001  00000002 00000004 00000201 00000000
00:02:07.024178 Hst:                00000007 00000014 00000201 00000001
00:02:07.024178 Gst: 0000000b/0002  00000000 00000000 00000002 00000000
00:02:07.024179 Hst:                00000000 00000000 00000002 00000001
00:02:07.024179 Gst: 0000000c/0000  00000000 00000000 00000000 00000000
00:02:07.024180 Hst:                00000000 00000000 00000000 00000000
00:02:07.024180 Gst: 0000000d/0000  00000007 00000340 00000340 00000000
00:02:07.024181 Hst:                00000207 00000340 00000a88 00000000
00:02:07.024182 Gst: 0000000d/0001  00000000 000003d0 00000000 00000000
00:02:07.024182 Hst:                0000000f 000003d0 00019900 00000000
00:02:07.024183 Gst: 0000000d/0002  00000100 00000240 00000000 00000000
00:02:07.024183 Hst:                00000100 00000240 00000000 00000000
00:02:07.024184 Gst: 0000000d/0003  00000000 00000000 00000000 00000000
00:02:07.024184 Hst:                00000000 00000000 00000000 00000000
00:02:07.024185 Gst: 0000000d/0004  00000000 00000000 00000000 00000000
00:02:07.024185 Hst:                00000000 00000000 00000000 00000000
00:02:07.024186 Gst: 0000000d/0005  00000000 00000000 00000000 00000000
00:02:07.024186 Hst:                00000000 00000000 00000000 00000000
00:02:07.024186 Gst: 0000000d/0006  00000000 00000000 00000000 00000000
00:02:07.024187 Hst:                00000000 00000000 00000000 00000000
00:02:07.024187 Gst: 0000000d/0007  00000000 00000000 00000000 00000000
00:02:07.024188 Hst:                00000000 00000000 00000000 00000000
00:02:07.024188 Gst: 0000000d/0008  00000000 00000000 00000000 00000000
00:02:07.024189 Hst:                00000080 00000000 00000001 00000000
00:02:07.024189 Gst: 0000000d/0009  00000000 00000000 00000000 00000000
00:02:07.024190 Hst:                00000008 00000a80 00000000 00000000
00:02:07.024190 Gst: 0000000d/000a  00000000 00000000 00000000 00000000
00:02:07.024191 Hst:                00000000 00000000 00000000 00000000
00:02:07.024191 Gst: 0000000d/000b  00000000 00000000 00000000 00000000
00:02:07.024192 Hst:                00000010 00000000 00000001 00000000
00:02:07.024192 Gst: 0000000d/000c  00000000 00000000 00000000 00000000
00:02:07.024192 Hst:                00000018 00000000 00000001 00000000
00:02:07.024193 Gst: 0000000d/000d  00000000 00000000 00000000 00000000
00:02:07.024193 Hst:                00000000 00000000 00000000 00000000
00:02:07.024194 Gst: 0000000d/000e  00000000 00000000 00000000 00000000
00:02:07.024194 Hst:                00000000 00000000 00000000 00000000
00:02:07.024195 Gst: 0000000d/000f  00000000 00000000 00000000 00000000
00:02:07.024195 Hst:                00000328 00000000 00000001 00000000
00:02:07.024196 Gst: 0000000d/0010  00000000 00000000 00000000 00000000
00:02:07.024196 Hst:                00000008 00000000 00000001 00000000
00:02:07.024197 Gst: 0000000d/0011  00000000 00000000 00000000 00000000
00:02:07.024197 Hst:                00000000 00000000 00000000 00000000
00:02:07.024198 Gst: 0000000e/0000  00000000 00000000 00000000 00000000
00:02:07.024198 Hst:                00000000 00000000 00000000 00000000
00:02:07.024199 Gst: 0000000f/0000  00000000 00000000 00000000 00000000
00:02:07.024199 Hst:                00000000 00000000 00000000 00000000
00:02:07.024200 Gst: 00000010/0000  00000000 00000000 00000000 00000000
00:02:07.024200 Hst:                00000000 00000000 00000000 00000000
00:02:07.024200 Gst: 00000011/0000  00000000 00000000 00000000 00000000
00:02:07.024201 Hst:                00000000 00000000 00000000 00000000
00:02:07.024201 Gst: 00000012/0000  00000000 00000000 00000000 00000000
00:02:07.024202 Hst:                00000000 00000000 00000000 00000000
00:02:07.024202 Gst: 00000013/0000  00000000 00000000 00000000 00000000
00:02:07.024203 Hst:                00000000 00000000 00000000 00000000
00:02:07.024203 Gst: 00000014/0000  00000000 00000000 00000000 00000000
00:02:07.024204 Hst:                00000001 0000005f 00000007 00000000
00:02:07.024204 Hst: 00000015/0000  00000002 0000008c 0249f000 00000000
00:02:07.024205 Hst: 00000016/0000  00000a8c 0000125c 00000064 00000000
00:02:07.024206 Hst: 00000017/0000  00000000 00000000 00000000 00000000
00:02:07.024206 Hst: 00000018/0000  00000008 00000000 00000000 00000000
00:02:07.024207 Hst: 00000019/0000  00000007 00000014 00000003 00000000
00:02:07.024207 Hst: 0000001a/0000  40000001 00000000 00000000 00000000
00:02:07.024208 Hst: 0000001b/0000  00000000 00000000 00000000 00000000
00:02:07.024209 Hst: 0000001c/0000  4000000b 00000007 00000007 00000000
00:02:07.024209 Hst: 0000001d/0000  00000000 00000000 00000000 00000000
00:02:07.024210 Hst: 0000001e/0000  00000000 00000000 00000000 00000000
00:02:07.024210 Hst: 0000001f/0000  00000001 00000002 00000100 00000001
00:02:07.024211 Hst: 00000020/0000  00000000 00000001 00000000 00000000
00:02:07.024211                                Name: GenuineIntel
00:02:07.024212                            Supports: 0x00000000-0x00000016
00:02:07.024214                              Family:  6 	Extended: 0 	Effective: 6
00:02:07.024214                               Model: 10 	Extended: 9 	Effective: 154
00:02:07.024215                            Stepping: 3
00:02:07.024216                                Type: 0 (primary)
00:02:07.024216                             APIC ID: 0x00
00:02:07.024216                        Logical CPUs: 4
00:02:07.024217                        CLFLUSH Size: 8
00:02:07.024217                            Brand ID: 0x00
00:02:07.024220 Features
00:02:07.024220   Mnemonic - Description                                  = Guest (Host)
00:02:07.024222   FPU - x87 FPU on Chip                                   = 1 (1)
00:02:07.024223   VME - Virtual 8086 Mode Enhancements                    = 1 (1)
00:02:07.024224   DE - Debugging extensions                               = 1 (1)
00:02:07.024225   PSE - Page Size Extension                               = 1 (1)
00:02:07.024225   TSC - Time Stamp Counter                                = 1 (1)
00:02:07.024226   MSR - Model Specific Registers                          = 1 (1)
00:02:07.024227   PAE - Physical Address Extension                        = 1 (1)
00:02:07.024228   MCE - Machine Check Exception                           = 1 (1)
00:02:07.024228   CX8 - CMPXCHG8B instruction                             = 1 (1)
00:02:07.024229   APIC - APIC On-Chip                                     = 1 (1)
00:02:07.024230   SEP - SYSENTER and SYSEXIT Present                      = 1 (1)
00:02:07.024231   MTRR - Memory Type Range Registers                      = 1 (1)
00:02:07.024232   PGE - PTE Global Bit                                    = 1 (1)
00:02:07.024233   MCA - Machine Check Architecture                        = 1 (1)
00:02:07.024233   CMOV - Conditional Move instructions                    = 1 (1)
00:02:07.024234   PAT - Page Attribute Table                              = 1 (1)
00:02:07.024235   PSE-36 - 36-bit Page Size Extension                     = 1 (1)
00:02:07.024235   PSN - Processor Serial Number                           = 0 (0)
00:02:07.024236   CLFSH - CLFLUSH instruction                             = 1 (1)
00:02:07.024237   DS - Debug Store                                        = 0 (1)
00:02:07.024238   ACPI - Thermal Mon. & Soft. Clock Ctrl.                 = 0 (1)
00:02:07.024239   MMX - Intel MMX Technology                              = 1 (1)
00:02:07.024240   FXSR - FXSAVE and FXRSTOR instructions                  = 1 (1)
00:02:07.024240   SSE - SSE support                                       = 1 (1)
00:02:07.024241   SSE2 - SSE2 support                                     = 1 (1)
00:02:07.024242   SS - Self Snoop                                         = 0 (1)
00:02:07.024243   HTT - Hyper-Threading Technology                        = 1 (1)
00:02:07.024243   TM - Therm. Monitor                                     = 0 (1)
00:02:07.024245   PBE - Pending Break Enabled                             = 0 (1)
00:02:07.024245   SSE3 - SSE3 support                                     = 1 (1)
00:02:07.024246   PCLMUL - PCLMULQDQ support (for AES-GCM)                = 1 (1)
00:02:07.024247   DTES64 - DS Area 64-bit Layout                          = 0 (1)
00:02:07.024247   MONITOR - MONITOR/MWAIT instructions                    = 0 (1)
00:02:07.024248   CPL-DS - CPL Qualified Debug Store                      = 0 (1)
00:02:07.024249   VMX - Virtual Machine Extensions                        = 1 (1)
00:02:07.024250   SMX - Safer Mode Extensions                             = 0 (1)
00:02:07.024250   EST - Enhanced SpeedStep Technology                     = 0 (1)
00:02:07.024251   TM2 - Terminal Monitor 2                                = 0 (1)
00:02:07.024252   SSSE3 - Supplemental Streaming SIMD Extensions 3        = 1 (1)
00:02:07.024253   CNTX-ID - L1 Context ID                                 = 0 (0)
00:02:07.024253   SDBG - Silicon Debug interface                          = 0 (1)
00:02:07.024254   FMA - Fused Multiply Add extensions                     = 1 (1)
00:02:07.024255   CX16 - CMPXCHG16B instruction                           = 1 (1)
00:02:07.024256   TPRUPDATE - xTPR Update Control                         = 0 (1)
00:02:07.024256   PDCM - Perf/Debug Capability MSR                        = 0 (1)
00:02:07.024257   PCID - Process Context Identifiers                      = 1 (1)
00:02:07.024258   DCA - Direct Cache Access                               = 0 (0)
00:02:07.024259   SSE4_1 - SSE4_1 support                                 = 1 (1)
00:02:07.024259   SSE4_2 - SSE4_2 support                                 = 1 (1)
00:02:07.024260   X2APIC - x2APIC support                                 = 1 (1)
00:02:07.024261   MOVBE - MOVBE instruction                               = 1 (1)
00:02:07.024262   POPCNT - POPCNT instruction                             = 1 (1)
00:02:07.024262   TSCDEADL - Time Stamp Counter Deadline                  = 0 (1)
00:02:07.024263   AES - AES instructions                                  = 1 (1)
00:02:07.024264   XSAVE - XSAVE instruction                               = 1 (1)
00:02:07.024265   OSXSAVE - OSXSAVE instruction                           = 0 (1)
00:02:07.024265   AVX - AVX support                                       = 1 (1)
00:02:07.024266   F16C - 16-bit floating point conversion instructions    = 1 (1)
00:02:07.024267   RDRAND - RDRAND instruction                             = 1 (1)
00:02:07.024268   HVP - Hypervisor Present (we're a guest)                = 1 (0)
00:02:07.024268 Structured Extended Feature Flags Enumeration (leaf 7):
00:02:07.024269 Sub-leaf 0
00:02:07.024269   Mnemonic - Description                                  = Guest (Host)
00:02:07.024270   FSGSBASE - RDFSBASE/RDGSBASE/WRFSBASE/WRGSBASE instr.   = 1 (1)
00:02:07.024270   TSCADJUST - Supports MSR_IA32_TSC_ADJUST                = 0 (1)
00:02:07.024271   SGX - Supports Software Guard Extensions                = 0 (0)
00:02:07.024272   BMI1 - Advanced Bit Manipulation extension 1            = 1 (1)
00:02:07.024272   HLE - Hardware Lock Elision                             = 0 (0)
00:02:07.024273   AVX2 - Advanced Vector Extensions 2                     = 1 (1)
00:02:07.024274   FDP_EXCPTN_ONLY - FPU DP only updated on exceptions     = 1 (1)
00:02:07.024275   SMEP - Supervisor Mode Execution Prevention             = 0 (1)
00:02:07.024275   BMI2 - Advanced Bit Manipulation extension 2            = 1 (1)
00:02:07.024276   ERMS - Enhanced REP MOVSB/STOSB instructions            = 0 (1)
00:02:07.024276   INVPCID - INVPCID instruction                           = 1 (1)
00:02:07.024277   RTM - Restricted Transactional Memory                   = 0 (0)
00:02:07.024278   PQM - Platform Quality of Service Monitoring            = 0 (0)
00:02:07.024278   DEPFPU_CS_DS - Deprecates FPU CS, FPU DS values if set  = 1 (1)
00:02:07.024279   MPE - Intel Memory Protection Extensions                = 0 (0)
00:02:07.024280   PQE - Platform Quality of Service Enforcement           = 0 (0)
00:02:07.024280   AVX512F - AVX512 Foundation instructions                = 0 (0)
00:02:07.024281   RDSEED - RDSEED instruction                             = 1 (1)
00:02:07.024282   ADX - ADCX/ADOX instructions                            = 1 (1)
00:02:07.024282   SMAP - Supervisor Mode Access Prevention                = 0 (1)
00:02:07.024283   CLFLUSHOPT - CLFLUSHOPT (Cache Line Flush) instruction  = 1 (1)
00:02:07.024284   CLWB - CLWB instruction                                 = 0 (1)
00:02:07.024285   INTEL_PT - Intel Processor Trace                        = 0 (1)
00:02:07.024285   AVX512PF - AVX512 Prefetch instructions                 = 0 (0)
00:02:07.024286   AVX512ER - AVX512 Exponential & Reciprocal instructions = 0 (0)
00:02:07.024287   AVX512CD - AVX512 Conflict Detection instructions       = 0 (0)
00:02:07.024287   SHA - Secure Hash Algorithm extensions                  = 1 (1)
00:02:07.024288   PREFETCHWT1 - PREFETCHWT1 instruction                   = 0 (0)
00:02:07.024289   UMIP - User mode insturction prevention                 = 0 (1)
00:02:07.024289   PKU - Protection Key for Usermode pages                 = 0 (1)
00:02:07.024290   OSPKE - CR4.PKU mirror                                  = 0 (0)
00:02:07.024291    5 - Reserved                                           = 0 (1)
00:02:07.024292    7 - Reserved                                           = 0 (1)
00:02:07.024293    8 - Reserved                                           = 0 (1)
00:02:07.024294    9 - Reserved                                           = 0 (1)
00:02:07.024295   10 - Reserved                                           = 0 (1)
00:02:07.024295   MAWAU - Value used by BNDLDX & BNDSTX                   = 0x0 (0x0)
00:02:07.024296   RDPID - Read processor ID support                       = 0 (1)
00:02:07.024297   23 - Reserved                                           = 0 (1)
00:02:07.024298   27 - Reserved                                           = 0 (1)
00:02:07.024299   28 - Reserved                                           = 0 (1)
00:02:07.024300   SGX_LC - Supports SGX Launch Configuration              = 0 (0)
00:02:07.024300   31 - Reserved                                           = 0 (1)
00:02:07.024301    4 - Reserved                                           = 0 (1)
00:02:07.024302   MCU_OPT_CTRL - Supports IA32_MCU_OPT_CTRL               = 0 (0)
00:02:07.024303   MD_CLEAR - Supports MDS related buffer clearing         = 1 (1)
00:02:07.024303   TSX_FORCE_ABORT - Supports IA32_TSX_FORCE_ABORT         = 0 (0)
00:02:07.024304   14 - Reserved                                           = 0 (1)
00:02:07.024305   15 - Reserved                                           = 0 (1)
00:02:07.024306   19 - Reserved                                           = 0 (1)
00:02:07.024307   CET_IBT - Supports indirect branch tracking w/ CET      = 0 (1)
00:02:07.024307   IBRS_IBPB - IA32_SPEC_CTRL.IBRS and IA32_PRED_CMD.IBPB  = 0 (1)
00:02:07.024308   STIBP - Supports IA32_SPEC_CTRL.STIBP                   = 0 (1)
00:02:07.024308   FLUSH_CMD - Supports IA32_FLUSH_CMD                     = 1 (1)
00:02:07.024309   ARCHCAP - Supports IA32_ARCH_CAP                        = 1 (1)
00:02:07.024310   CORECAP - Supports IA32_CORE_CAP                        = 0 (1)
00:02:07.024310   SSBD - Supports IA32_SPEC_CTRL.SSBD                     = 0 (1)
00:02:07.024311  Sub-leaf 2
00:02:07.024311   Mnemonic - Description                                  = Guest (Host)
00:02:07.024312   PSFD - Supports IA32_SPEC_CTRL[7] (PSFD)                = 0 (1)
00:02:07.024313   IPRED_CTRL - Supports IA32_SPEC_CTRL[4:3] (IPRED_DIS)   = 0 (1)
00:02:07.024313   RRSBA_CTRL - Supports IA32_SPEC_CTRL[6:5] (RRSBA_DIS)   = 0 (1)
00:02:07.024314   DDPD_U - Supports IA32_SPEC_CTRL[8] (DDPD_U)            = 0 (0)
00:02:07.024314   BHI_CTRL - Supports IA32_SPEC_CTRL[10] (BHI_DIS_S)      = 0 (1)
00:02:07.024315   MCDT_NO - No MXCSR Config Dependent Timing issues       = 0 (0)
00:02:07.024315   UC_LOCK_DIS - Supports UC-lock disable and causing #AC  = 0 (0)
00:02:07.024316   MONITOR_MITG_NO - No MONITOR/UMONITOR power issues      = 0 (0)
00:02:07.024317 Processor Extended State Enumeration (leaf 0xd):
00:02:07.024317    XSAVE area cur/max size by XCR0, Guest: 0x340/0x340
00:02:07.024318    XSAVE area cur/max size by XCR0,  Host: 0x340/0xa88
00:02:07.024319                    Valid XCR0 bits, Guest: 0x00000000`00000007 ( x87 SSE YMM_Hi128 )
00:02:07.024320                    Valid XCR0 bits,  Host: 0x00000000`00000207 ( x87 SSE YMM_Hi128 9 )
00:02:07.024322                     XSAVE features, Guest
00:02:07.024323                     XSAVE features,  Host XSAVEOPT XSAVEC XGETBC1 XSAVES
00:02:07.024324       XSAVE area cur size XCR0|XSS, Guest: 0x3d0
00:02:07.024325       XSAVE area cur size XCR0|XSS,  Host: 0x3d0
00:02:07.024325                Valid IA32_XSS bits, Guest: 0x00000000`00000000
00:02:07.024326                Valid IA32_XSS bits,  Host: 0x00019900`00000000 ( 40 43 44 47 48 )
00:02:07.024327   State #2, Guest: off=0x0240, cb=0x0100 IA32_XSS-bit -- YMM_Hi128
00:02:07.024329   State #2,  Host:  off=0x0240, cb=0x0100 IA32_XSS-bit -- YMM_Hi128
00:02:07.024330   State #8,  Host:  off=0x0000, cb=0x0080 XCR0-bit -- 8
00:02:07.024331   State #9,  Host:  off=0x0a80, cb=0x0008 IA32_XSS-bit -- 9
00:02:07.024332   State #11,  Host:  off=0x0000, cb=0x0010 XCR0-bit -- 11
00:02:07.024333   State #12,  Host:  off=0x0000, cb=0x0018 XCR0-bit -- 12
00:02:07.024334   State #15,  Host:  off=0x0000, cb=0x0328 XCR0-bit -- 15
00:02:07.024335   State #16,  Host:  off=0x0000, cb=0x0008 XCR0-bit -- 16
00:02:07.024338          Raw Hypervisor CPUID Leaves
00:02:07.024338      Leaf/sub-leaf  eax      ebx      ecx      edx
00:02:07.024339 Gst: 40000000/0000  40000001 4b4d564b 564b4d56 0000004d
00:02:07.024340 Gst: 40000001/0000  01000089 00000000 00000000 00000000
00:02:07.024341          Raw Extended CPUID Leaves
00:02:07.024341      Leaf/sub-leaf  eax      ebx      ecx      edx
00:02:07.024341 Gst: 80000000/0000  80000008 00000000 00000000 00000000
00:02:07.024342 Hst:                80000008 00000000 00000000 00000000
00:02:07.024342 Gst: 80000001/0000  00000000 00000000 00000121 28100800
00:02:07.024343 Hst:                00000000 00000000 00000121 2c100800
00:02:07.024343 Gst: 80000002/0000  68743231 6e654720 746e4920 52286c65
00:02:07.024344 Hst:                68743231 6e654720 746e4920 52286c65
00:02:07.024345 Gst: 80000003/0000  6f432029 54286572 6920294d 32312d37
00:02:07.024345 Hst:                6f432029 54286572 6920294d 32312d37
00:02:07.024346 Gst: 80000004/0000  48303037 00000000 00000000 00000000
00:02:07.024346 Hst:                48303037 00000000 00000000 00000000
00:02:07.024347 Gst: 80000005/0000  00000000 00000000 00000000 00000000
00:02:07.024347 Hst:                00000000 00000000 00000000 00000000
00:02:07.024348 Gst: 80000006/0000  00000000 00000000 05007040 00000000
00:02:07.024348 Hst:                00000000 00000000 05007040 00000000
00:02:07.024349 Gst: 80000007/0000  00000000 00000000 00000000 00000100
00:02:07.024349 Hst:                00000000 00000000 00000000 00000100
00:02:07.024350 Gst: 80000008/0000  00003027 00000000 00000000 00000000
00:02:07.024350 Hst:                00003027 00000000 00000000 00000000
00:02:07.024351 Ext Name:                        
00:02:07.024351 Ext Supports:                    0x80000000-0x80000008
00:02:07.024352 Family:                          0  	Extended: 0 	Effective: 0
00:02:07.024352 Model:                           0  	Extended: 0 	Effective: 0
00:02:07.024352 Stepping:                        0
00:02:07.024352 Brand ID:                        0x000
00:02:07.024353 Ext Features
00:02:07.024353   Mnemonic - Description                                  = Guest (Host)
00:02:07.024355   FPU - x87 FPU on Chip                                   = 0 (0)
00:02:07.024356   VME - Virtual 8086 Mode Enhancements                    = 0 (0)
00:02:07.024356   DE - Debugging extensions                               = 0 (0)
00:02:07.024357   PSE - Page Size Extension                               = 0 (0)
00:02:07.024358   TSC - Time Stamp Counter                                = 0 (0)
00:02:07.024359   MSR - K86 Model Specific Registers                      = 0 (0)
00:02:07.024359   PAE - Physical Address Extension                        = 0 (0)
00:02:07.024360   MCE - Machine Check Exception                           = 0 (0)
00:02:07.024361   CX8 - CMPXCHG8B instruction                             = 0 (0)
00:02:07.024362   APIC - APIC On-Chip                                     = 0 (0)
00:02:07.024362   SEP - SYSCALL/SYSRET                                    = 1 (1)
00:02:07.024363   MTRR - Memory Type Range Registers                      = 0 (0)
00:02:07.024364   PGE - PTE Global Bit                                    = 0 (0)
00:02:07.024365   MCA - Machine Check Architecture                        = 0 (0)
00:02:07.024365   CMOV - Conditional Move instructions                    = 0 (0)
00:02:07.024366   PAT - Page Attribute Table                              = 0 (0)
00:02:07.024367   PSE-36 - 36-bit Page Size Extension                     = 0 (0)
00:02:07.024368   NX - No-Execute/Execute-Disable                         = 1 (1)
00:02:07.024368   AXMMX - AMD Extensions to MMX instructions              = 0 (0)
00:02:07.024369   MMX - Intel MMX Technology                              = 0 (0)
00:02:07.024370   FXSR - FXSAVE and FXRSTOR Instructions                  = 0 (0)
00:02:07.024370   FFXSR - AMD fast FXSAVE and FXRSTOR instructions        = 0 (0)
00:02:07.024371   Page1GB - 1 GB large page                               = 0 (1)
00:02:07.024372   RDTSCP - RDTSCP instruction                             = 1 (1)
00:02:07.024373   LM - AMD64 Long Mode                                    = 1 (1)
00:02:07.024373   3DNOWEXT - AMD Extensions to 3DNow                      = 0 (0)
00:02:07.024374   3DNOW - AMD 3DNow                                       = 0 (0)
00:02:07.024375   LahfSahf - LAHF/SAHF support in 64-bit mode             = 1 (1)
00:02:07.024376   CmpLegacy - Core multi-processing legacy mode           = 0 (0)
00:02:07.024376   SVM - AMD Secure Virtual Machine extensions             = 0 (0)
00:02:07.024377   EXTAPIC - AMD Extended APIC registers                   = 0 (0)
00:02:07.024378   CR8L - AMD LOCK MOV CR0 means MOV CR8                   = 0 (0)
00:02:07.024378   ABM - AMD Advanced Bit Manipulation                     = 1 (1)
00:02:07.024379   SSE4A - SSE4A instructions                              = 0 (0)
00:02:07.024380   MISALIGNSSE - AMD Misaligned SSE mode                   = 0 (0)
00:02:07.024380   3DNOWPRF - AMD PREFETCH and PREFETCHW instructions      = 1 (1)
00:02:07.024381   OSVW - AMD OS Visible Workaround                        = 0 (0)
00:02:07.024382   IBS - Instruct Based Sampling                           = 0 (0)
00:02:07.024382   XOP - Extended Operation support                        = 0 (0)
00:02:07.024383   SKINIT - SKINIT, STGI, and DEV support                  = 0 (0)
00:02:07.024384   WDT - AMD Watchdog Timer support                        = 0 (0)
00:02:07.024384   LWP - Lightweight Profiling support                     = 0 (0)
00:02:07.024385   FMA4 - Four operand FMA instruction support             = 0 (0)
00:02:07.024386   TCE - Translation Cache Extension support               = 0 (0)
00:02:07.024386   NodeId - NodeId in MSR C001_100C                        = 0 (0)
00:02:07.024387   TBM - Trailing Bit Manipulation instructions            = 0 (0)
00:02:07.024388   TOPOEXT - Topology Extensions                           = 0 (0)
00:02:07.024388   PRFEXTCORE - Performance Counter Extensions support     = 0 (0)
00:02:07.024389   PRFEXTNB - NB Performance Counter Extensions support    = 0 (0)
00:02:07.024389   DATABPEXT - Data-access Breakpoint Extension            = 0 (0)
00:02:07.024390   PERFTSC - Performance Time Stamp Counter                = 0 (0)
00:02:07.024391   PCX_L2I - L2I/L3 Performance Counter Extensions         = 0 (0)
00:02:07.024391   MONITORX - MWAITX and MONITORX instructions             = 0 (0)
00:02:07.024392   AddrMaskExt - BP Addressing masking extended to bit 31  = 0 (0)
00:02:07.024392 Full Name:                       "12th Gen Intel(R) Core(TM) i7-12700H"
00:02:07.024393 TLB 2/4M Instr/Uni:              res0     0 entries
00:02:07.024393 TLB 2/4M Data:                   res0     0 entries
00:02:07.024394 TLB 4K Instr/Uni:                res0     0 entries
00:02:07.024394 TLB 4K Data:                     res0     0 entries
00:02:07.024394 L1 Instr Cache Line Size:        0 bytes
00:02:07.024395 L1 Instr Cache Lines Per Tag:    0
00:02:07.024395 L1 Instr Cache Associativity:    res0  
00:02:07.024395 L1 Instr Cache Size:             0 KB
00:02:07.024396 L1 Data Cache Line Size:         0 bytes
00:02:07.024396 L1 Data Cache Lines Per Tag:     0
00:02:07.024396 L1 Data Cache Associativity:     res0  
00:02:07.024396 L1 Data Cache Size:              0 KB
00:02:07.024397 L2 TLB 2/4M Instr/Uni:           off       0 entries
00:02:07.024397 L2 TLB 2/4M Data:                off       0 entries
00:02:07.024397 L2 TLB 4K Instr/Uni:             off       0 entries
00:02:07.024397 L2 TLB 4K Data:                  off       0 entries
00:02:07.024398 L2 Cache Line Size:              64 bytes
00:02:07.024398 L2 Cache Lines Per Tag:          0
00:02:07.024398 L2 Cache Associativity:          res7  
00:02:07.024398 L2 Cache Size:                   1280 KB
00:02:07.024399 L3 Cache Line Size:              0 bytes
00:02:07.024399 L3 Cache Lines Per Tag:          0
00:02:07.024399 L3 Cache Associativity:          off   
00:02:07.024399 L3 Cache Size:                   0 KB
00:02:07.024400 APM Features EDX
00:02:07.024400   Mnemonic - Description                                  = Guest (Host)
00:02:07.024401   TS - Temperature Sensor                                 = 0 (0)
00:02:07.024402   FID - Frequency ID control                              = 0 (0)
00:02:07.024402   VID - Voltage ID control                                = 0 (0)
00:02:07.024403   TTP - Thermal Trip                                      = 0 (0)
00:02:07.024404   TM - Hardware Thermal Control (HTC)                     = 0 (0)
00:02:07.024405   100MHzSteps - 100 MHz Multiplier control                = 0 (0)
00:02:07.024405   HwPstate - Hardware P-state control                     = 0 (0)
00:02:07.024406   TscInvariant - Invariant Time Stamp Counter             = 1 (1)
00:02:07.024407   CPB - Core Performance Boost                            = 0 (0)
00:02:07.024407   EffFreqRO - Read-only Effective Frequency Interface     = 0 (0)
00:02:07.024408   ProcFdbkIf - Processor Feedback Interface               = 0 (0)
00:02:07.024408   ProcPwrRep - Core power reporting interface support     = 0 (0)
00:02:07.024409   ConnectedStandby - Connected Standby                    = 0 (0)
00:02:07.024410   RAPL - Running average power limit                      = 0 (0)
00:02:07.024411 Physical Address Width:          39 bits
00:02:07.024411 Virtual Address Width:           48 bits
00:02:07.024411 Max page count for INVLPGB:      0x3027
00:02:07.024412 Max ECX for RDPRU:               0x0
00:02:07.024413 !!
00:02:07.024413 !! {handlers, phys virt hyper stats}
00:02:07.024413 !!
00:02:07.024416 Physical handlers: max 0x1800, 0 allocator error, 0 tree error
00:02:07.024417 From             - To (incl)         Handler (R3)      uUser             Type     Description
00:02:07.024421 00000000000a0000 - 00000000000bffff  00007ffaae9150e0  0000000000000002  MMIO     VGA - VGA Video Buffer  (r0-enabled)
00:02:07.024423 00000000000c0000 - 00000000000c8fff  00007ffaae937ea0  0000000000000004  Write    VGA BIOS  (r0-enabled)
00:02:07.024423 00000000000e0000 - 00000000000e0fff  00007ffaae937ea0  0000000000000005  Write    ACPI RSDP  (r0-enabled)
00:02:07.024424 00000000000e1000 - 00000000000e1fff  00007ffaae937ea0  0000000000000000  Write    DMI tables  (r0-enabled)
00:02:07.024425 00000000000e2000 - 00000000000effff  00007ffaae937ea0  0000000000000003  Write    Net Boot ROM  (r0-enabled)
00:02:07.024426 00000000000f0000 - 00000000000fffff  00007ffaae937ea0  0000000000000001  Write    PC BIOS - 0xfffff  (r0-enabled)
00:02:07.024427 00000000e0000000 - 00000000e3ffffff  00007ffaae937760  0000000000000003  Write    VRam  (keep-pgm-lock, r0-enabled)
00:02:07.024428 00000000f0000000 - 00000000f001ffff  00007ffaae9150e0  0000000000000006  MMIO     E1000  (r0-enabled)
00:02:07.024430 00000000f0804000 - 00000000f0804fff  00007ffaae9150e0  0000000000000007  MMIO     USB OHCI  (r0-enabled)
00:02:07.024431 00000000f0806000 - 00000000f0807fff  00007ffaae9150e0  0000000000000003  MMIO     AHCI  (r0-enabled)
00:02:07.024432 00000000f0820000 - 00000000f083ffff  00007ffaae9150e0  0000000000000004  MMIO     LsiLogic  (r0-enabled)
00:02:07.024433 00000000f0840000 - 00000000f085ffff  00007ffaae9150e0  0000000000000005  MMIO     LsiLogicDiag  (r0-enabled)
00:02:07.024434 00000000fec00000 - 00000000fec00fff  00007ffaae9150e0  0000000000000001  MMIO     I/O APIC  (r0-enabled)
00:02:07.024434 00000000fee00000 - 00000000fee00fff  00007ffaae9150e0  0000000000000000  MMIO     APIC  (r0-enabled)
00:02:07.024436 00000000ffff0000 - 00000000ffffffff  00007ffaae937ea0  0000000000000002  Write    PC BIOS - 0xffffffff  (r0-enabled)
00:02:07.024438 00000001d9985000 - 00000001d9985fff  00007ffaae9124f0  0000000000000000  All      VMX APIC-access page  (r0-enabled)
00:02:07.024439 000000020c605000 - 000000020c605fff  00007ffaae948080  000000000000005c  Write    Guest Paging Access Handler  (keep-pgm-lock, r0-enabled)
00:02:07.024440 000000020c639000 - 000000020c639fff  00007ffaae948080  0000000000000045  Write    Guest Paging Access Handler  (keep-pgm-lock, r0-enabled)
00:02:07.024441 000000020c78d000 - 000000020c78dfff  00007ffaae948080  000000000000005a  Write    Guest Paging Access Handler  (keep-pgm-lock, r0-enabled)
00:02:07.024442 000000020c7e0000 - 000000020c7e0fff  00007ffaae948080  0000000000000056  Write    Guest Paging Access Handler  (keep-pgm-lock, r0-enabled)
00:02:07.024443 000000020cb54000 - 000000020cb54fff  00007ffaae948080  0000000000000061  Write    Guest Paging Access Handler  (keep-pgm-lock, r0-enabled)
00:02:07.024443 000000020ce94000 - 000000020ce94fff  00007ffaae948080  0000000000000069  Write    Guest Paging Access Handler  (keep-pgm-lock, r0-enabled)
00:02:07.024444 000000020ed4a000 - 000000020ed4afff  00007ffaae948080  0000000000000048  Write    Guest Paging Access Handler  (keep-pgm-lock, r0-enabled)
00:02:07.024445 000000020ed51000 - 000000020ed51fff  00007ffaae948080  000000000000005d  Write    Guest Paging Access Handler  (keep-pgm-lock, r0-enabled)
00:02:07.024446 000000020f7aa000 - 000000020f7aafff  00007ffaae948080  0000000000000063  Write    Guest Paging Access Handler  (keep-pgm-lock, r0-enabled)
00:02:07.024447 000000020f7b0000 - 000000020f7b0fff  00007ffaae948080  0000000000000047  Write    Guest Paging Access Handler  (keep-pgm-lock, r0-enabled)
00:02:07.024448 000000020f889000 - 000000020f889fff  00007ffaae948080  0000000000000051  Write    Guest Paging Access Handler  (keep-pgm-lock, r0-enabled)
00:02:07.024449 000000020f8be000 - 000000020f8befff  00007ffaae948080  0000000000000053  Write    Guest Paging Access Handler  (keep-pgm-lock, r0-enabled)
00:02:07.024449 000000020f8da000 - 000000020f8dafff  00007ffaae948080  000000000000004b  Write    Guest Paging Access Handler  (keep-pgm-lock, r0-enabled)
00:02:07.024450 000000020f8ef000 - 000000020f8effff  00007ffaae948080  000000000000005f  Write    Guest Paging Access Handler  (keep-pgm-lock, r0-enabled)
00:02:07.024451 000000020fb99000 - 000000020fb99fff  00007ffaae948080  0000000000000067  Write    Guest Paging Access Handler  (keep-pgm-lock, r0-enabled)
00:02:07.024452 000000020fbf5000 - 000000020fbf5fff  00007ffaae948080  0000000000000055  Write    Guest Paging Access Handler  (keep-pgm-lock, r0-enabled)
00:02:07.024453 000000020fe29000 - 000000020fe29fff  00007ffaae948080  000000000000004e  Write    Guest Paging Access Handler  (keep-pgm-lock, r0-enabled)
00:02:07.024454 000000020fe3e000 - 000000020fe3efff  00007ffaae948080  0000000000000066  Write    Guest Paging Access Handler  (keep-pgm-lock, r0-enabled)
00:02:07.024454 0000000210101000 - 0000000210101fff  00007ffaae948080  0000000000000050  Write    Guest Paging Access Handler  (keep-pgm-lock, r0-enabled)
00:02:07.024455 0000000210132000 - 0000000210132fff  00007ffaae948080  0000000000000060  Write    Guest Paging Access Handler  (keep-pgm-lock, r0-enabled)
00:02:07.024456 0000000210300000 - 0000000210300fff  00007ffaae948080  0000000000000054  Write    Guest Paging Access Handler  (keep-pgm-lock, r0-enabled)
00:02:07.024457 000000021031d000 - 000000021031dfff  00007ffaae948080  000000000000004f  Write    Guest Paging Access Handler  (keep-pgm-lock, r0-enabled)
00:02:07.024458 000000021035a000 - 000000021035afff  00007ffaae948080  000000000000005b  Write    Guest Paging Access Handler  (keep-pgm-lock, r0-enabled)
00:02:07.024459 0000000210375000 - 0000000210375fff  00007ffaae948080  0000000000000057  Write    Guest Paging Access Handler  (keep-pgm-lock, r0-enabled)
00:02:07.024460 0000000210446000 - 0000000210446fff  00007ffaae948080  0000000000000065  Write    Guest Paging Access Handler  (keep-pgm-lock, r0-enabled)
00:02:07.024461 0000000210477000 - 0000000210477fff  00007ffaae948080  0000000000000062  Write    Guest Paging Access Handler  (keep-pgm-lock, r0-enabled)
00:02:07.024462 0000000210534000 - 0000000210534fff  00007ffaae948080  000000000000004d  Write    Guest Paging Access Handler  (keep-pgm-lock, r0-enabled)
00:02:07.024462 000000021107c000 - 000000021107cfff  00007ffaae948080  0000000000000059  Write    Guest Paging Access Handler  (keep-pgm-lock, r0-enabled)
00:02:07.024463 00000002114e6000 - 00000002114e6fff  00007ffaae948080  000000000000004a  Write    Guest Paging Access Handler  (keep-pgm-lock, r0-enabled)
00:02:07.024464 00000002114ff000 - 00000002114fffff  00007ffaae948080  0000000000000049  Write    Guest Paging Access Handler  (keep-pgm-lock, r0-enabled)
00:02:07.024465 0000000215783000 - 0000000215783fff  00007ffaae948080  0000000000000068  Write    Guest Paging Access Handler  (keep-pgm-lock, r0-enabled)
00:02:07.024466 !!
00:02:07.024466 !! {timers, <NULL>}
00:02:07.024466 !!
00:02:07.024470 Timers (pVM=0000013427c00000)
00:02:07.024470 pTimerR3         offNext  offPrev  offSched Clock               Time             Expire HzHint State                     Description
00:02:07.024473 000001342a310080 ffffffff ffffffff ffffffff Real             1226656                  0      0 1-STOPPED                 BlkCache-Commit
00:02:07.024481 000001342a310100 ffffffff ffffffff ffffffff Real             1226656                  0      0 1-STOPPED                 PS2M Throttle
00:02:07.024482 000001342a310180 00000007 ffffffff ffffffff Real             1226656            1226653      0 2-ACTIVE                  VGA Refresh
00:02:07.024484 000001342a310200 ffffffff ffffffff ffffffff Real             1226656                  0      0 1-STOPPED                 AudioEnum-0
00:02:07.024485 000001342a310280 ffffffff ffffffff ffffffff Real             1226656                  0      0 1-STOPPED                 AudioEnum-1[1]
00:02:07.024487 000001342a310300 ffffffff ffffffff ffffffff Real             1226656                  0      0 1-STOPPED                 AudioEnum-2[2]
00:02:07.024488 000001342a310380 ffffffff 00000003 ffffffff Real             1226656            1226985      0 2-ACTIVE                  CPU Load Timer
00:02:07.024490 000001342f450080 ffffffff ffffffff ffffffff Virt        110931536069        53350550234      0 1-STOPPED                 PS2K Throttle
00:02:07.024492 000001342f450100 ffffffff ffffffff ffffffff Virt        110931536069        53474342967      0 1-STOPPED                 PS2K Typematic
00:02:07.024494 000001342f450180 ffffffff ffffffff ffffffff Virt        110931536069            8844672      0 1-STOPPED                 PS2K Delay
00:02:07.024495 000001342f450200 ffffffff ffffffff ffffffff Virt        110931536069                  0      0 1-STOPPED                 PS2M Delay
00:02:07.024497 000001342f450280 ffffffff ffffffff ffffffff Virt        110931536069       114928235657      0 2-ACTIVE                  Heartbeat flatlined
00:02:07.024499 000001342f450300 ffffffff ffffffff ffffffff Virt        110931536069                  0      0 1-STOPPED                 AHCI CCC
00:02:07.024500 000001342f450380 ffffffff ffffffff ffffffff Virt        110931536069       110679035167      0 1-STOPPED                 E1000 Late IRQ
00:02:07.024501 000001342f450400 ffffffff ffffffff ffffffff Virt        110931536069        13837282899      0 1-STOPPED                 E1000 Link Up
00:02:07.024504 000001342a670080 00000007 00000004 ffffffff VrSy        110928533933       110932186868    236 2-ACTIVE                  APIC Timer 0
00:02:07.024506 000001342a670100 00000003 ffffffff ffffffff VrSy        110928533933       110932112724    276 2-ACTIVE                  APIC Timer 1
00:02:07.024508 000001342a670180 00000004 00000002 ffffffff VrSy        110928533933       110932184586    238 2-ACTIVE                  APIC Timer 2
00:02:07.024509 000001342a670200 00000001 00000003 ffffffff VrSy        110928533933       110932185436    237 2-ACTIVE                  APIC Timer 3
00:02:07.024510 000001342a670280 ffffffff ffffffff ffffffff VrSy        110928533933        10334996897      0 1-STOPPED                 i8254 PIT
00:02:07.024512 000001342a670300 ffffffff ffffffff ffffffff VrSy        110928533933                  0      0 1-STOPPED                 MC146818 RTC Periodic
00:02:07.024514 000001342a670380 0000000c 00000001 ffffffff VrSy        110928533933       110990000000      0 2-ACTIVE                  MC146818 RTC Second
00:02:07.024515 000001342a670400 ffffffff ffffffff ffffffff VrSy        110928533933       109990244140      0 1-STOPPED                 MC146818 RTC Second2
00:02:07.024517 000001342a670480 ffffffff ffffffff ffffffff VrSy        110928533933                  0      0 1-STOPPED                 AC97 PI
00:02:07.024518 000001342a670500 ffffffff ffffffff ffffffff VrSy        110928533933        22914419919      0 1-STOPPED                 AC97 PO
00:02:07.024520 000001342a670580 ffffffff ffffffff ffffffff VrSy        110928533933                  0      0 1-STOPPED                 AC97 MC
00:02:07.024521 000001342a670600 ffffffff 00000007 ffffffff VrSy        110928533933       599932015941      0 2-ACTIVE                  ACPI PM
00:02:07.024523 000001342a670680 ffffffff ffffffff ffffffff VrSy        110928533933                  0      0 1-STOPPED                 Nested VMX-preemption 0
00:02:07.024524 000001342a670700 ffffffff ffffffff ffffffff VrSy        110928533933                  0      0 1-STOPPED                 Nested VMX-preemption 1
00:02:07.024526 000001342a670780 ffffffff ffffffff ffffffff VrSy        110928533933                  0      0 1-STOPPED                 Nested VMX-preemption 2
00:02:07.024527 000001342a670800 ffffffff ffffffff ffffffff VrSy        110928533933                  0      0 1-STOPPED                 Nested VMX-preemption 3
00:02:07.024529 !!
00:02:07.024529 !! {activetimers, <NULL>}
00:02:07.024529 !!
00:02:07.024531 Active Timers (pVM=0000013427c00000)
00:02:07.024531 pTimerR3         offNext  offPrev  offSched Clock               Time             Expire HzHint State                     Description
00:02:07.024533 000001342a310180 00000007 ffffffff ffffffff Real             1226656            1226653      0 2-ACTIVE                  VGA Refresh
00:02:07.024534 000001342a310380 ffffffff 00000003 ffffffff Real             1226656            1226985      0 2-ACTIVE                  CPU Load Timer
00:02:07.024536 000001342f450280 ffffffff ffffffff ffffffff Virt        110931536069       114928235657      0 2-ACTIVE                  Heartbeat flatlined
00:02:07.024538 000001342a670100 00000003 ffffffff ffffffff VrSy        110928533933       110932112724    276 2-ACTIVE                  APIC Timer 1
00:02:07.024539 000001342a670180 00000004 00000002 ffffffff VrSy        110928533933       110932184586    238 2-ACTIVE                  APIC Timer 2
00:02:07.024541 000001342a670200 00000001 00000003 ffffffff VrSy        110928533933       110932185436    237 2-ACTIVE                  APIC Timer 3
00:02:07.024542 000001342a670080 00000007 00000004 ffffffff VrSy        110928533933       110932186868    236 2-ACTIVE                  APIC Timer 0
00:02:07.024544 000001342a670380 0000000c 00000001 ffffffff VrSy        110928533933       110990000000      0 2-ACTIVE                  MC146818 RTC Second
00:02:07.024545 000001342a670600 ffffffff 00000007 ffffffff VrSy        110928533933       599932015941      0 2-ACTIVE                  ACPI PM
00:02:07.024548 !!
00:02:07.024548 !! {ac97bdl}
00:02:07.024548 !!
00:02:07.024549 BDL for stream #0: @ 0x0 LB 0x100; CIV=0x00 LVI=0x00:
00:02:07.024550 BDL for stream #1: @ 0x0 LB 0x100; CIV=0x00 LVI=0x00:
00:02:07.024551 BDL for stream #2: @ 0x0 LB 0x100; CIV=0x00 LVI=0x00:
00:02:07.024552 !!
00:02:07.024552 !! {ac97mixer}
00:02:07.024552 !!
00:02:07.024553 [Master]   AC'97 Mixer: fMuted=true  auChannels=83 83 83 83 83 83 83 83 83 83 83 83
00:02:07.024555 [Sink 0]       Line In: fMuted=false auChannels=ff ff ff ff ff ff ff ff ff ff ff ff
00:02:07.024557 [Sink 1] Microphone In: fMuted=true  auChannels=ff ff ff ff ff ff ff ff ff ff ff ff
00:02:07.024558 [Sink 2]    PCM Output: fMuted=true  auChannels=a3 a3 a3 a3 a3 a3 a3 a3 a3 a3 a3 a3
00:02:07.024560 !!
00:02:07.024560 !! {ac97stream}
00:02:07.024560 !!
00:02:07.024562 Stream #0: '' invalid 0ch U0 0Hz, 0ms buffer, 0ms period, 0ms pre-buffer, 0ms sched, invalid
00:02:07.024562   BDBAR   0x00000000
00:02:07.024563   CIV     0x00
00:02:07.024563   LVI     0x00
00:02:07.024563   SR      0x0001
00:02:07.024564   PICB    0x0000
00:02:07.024564   PIV     0x00
00:02:07.024564   CR      0x00
00:02:07.024565   offRead            0x0
00:02:07.024565   offWrite           0x0
00:02:07.024565   uTimerHz           0
00:02:07.024566   cDmaPeriodTicks    0
00:02:07.024566   cbDmaPeriod        0x0
00:02:07.024567 Stream #1: 'Output' output 2ch S16 48000Hz, 0ms buffer, 0ms period, 9999999ms pre-buffer, 5ms sched, front
00:02:07.024568   BDBAR   0x00000000
00:02:07.024568   CIV     0x00
00:02:07.024568   LVI     0x00
00:02:07.024568   SR      0x0001
00:02:07.024569   PICB    0x0000
00:02:07.024569   PIV     0x00
00:02:07.024569   CR      0x00
00:02:07.024569   offRead            0x2d00
00:02:07.024570   offWrite           0x0
00:02:07.024570   uTimerHz           200
00:02:07.024571   cDmaPeriodTicks    5000000
00:02:07.024571   cbDmaPeriod        0x3c0
00:02:07.024572 Stream #2: '' invalid 0ch U0 0Hz, 0ms buffer, 0ms period, 0ms pre-buffer, 0ms sched, invalid
00:02:07.024572   BDBAR   0x00000000
00:02:07.024573   CIV     0x00
00:02:07.024573   LVI     0x00
00:02:07.024573   SR      0x0001
00:02:07.024573   PICB    0x0000
00:02:07.024573   PIV     0x00
00:02:07.024574   CR      0x00
00:02:07.024574   offRead            0x0
00:02:07.024574   offWrite           0x0
00:02:07.024574   uTimerHz           0
00:02:07.024575   cDmaPeriodTicks    0
00:02:07.024575   cbDmaPeriod        0x0
00:02:07.024575 !!
00:02:07.024575 !! {acpi}
00:02:07.024576 !!
00:02:07.024579 timer: old=00000000, current=00000000
00:02:07.024580 !!
00:02:07.024580 !! {ahci0}
00:02:07.024580 !!
00:02:07.024581 ahci#0: mmio=00000000f0806000 ports=30 GC=false R0=true
00:02:07.024583 HbaCap=0xc8241f9d
00:02:07.024583 HbaCtrl=0x80000002
00:02:07.024583 HbaIs=0x0
00:02:07.024583 HbaPi=0x3fffffff
00:02:07.024584 HbaVs=0x10100
00:02:07.024584 HbaCccCtl=0x0
00:02:07.024584 HbaCccPorts=0x0
00:02:07.024585 PortsInterrupted=0x0
00:02:07.024585 Port 0: device-attached=false
00:02:07.024585 PortClb=0xdd60000
00:02:07.024586 PortClbU=0x2
00:02:07.024586 PortFb=0xdd60400
00:02:07.024586 PortFbU=0x2
00:02:07.024586 PortIs=0x0
00:02:07.024587 PortIe=0x7840007f
00:02:07.024587 PortCmd=0x10144016
00:02:07.024587 PortTfd=0x7f
00:02:07.024587 PortSig=0xffffffff
00:02:07.024588 PortSSts=0x0
00:02:07.024588 PortSCtl=0x300
00:02:07.024664 PortSErr=0x0
00:02:07.024664 PortSAct=0x0
00:02:07.024665 PortCi=0x0
00:02:07.024665 PortPhysClb=000000020dd60000
00:02:07.024665 PortPhysFb=000000020dd60400
00:02:07.024666 PortActTasksActive=0
00:02:07.024666 PortPoweredOn=true
00:02:07.024666 PortSpunUp=true
00:02:07.024667 PortFirstD2HFisSent=false
00:02:07.024667 PortATAPI=false
00:02:07.024667 PortTasksFinished=0x0
00:02:07.024668 PortQueuedTasksFinished=0x0
00:02:07.024668 PortTasksNew=0x0
00:02:07.024668 
00:02:07.024669 Port 1: device-attached=false
00:02:07.024669 PortClb=0xdd80000
00:02:07.024669 PortClbU=0x2
00:02:07.024670 PortFb=0xdd80400
00:02:07.024670 PortFbU=0x2
00:02:07.024670 PortIs=0x0
00:02:07.024670 PortIe=0x7840007f
00:02:07.024671 PortCmd=0x10144016
00:02:07.024671 PortTfd=0x7f
00:02:07.024671 PortSig=0xffffffff
00:02:07.024671 PortSSts=0x0
00:02:07.024671 PortSCtl=0x300
00:02:07.024672 PortSErr=0x0
00:02:07.024672 PortSAct=0x0
00:02:07.024672 PortCi=0x0
00:02:07.024672 PortPhysClb=000000020dd80000
00:02:07.024672 PortPhysFb=000000020dd80400
00:02:07.024673 PortActTasksActive=0
00:02:07.024673 PortPoweredOn=true
00:02:07.024673 PortSpunUp=true
00:02:07.024673 PortFirstD2HFisSent=false
00:02:07.024674 PortATAPI=false
00:02:07.024674 PortTasksFinished=0x0
00:02:07.024674 PortQueuedTasksFinished=0x0
00:02:07.024674 PortTasksNew=0x0
00:02:07.024674 
00:02:07.024674 Port 2: device-attached=false
00:02:07.024675 PortClb=0xdda0000
00:02:07.024675 PortClbU=0x2
00:02:07.024675 PortFb=0xdda0400
00:02:07.024675 PortFbU=0x2
00:02:07.024675 PortIs=0x0
00:02:07.024676 PortIe=0x7840007f
00:02:07.024676 PortCmd=0x10144016
00:02:07.024676 PortTfd=0x7f
00:02:07.024676 PortSig=0xffffffff
00:02:07.024676 PortSSts=0x0
00:02:07.024677 PortSCtl=0x300
00:02:07.024677 PortSErr=0x0
00:02:07.024677 PortSAct=0x0
00:02:07.024677 PortCi=0x0
00:02:07.024677 PortPhysClb=000000020dda0000
00:02:07.024677 PortPhysFb=000000020dda0400
00:02:07.024678 PortActTasksActive=0
00:02:07.024678 PortPoweredOn=true
00:02:07.024678 PortSpunUp=true
00:02:07.024678 PortFirstD2HFisSent=false
00:02:07.024678 PortATAPI=false
00:02:07.024679 PortTasksFinished=0x0
00:02:07.024679 PortQueuedTasksFinished=0x0
00:02:07.024679 PortTasksNew=0x0
00:02:07.024679 
00:02:07.024679 Port 3: device-attached=false
00:02:07.024680 PortClb=0xddc0000
00:02:07.024680 PortClbU=0x2
00:02:07.024680 PortFb=0xddc0400
00:02:07.024680 PortFbU=0x2
00:02:07.024680 PortIs=0x0
00:02:07.024680 PortIe=0x7840007f
00:02:07.024681 PortCmd=0x10144016
00:02:07.024681 PortTfd=0x7f
00:02:07.024681 PortSig=0xffffffff
00:02:07.024681 PortSSts=0x0
00:02:07.024681 PortSCtl=0x300
00:02:07.024681 PortSErr=0x0
00:02:07.024682 PortSAct=0x0
00:02:07.024682 PortCi=0x0
00:02:07.024682 PortPhysClb=000000020ddc0000
00:02:07.024682 PortPhysFb=000000020ddc0400
00:02:07.024682 PortActTasksActive=0
00:02:07.024683 PortPoweredOn=true
00:02:07.024683 PortSpunUp=true
00:02:07.024683 PortFirstD2HFisSent=false
00:02:07.024683 PortATAPI=false
00:02:07.024683 PortTasksFinished=0x0
00:02:07.024684 PortQueuedTasksFinished=0x0
00:02:07.024684 PortTasksNew=0x0
00:02:07.024684 
00:02:07.024684 Port 4: device-attached=false
00:02:07.024684 PortClb=0xdde0000
00:02:07.024684 PortClbU=0x2
00:02:07.024685 PortFb=0xdde0400
00:02:07.024685 PortFbU=0x2
00:02:07.024685 PortIs=0x0
00:02:07.024685 PortIe=0x7840007f
00:02:07.024685 PortCmd=0x10144016
00:02:07.024685 PortTfd=0x7f
00:02:07.024686 PortSig=0xffffffff
00:02:07.024686 PortSSts=0x0
00:02:07.024686 PortSCtl=0x300
00:02:07.024686 PortSErr=0x0
00:02:07.024686 PortSAct=0x0
00:02:07.024686 PortCi=0x0
00:02:07.024687 PortPhysClb=000000020dde0000
00:02:07.024687 PortPhysFb=000000020dde0400
00:02:07.024687 PortActTasksActive=0
00:02:07.024687 PortPoweredOn=true
00:02:07.024688 PortSpunUp=true
00:02:07.024688 PortFirstD2HFisSent=false
00:02:07.024688 PortATAPI=false
00:02:07.024688 PortTasksFinished=0x0
00:02:07.024688 PortQueuedTasksFinished=0x0
00:02:07.024688 PortTasksNew=0x0
00:02:07.024689 
00:02:07.024689 Port 5: device-attached=false
00:02:07.024689 PortClb=0xde00000
00:02:07.024689 PortClbU=0x2
00:02:07.024689 PortFb=0xde00400
00:02:07.024689 PortFbU=0x2
00:02:07.024690 PortIs=0x0
00:02:07.024690 PortIe=0x7840007f
00:02:07.024690 PortCmd=0x10144016
00:02:07.024690 PortTfd=0x7f
00:02:07.024690 PortSig=0xffffffff
00:02:07.024691 PortSSts=0x0
00:02:07.024691 PortSCtl=0x300
00:02:07.024691 PortSErr=0x0
00:02:07.024691 PortSAct=0x0
00:02:07.024691 PortCi=0x0
00:02:07.024691 PortPhysClb=000000020de00000
00:02:07.024692 PortPhysFb=000000020de00400
00:02:07.024692 PortActTasksActive=0
00:02:07.024692 PortPoweredOn=true
00:02:07.024692 PortSpunUp=true
00:02:07.024692 PortFirstD2HFisSent=false
00:02:07.024693 PortATAPI=false
00:02:07.024693 PortTasksFinished=0x0
00:02:07.024693 PortQueuedTasksFinished=0x0
00:02:07.024693 PortTasksNew=0x0
00:02:07.024693 
00:02:07.024693 Port 6: device-attached=false
00:02:07.024694 PortClb=0xde20000
00:02:07.024694 PortClbU=0x2
00:02:07.024694 PortFb=0xde20400
00:02:07.024694 PortFbU=0x2
00:02:07.024694 PortIs=0x0
00:02:07.024694 PortIe=0x7840007f
00:02:07.024695 PortCmd=0x10144016
00:02:07.024695 PortTfd=0x7f
00:02:07.024695 PortSig=0xffffffff
00:02:07.024695 PortSSts=0x0
00:02:07.024695 PortSCtl=0x300
00:02:07.024696 PortSErr=0x0
00:02:07.024696 PortSAct=0x0
00:02:07.024696 PortCi=0x0
00:02:07.024696 PortPhysClb=000000020de20000
00:02:07.024696 PortPhysFb=000000020de20400
00:02:07.024697 PortActTasksActive=0
00:02:07.024697 PortPoweredOn=true
00:02:07.024697 PortSpunUp=true
00:02:07.024697 PortFirstD2HFisSent=false
00:02:07.024697 PortATAPI=false
00:02:07.024697 PortTasksFinished=0x0
00:02:07.024698 PortQueuedTasksFinished=0x0
00:02:07.024698 PortTasksNew=0x0
00:02:07.024698 
00:02:07.024698 Port 7: device-attached=false
00:02:07.024698 PortClb=0xde40000
00:02:07.024699 PortClbU=0x2
00:02:07.024699 PortFb=0xde40400
00:02:07.024699 PortFbU=0x2
00:02:07.024699 PortIs=0x0
00:02:07.024699 PortIe=0x7840007f
00:02:07.024699 PortCmd=0x10144016
00:02:07.024700 PortTfd=0x7f
00:02:07.024700 PortSig=0xffffffff
00:02:07.024700 PortSSts=0x0
00:02:07.024700 PortSCtl=0x300
00:02:07.024700 PortSErr=0x0
00:02:07.024701 PortSAct=0x0
00:02:07.024701 PortCi=0x0
00:02:07.024701 PortPhysClb=000000020de40000
00:02:07.024701 PortPhysFb=000000020de40400
00:02:07.024701 PortActTasksActive=0
00:02:07.024702 PortPoweredOn=true
00:02:07.024702 PortSpunUp=true
00:02:07.024702 PortFirstD2HFisSent=false
00:02:07.024702 PortATAPI=false
00:02:07.024702 PortTasksFinished=0x0
00:02:07.024703 PortQueuedTasksFinished=0x0
00:02:07.024703 PortTasksNew=0x0
00:02:07.024703 
00:02:07.024703 Port 8: device-attached=false
00:02:07.024703 PortClb=0xde60000
00:02:07.024703 PortClbU=0x2
00:02:07.024704 PortFb=0xde60400
00:02:07.024704 PortFbU=0x2
00:02:07.024704 PortIs=0x0
00:02:07.024704 PortIe=0x7840007f
00:02:07.024704 PortCmd=0x10144016
00:02:07.024704 PortTfd=0x7f
00:02:07.024705 PortSig=0xffffffff
00:02:07.024705 PortSSts=0x0
00:02:07.024705 PortSCtl=0x300
00:02:07.024705 PortSErr=0x0
00:02:07.024705 PortSAct=0x0
00:02:07.024705 PortCi=0x0
00:02:07.024706 PortPhysClb=000000020de60000
00:02:07.024706 PortPhysFb=000000020de60400
00:02:07.024706 PortActTasksActive=0
00:02:07.024706 PortPoweredOn=true
00:02:07.024706 PortSpunUp=true
00:02:07.024707 PortFirstD2HFisSent=false
00:02:07.024707 PortATAPI=false
00:02:07.024707 PortTasksFinished=0x0
00:02:07.024707 PortQueuedTasksFinished=0x0
00:02:07.024707 PortTasksNew=0x0
00:02:07.024708 
00:02:07.024708 Port 9: device-attached=false
00:02:07.024708 PortClb=0xde80000
00:02:07.024708 PortClbU=0x2
00:02:07.024708 PortFb=0xde80400
00:02:07.024709 PortFbU=0x2
00:02:07.024709 PortIs=0x0
00:02:07.024709 PortIe=0x7840007f
00:02:07.024709 PortCmd=0x10144016
00:02:07.024709 PortTfd=0x7f
00:02:07.024710 PortSig=0xffffffff
00:02:07.024710 PortSSts=0x0
00:02:07.024710 PortSCtl=0x300
00:02:07.024710 PortSErr=0x0
00:02:07.024710 PortSAct=0x0
00:02:07.024710 PortCi=0x0
00:02:07.024711 PortPhysClb=000000020de80000
00:02:07.024711 PortPhysFb=000000020de80400
00:02:07.024711 PortActTasksActive=0
00:02:07.024711 PortPoweredOn=true
00:02:07.024711 PortSpunUp=true
00:02:07.024712 PortFirstD2HFisSent=false
00:02:07.024712 PortATAPI=false
00:02:07.024712 PortTasksFinished=0x0
00:02:07.024712 PortQueuedTasksFinished=0x0
00:02:07.024712 PortTasksNew=0x0
00:02:07.024713 
00:02:07.024713 Port 10: device-attached=false
00:02:07.024713 PortClb=0xdea0000
00:02:07.024713 PortClbU=0x2
00:02:07.024713 PortFb=0xdea0400
00:02:07.024714 PortFbU=0x2
00:02:07.024714 PortIs=0x0
00:02:07.024714 PortIe=0x7840007f
00:02:07.024714 PortCmd=0x10144016
00:02:07.024714 PortTfd=0x7f
00:02:07.024714 PortSig=0xffffffff
00:02:07.024715 PortSSts=0x0
00:02:07.024715 PortSCtl=0x300
00:02:07.024715 PortSErr=0x0
00:02:07.024715 PortSAct=0x0
00:02:07.024715 PortCi=0x0
00:02:07.024715 PortPhysClb=000000020dea0000
00:02:07.024716 PortPhysFb=000000020dea0400
00:02:07.024716 PortActTasksActive=0
00:02:07.024716 PortPoweredOn=true
00:02:07.024716 PortSpunUp=true
00:02:07.024716 PortFirstD2HFisSent=false
00:02:07.024717 PortATAPI=false
00:02:07.024717 PortTasksFinished=0x0
00:02:07.024717 PortQueuedTasksFinished=0x0
00:02:07.024717 PortTasksNew=0x0
00:02:07.024717 
00:02:07.024717 Port 11: device-attached=false
00:02:07.024718 PortClb=0xdec0000
00:02:07.024718 PortClbU=0x2
00:02:07.024718 PortFb=0xdec0400
00:02:07.024718 PortFbU=0x2
00:02:07.024718 PortIs=0x0
00:02:07.024718 PortIe=0x7840007f
00:02:07.024719 PortCmd=0x10144016
00:02:07.024719 PortTfd=0x7f
00:02:07.024719 PortSig=0xffffffff
00:02:07.024719 PortSSts=0x0
00:02:07.024719 PortSCtl=0x300
00:02:07.024720 PortSErr=0x0
00:02:07.024720 PortSAct=0x0
00:02:07.024720 PortCi=0x0
00:02:07.024720 PortPhysClb=000000020dec0000
00:02:07.024720 PortPhysFb=000000020dec0400
00:02:07.024721 PortActTasksActive=0
00:02:07.024721 PortPoweredOn=true
00:02:07.024721 PortSpunUp=true
00:02:07.024721 PortFirstD2HFisSent=false
00:02:07.024721 PortATAPI=false
00:02:07.024721 PortTasksFinished=0x0
00:02:07.024722 PortQueuedTasksFinished=0x0
00:02:07.024722 PortTasksNew=0x0
00:02:07.024722 
00:02:07.024722 Port 12: device-attached=false
00:02:07.024722 PortClb=0xdee0000
00:02:07.024723 PortClbU=0x2
00:02:07.024723 PortFb=0xdee0400
00:02:07.024723 PortFbU=0x2
00:02:07.024723 PortIs=0x0
00:02:07.024723 PortIe=0x7840007f
00:02:07.024723 PortCmd=0x10144016
00:02:07.024724 PortTfd=0x7f
00:02:07.024724 PortSig=0xffffffff
00:02:07.024724 PortSSts=0x0
00:02:07.024724 PortSCtl=0x300
00:02:07.024724 PortSErr=0x0
00:02:07.024724 PortSAct=0x0
00:02:07.024725 PortCi=0x0
00:02:07.024725 PortPhysClb=000000020dee0000
00:02:07.024725 PortPhysFb=000000020dee0400
00:02:07.024725 PortActTasksActive=0
00:02:07.024725 PortPoweredOn=true
00:02:07.024726 PortSpunUp=true
00:02:07.024726 PortFirstD2HFisSent=false
00:02:07.024726 PortATAPI=false
00:02:07.024726 PortTasksFinished=0x0
00:02:07.024726 PortQueuedTasksFinished=0x0
00:02:07.024726 PortTasksNew=0x0
00:02:07.024727 
00:02:07.024727 Port 13: device-attached=false
00:02:07.024727 PortClb=0xdf00000
00:02:07.024727 PortClbU=0x2
00:02:07.024727 PortFb=0xdf00400
00:02:07.024727 PortFbU=0x2
00:02:07.024728 PortIs=0x0
00:02:07.024728 PortIe=0x7840007f
00:02:07.024728 PortCmd=0x10144016
00:02:07.024728 PortTfd=0x7f
00:02:07.024728 PortSig=0xffffffff
00:02:07.024729 PortSSts=0x0
00:02:07.024729 PortSCtl=0x300
00:02:07.024729 PortSErr=0x0
00:02:07.024729 PortSAct=0x0
00:02:07.024729 PortCi=0x0
00:02:07.024729 PortPhysClb=000000020df00000
00:02:07.024730 PortPhysFb=000000020df00400
00:02:07.024730 PortActTasksActive=0
00:02:07.024730 PortPoweredOn=true
00:02:07.024730 PortSpunUp=true
00:02:07.024730 PortFirstD2HFisSent=false
00:02:07.024731 PortATAPI=false
00:02:07.024731 PortTasksFinished=0x0
00:02:07.024731 PortQueuedTasksFinished=0x0
00:02:07.024731 PortTasksNew=0x0
00:02:07.024731 
00:02:07.024731 Port 14: device-attached=false
00:02:07.024732 PortClb=0xdf20000
00:02:07.024732 PortClbU=0x2
00:02:07.024732 PortFb=0xdf20400
00:02:07.024732 PortFbU=0x2
00:02:07.024732 PortIs=0x0
00:02:07.024732 PortIe=0x7840007f
00:02:07.024733 PortCmd=0x10144016
00:02:07.024733 PortTfd=0x7f
00:02:07.024733 PortSig=0xffffffff
00:02:07.024733 PortSSts=0x0
00:02:07.024733 PortSCtl=0x300
00:02:07.024734 PortSErr=0x0
00:02:07.024734 PortSAct=0x0
00:02:07.024734 PortCi=0x0
00:02:07.024734 PortPhysClb=000000020df20000
00:02:07.024734 PortPhysFb=000000020df20400
00:02:07.024734 PortActTasksActive=0
00:02:07.024735 PortPoweredOn=true
00:02:07.024735 PortSpunUp=true
00:02:07.024735 PortFirstD2HFisSent=false
00:02:07.024735 PortATAPI=false
00:02:07.024735 PortTasksFinished=0x0
00:02:07.024736 PortQueuedTasksFinished=0x0
00:02:07.024736 PortTasksNew=0x0
00:02:07.024736 
00:02:07.024736 Port 15: device-attached=false
00:02:07.024736 PortClb=0xdf40000
00:02:07.024736 PortClbU=0x2
00:02:07.024737 PortFb=0xdf40400
00:02:07.024737 PortFbU=0x2
00:02:07.024737 PortIs=0x0
00:02:07.024737 PortIe=0x7840007f
00:02:07.024737 PortCmd=0x10144016
00:02:07.024737 PortTfd=0x7f
00:02:07.024738 PortSig=0xffffffff
00:02:07.024738 PortSSts=0x0
00:02:07.024738 PortSCtl=0x300
00:02:07.024738 PortSErr=0x0
00:02:07.024738 PortSAct=0x0
00:02:07.024738 PortCi=0x0
00:02:07.024739 PortPhysClb=000000020df40000
00:02:07.024739 PortPhysFb=000000020df40400
00:02:07.024739 PortActTasksActive=0
00:02:07.024739 PortPoweredOn=true
00:02:07.024740 PortSpunUp=true
00:02:07.024740 PortFirstD2HFisSent=false
00:02:07.024740 PortATAPI=false
00:02:07.024740 PortTasksFinished=0x0
00:02:07.024740 PortQueuedTasksFinished=0x0
00:02:07.024740 PortTasksNew=0x0
00:02:07.024741 
00:02:07.024741 Port 16: device-attached=false
00:02:07.024741 PortClb=0xdf60000
00:02:07.024741 PortClbU=0x2
00:02:07.024741 PortFb=0xdf60400
00:02:07.024741 PortFbU=0x2
00:02:07.024742 PortIs=0x0
00:02:07.024742 PortIe=0x7840007f
00:02:07.024742 PortCmd=0x10144016
00:02:07.024742 PortTfd=0x7f
00:02:07.024742 PortSig=0xffffffff
00:02:07.024743 PortSSts=0x0
00:02:07.024743 PortSCtl=0x300
00:02:07.024743 PortSErr=0x0
00:02:07.024743 PortSAct=0x0
00:02:07.024743 PortCi=0x0
00:02:07.024743 PortPhysClb=000000020df60000
00:02:07.024744 PortPhysFb=000000020df60400
00:02:07.024744 PortActTasksActive=0
00:02:07.024744 PortPoweredOn=true
00:02:07.024744 PortSpunUp=true
00:02:07.024745 PortFirstD2HFisSent=false
00:02:07.024745 PortATAPI=false
00:02:07.024745 PortTasksFinished=0x0
00:02:07.024745 PortQueuedTasksFinished=0x0
00:02:07.024745 PortTasksNew=0x0
00:02:07.024745 
00:02:07.024745 Port 17: device-attached=false
00:02:07.024746 PortClb=0xdf80000
00:02:07.024746 PortClbU=0x2
00:02:07.024746 PortFb=0xdf80400
00:02:07.024746 PortFbU=0x2
00:02:07.024746 PortIs=0x0
00:02:07.024747 PortIe=0x7840007f
00:02:07.024747 PortCmd=0x10144016
00:02:07.024747 PortTfd=0x7f
00:02:07.024747 PortSig=0xffffffff
00:02:07.024747 PortSSts=0x0
00:02:07.024748 PortSCtl=0x300
00:02:07.024748 PortSErr=0x0
00:02:07.024748 PortSAct=0x0
00:02:07.024748 PortCi=0x0
00:02:07.024748 PortPhysClb=000000020df80000
00:02:07.024748 PortPhysFb=000000020df80400
00:02:07.024749 PortActTasksActive=0
00:02:07.024749 PortPoweredOn=true
00:02:07.024749 PortSpunUp=true
00:02:07.024749 PortFirstD2HFisSent=false
00:02:07.024749 PortATAPI=false
00:02:07.024750 PortTasksFinished=0x0
00:02:07.024750 PortQueuedTasksFinished=0x0
00:02:07.024750 PortTasksNew=0x0
00:02:07.024750 
00:02:07.024750 Port 18: device-attached=false
00:02:07.024750 PortClb=0xdfa0000
00:02:07.024751 PortClbU=0x2
00:02:07.024751 PortFb=0xdfa0400
00:02:07.024751 PortFbU=0x2
00:02:07.024751 PortIs=0x0
00:02:07.024751 PortIe=0x7840007f
00:02:07.024751 PortCmd=0x10144016
00:02:07.024752 PortTfd=0x7f
00:02:07.024752 PortSig=0xffffffff
00:02:07.024752 PortSSts=0x0
00:02:07.024752 PortSCtl=0x300
00:02:07.024752 PortSErr=0x0
00:02:07.024752 PortSAct=0x0
00:02:07.024753 PortCi=0x0
00:02:07.024753 PortPhysClb=000000020dfa0000
00:02:07.024753 PortPhysFb=000000020dfa0400
00:02:07.024753 PortActTasksActive=0
00:02:07.024753 PortPoweredOn=true
00:02:07.024754 PortSpunUp=true
00:02:07.024754 PortFirstD2HFisSent=false
00:02:07.024754 PortATAPI=false
00:02:07.024754 PortTasksFinished=0x0
00:02:07.024754 PortQueuedTasksFinished=0x0
00:02:07.024755 PortTasksNew=0x0
00:02:07.024755 
00:02:07.024755 Port 19: device-attached=false
00:02:07.024755 PortClb=0xdfe0000
00:02:07.024755 PortClbU=0x2
00:02:07.024755 PortFb=0xdfe0400
00:02:07.024756 PortFbU=0x2
00:02:07.024756 PortIs=0x0
00:02:07.024756 PortIe=0x7840007f
00:02:07.024756 PortCmd=0x10144016
00:02:07.024756 PortTfd=0x7f
00:02:07.024756 PortSig=0xffffffff
00:02:07.024757 PortSSts=0x0
00:02:07.024757 PortSCtl=0x300
00:02:07.024757 PortSErr=0x0
00:02:07.024757 PortSAct=0x0
00:02:07.024757 PortCi=0x0
00:02:07.024757 PortPhysClb=000000020dfe0000
00:02:07.024758 PortPhysFb=000000020dfe0400
00:02:07.024758 PortActTasksActive=0
00:02:07.024758 PortPoweredOn=true
00:02:07.024758 PortSpunUp=true
00:02:07.024759 PortFirstD2HFisSent=false
00:02:07.024759 PortATAPI=false
00:02:07.024759 PortTasksFinished=0x0
00:02:07.024759 PortQueuedTasksFinished=0x0
00:02:07.024759 PortTasksNew=0x0
00:02:07.024759 
00:02:07.024760 Port 20: device-attached=false
00:02:07.024760 PortClb=0xd800000
00:02:07.024760 PortClbU=0x2
00:02:07.024760 PortFb=0xd800400
00:02:07.024760 PortFbU=0x2
00:02:07.024760 PortIs=0x0
00:02:07.024761 PortIe=0x7840007f
00:02:07.024761 PortCmd=0x10144016
00:02:07.024761 PortTfd=0x7f
00:02:07.024761 PortSig=0xffffffff
00:02:07.024761 PortSSts=0x0
00:02:07.024761 PortSCtl=0x300
00:02:07.024762 PortSErr=0x0
00:02:07.024762 PortSAct=0x0
00:02:07.024762 PortCi=0x0
00:02:07.024762 PortPhysClb=000000020d800000
00:02:07.024762 PortPhysFb=000000020d800400
00:02:07.024763 PortActTasksActive=0
00:02:07.024763 PortPoweredOn=true
00:02:07.024763 PortSpunUp=true
00:02:07.024763 PortFirstD2HFisSent=false
00:02:07.024763 PortATAPI=false
00:02:07.024764 PortTasksFinished=0x0
00:02:07.024764 PortQueuedTasksFinished=0x0
00:02:07.024764 PortTasksNew=0x0
00:02:07.024764 
00:02:07.024764 Port 21: device-attached=false
00:02:07.024765 PortClb=0xd820000
00:02:07.024765 PortClbU=0x2
00:02:07.024765 PortFb=0xd820400
00:02:07.024765 PortFbU=0x2
00:02:07.024765 PortIs=0x0
00:02:07.024765 PortIe=0x7840007f
00:02:07.024766 PortCmd=0x10144016
00:02:07.024766 PortTfd=0x7f
00:02:07.024766 PortSig=0xffffffff
00:02:07.024766 PortSSts=0x0
00:02:07.024766 PortSCtl=0x300
00:02:07.024766 PortSErr=0x0
00:02:07.024767 PortSAct=0x0
00:02:07.024767 PortCi=0x0
00:02:07.024767 PortPhysClb=000000020d820000
00:02:07.024767 PortPhysFb=000000020d820400
00:02:07.024767 PortActTasksActive=0
00:02:07.024768 PortPoweredOn=true
00:02:07.024768 PortSpunUp=true
00:02:07.024768 PortFirstD2HFisSent=false
00:02:07.024768 PortATAPI=false
00:02:07.024768 PortTasksFinished=0x0
00:02:07.024769 PortQueuedTasksFinished=0x0
00:02:07.024769 PortTasksNew=0x0
00:02:07.024769 
00:02:07.024769 Port 22: device-attached=false
00:02:07.024769 PortClb=0xd840000
00:02:07.024769 PortClbU=0x2
00:02:07.024770 PortFb=0xd840400
00:02:07.024770 PortFbU=0x2
00:02:07.024770 PortIs=0x0
00:02:07.024770 PortIe=0x7840007f
00:02:07.024770 PortCmd=0x10144016
00:02:07.024770 PortTfd=0x7f
00:02:07.024771 PortSig=0xffffffff
00:02:07.024771 PortSSts=0x0
00:02:07.024771 PortSCtl=0x300
00:02:07.024771 PortSErr=0x0
00:02:07.024771 PortSAct=0x0
00:02:07.024771 PortCi=0x0
00:02:07.024772 PortPhysClb=000000020d840000
00:02:07.024772 PortPhysFb=000000020d840400
00:02:07.024772 PortActTasksActive=0
00:02:07.024772 PortPoweredOn=true
00:02:07.024772 PortSpunUp=true
00:02:07.024773 PortFirstD2HFisSent=false
00:02:07.024773 PortATAPI=false
00:02:07.024773 PortTasksFinished=0x0
00:02:07.024773 PortQueuedTasksFinished=0x0
00:02:07.024773 PortTasksNew=0x0
00:02:07.024774 
00:02:07.024774 Port 23: device-attached=false
00:02:07.024774 PortClb=0xd860000
00:02:07.024774 PortClbU=0x2
00:02:07.024774 PortFb=0xd860400
00:02:07.024774 PortFbU=0x2
00:02:07.024775 PortIs=0x0
00:02:07.024775 PortIe=0x7840007f
00:02:07.024775 PortCmd=0x10144016
00:02:07.024775 PortTfd=0x7f
00:02:07.024775 PortSig=0xffffffff
00:02:07.024775 PortSSts=0x0
00:02:07.024776 PortSCtl=0x300
00:02:07.024776 PortSErr=0x0
00:02:07.024776 PortSAct=0x0
00:02:07.024776 PortCi=0x0
00:02:07.024776 PortPhysClb=000000020d860000
00:02:07.024776 PortPhysFb=000000020d860400
00:02:07.024777 PortActTasksActive=0
00:02:07.024777 PortPoweredOn=true
00:02:07.024777 PortSpunUp=true
00:02:07.024777 PortFirstD2HFisSent=false
00:02:07.024777 PortATAPI=false
00:02:07.024778 PortTasksFinished=0x0
00:02:07.024778 PortQueuedTasksFinished=0x0
00:02:07.024778 PortTasksNew=0x0
00:02:07.024778 
00:02:07.024778 Port 24: device-attached=false
00:02:07.024779 PortClb=0xd880000
00:02:07.024779 PortClbU=0x2
00:02:07.024779 PortFb=0xd880400
00:02:07.024779 PortFbU=0x2
00:02:07.024779 PortIs=0x0
00:02:07.024779 PortIe=0x7840007f
00:02:07.024780 PortCmd=0x10144016
00:02:07.024780 PortTfd=0x7f
00:02:07.024780 PortSig=0xffffffff
00:02:07.024780 PortSSts=0x0
00:02:07.024780 PortSCtl=0x300
00:02:07.024780 PortSErr=0x0
00:02:07.024781 PortSAct=0x0
00:02:07.024781 PortCi=0x0
00:02:07.024781 PortPhysClb=000000020d880000
00:02:07.024781 PortPhysFb=000000020d880400
00:02:07.024781 PortActTasksActive=0
00:02:07.024782 PortPoweredOn=true
00:02:07.024782 PortSpunUp=true
00:02:07.024782 PortFirstD2HFisSent=false
00:02:07.024782 PortATAPI=false
00:02:07.024782 PortTasksFinished=0x0
00:02:07.024783 PortQueuedTasksFinished=0x0
00:02:07.024783 PortTasksNew=0x0
00:02:07.024783 
00:02:07.024783 Port 25: device-attached=false
00:02:07.024783 PortClb=0xd8a0000
00:02:07.024783 PortClbU=0x2
00:02:07.024784 PortFb=0xd8a0400
00:02:07.024784 PortFbU=0x2
00:02:07.024784 PortIs=0x0
00:02:07.024784 PortIe=0x7840007f
00:02:07.024784 PortCmd=0x10144016
00:02:07.024785 PortTfd=0x7f
00:02:07.024785 PortSig=0xffffffff
00:02:07.024785 PortSSts=0x0
00:02:07.024785 PortSCtl=0x300
00:02:07.024785 PortSErr=0x0
00:02:07.024785 PortSAct=0x0
00:02:07.024786 PortCi=0x0
00:02:07.024786 PortPhysClb=000000020d8a0000
00:02:07.024786 PortPhysFb=000000020d8a0400
00:02:07.024786 PortActTasksActive=0
00:02:07.024786 PortPoweredOn=true
00:02:07.024787 PortSpunUp=true
00:02:07.024787 PortFirstD2HFisSent=false
00:02:07.024787 PortATAPI=false
00:02:07.024787 PortTasksFinished=0x0
00:02:07.024787 PortQueuedTasksFinished=0x0
00:02:07.024788 PortTasksNew=0x0
00:02:07.024788 
00:02:07.024788 Port 26: device-attached=false
00:02:07.024788 PortClb=0xd8c0000
00:02:07.024788 PortClbU=0x2
00:02:07.024788 PortFb=0xd8c0400
00:02:07.024789 PortFbU=0x2
00:02:07.024789 PortIs=0x0
00:02:07.024789 PortIe=0x7840007f
00:02:07.024789 PortCmd=0x10144016
00:02:07.024789 PortTfd=0x7f
00:02:07.024789 PortSig=0xffffffff
00:02:07.024790 PortSSts=0x0
00:02:07.024790 PortSCtl=0x300
00:02:07.024790 PortSErr=0x0
00:02:07.024790 PortSAct=0x0
00:02:07.024790 PortCi=0x0
00:02:07.024790 PortPhysClb=000000020d8c0000
00:02:07.024791 PortPhysFb=000000020d8c0400
00:02:07.024791 PortActTasksActive=0
00:02:07.024791 PortPoweredOn=true
00:02:07.024791 PortSpunUp=true
00:02:07.024791 PortFirstD2HFisSent=false
00:02:07.024792 PortATAPI=false
00:02:07.024792 PortTasksFinished=0x0
00:02:07.024792 PortQueuedTasksFinished=0x0
00:02:07.024792 PortTasksNew=0x0
00:02:07.024792 
00:02:07.024792 Port 27: device-attached=false
00:02:07.024793 PortClb=0xd8e0000
00:02:07.024793 PortClbU=0x2
00:02:07.024793 PortFb=0xd8e0400
00:02:07.024793 PortFbU=0x2
00:02:07.024793 PortIs=0x0
00:02:07.024794 PortIe=0x7840007f
00:02:07.024794 PortCmd=0x10144016
00:02:07.024794 PortTfd=0x7f
00:02:07.024794 PortSig=0xffffffff
00:02:07.024794 PortSSts=0x0
00:02:07.024794 PortSCtl=0x300
00:02:07.024795 PortSErr=0x0
00:02:07.024795 PortSAct=0x0
00:02:07.024795 PortCi=0x0
00:02:07.024795 PortPhysClb=000000020d8e0000
00:02:07.024795 PortPhysFb=000000020d8e0400
00:02:07.024796 PortActTasksActive=0
00:02:07.024796 PortPoweredOn=true
00:02:07.024796 PortSpunUp=true
00:02:07.024796 PortFirstD2HFisSent=false
00:02:07.024796 PortATAPI=false
00:02:07.024796 PortTasksFinished=0x0
00:02:07.024797 PortQueuedTasksFinished=0x0
00:02:07.024797 PortTasksNew=0x0
00:02:07.024797 
00:02:07.024797 Port 28: device-attached=false
00:02:07.024797 PortClb=0xd900000
00:02:07.024798 PortClbU=0x2
00:02:07.024798 PortFb=0xd900400
00:02:07.024798 PortFbU=0x2
00:02:07.024798 PortIs=0x0
00:02:07.024798 PortIe=0x7840007f
00:02:07.024798 PortCmd=0x10144016
00:02:07.024799 PortTfd=0x7f
00:02:07.024799 PortSig=0xffffffff
00:02:07.024799 PortSSts=0x0
00:02:07.024799 PortSCtl=0x300
00:02:07.024799 PortSErr=0x0
00:02:07.024799 PortSAct=0x0
00:02:07.024800 PortCi=0x0
00:02:07.024800 PortPhysClb=000000020d900000
00:02:07.024800 PortPhysFb=000000020d900400
00:02:07.024800 PortActTasksActive=0
00:02:07.024800 PortPoweredOn=true
00:02:07.024801 PortSpunUp=true
00:02:07.024801 PortFirstD2HFisSent=false
00:02:07.024801 PortATAPI=false
00:02:07.024801 PortTasksFinished=0x0
00:02:07.024801 PortQueuedTasksFinished=0x0
00:02:07.024801 PortTasksNew=0x0
00:02:07.024802 
00:02:07.024802 Port 29: device-attached=false
00:02:07.024802 PortClb=0xd920000
00:02:07.024802 PortClbU=0x2
00:02:07.024802 PortFb=0xd920400
00:02:07.024802 PortFbU=0x2
00:02:07.024803 PortIs=0x0
00:02:07.024803 PortIe=0x7840007f
00:02:07.024803 PortCmd=0x10144016
00:02:07.024803 PortTfd=0x7f
00:02:07.024803 PortSig=0xffffffff
00:02:07.024804 PortSSts=0x0
00:02:07.024804 PortSCtl=0x300
00:02:07.024804 PortSErr=0x0
00:02:07.024804 PortSAct=0x0
00:02:07.024804 PortCi=0x0
00:02:07.024804 PortPhysClb=000000020d920000
00:02:07.024805 PortPhysFb=000000020d920400
00:02:07.024805 PortActTasksActive=0
00:02:07.024805 PortPoweredOn=true
00:02:07.024805 PortSpunUp=true
00:02:07.024805 PortFirstD2HFisSent=false
00:02:07.024806 PortATAPI=false
00:02:07.024806 PortTasksFinished=0x0
00:02:07.024806 PortQueuedTasksFinished=0x0
00:02:07.024806 PortTasksNew=0x0
00:02:07.024806 
00:02:07.024807 !!
00:02:07.024807 !! {apic}
00:02:07.024807 !!
00:02:07.024809 APIC0:
00:02:07.024809   APIC Base MSR                 = 0xfee00d00 (Addr=0xfee00000 en bsp extd)
00:02:07.024810   Mode                          = 3 (x2APIC)
00:02:07.024811   APIC ID                       = 0 (0x0)
00:02:07.024811   Version                       = 0x50014
00:02:07.024812     APIC Version                  = 0x14
00:02:07.024812     Max LVT entry index (0..N)    = 5
00:02:07.024812     EOI Broadcast supression      = false
00:02:07.024813   TPR                           = 0 (0x0)
00:02:07.024813     Task-priority class           = 0x0
00:02:07.024814     Task-priority subclass        = 0x0
00:02:07.024814   PPR                           = 0 (0x0)
00:02:07.024814     Processor-priority class      = 0x0
00:02:07.024814     Processor-priority subclass   = 0x0
00:02:07.024815   LDR                           = 0x1
00:02:07.024815     Logical APIC ID               = 0x1
00:02:07.024815   SVR                           = 0x1ff
00:02:07.024815     Vector                        = 255 (0xff)
00:02:07.024816     Software Enabled              = true
00:02:07.024816     Supress EOI broadcast         = false
00:02:07.024817   ISR
00:02:07.024817     0000000000000000000000000000000000000000000000000000000000000000
00:02:07.024818     Pending: None
00:02:07.024819   TMR
00:02:07.024819     0000000000000000000000000000000000000000000000000000000000000000
00:02:07.024819     Pending: None
00:02:07.024820   IRR
00:02:07.024820     0000000000000000000000000000000000000000000000000000000000000000
00:02:07.024821     Pending: None
00:02:07.024821   PIB
00:02:07.024821     0000000000000000000000000000000000000000000000000000000000000000
00:02:07.024822     Pending: None
00:02:07.024822   Level PIB
00:02:07.024822     0000000000000000000000000000000000000000000000000000000000000000
00:02:07.024823     Pending: None
00:02:07.024823   ESR Internal                  = 0x0
00:02:07.024824   ESR                           = 0x0
00:02:07.024824     Redirectable IPI              = false
00:02:07.024824     Send Illegal Vector           = false
00:02:07.024824     Recv Illegal Vector           = false
00:02:07.024825     Illegal Register Address      = false
00:02:07.024825   ICR Low                       = 0xfd
00:02:07.024825     Vector                        = 253 (0xfd)
00:02:07.024826     Delivery Mode                 = 0x0 (Fixed)
00:02:07.024826     Destination Mode              = 0x0 (Physical)
00:02:07.024826     Level                         = 0
00:02:07.024827     Trigger Mode                  = 0 (Edge)
00:02:07.024827     Destination shorthand         = 0x0 (None)
00:02:07.024828   ICR High                      = 0x2
00:02:07.024828     Destination field/mask        = 0x2
00:02:07.024833 APIC1:
00:02:07.024833   APIC Base MSR                 = 0xfee00c00 (Addr=0xfee00000 en extd)
00:02:07.024835   Mode                          = 3 (x2APIC)
00:02:07.024835   APIC ID                       = 1 (0x1)
00:02:07.024836   Version                       = 0x50014
00:02:07.024836     APIC Version                  = 0x14
00:02:07.024837     Max LVT entry index (0..N)    = 5
00:02:07.024837     EOI Broadcast supression      = false
00:02:07.024837   TPR                           = 0 (0x0)
00:02:07.024838     Task-priority class           = 0x0
00:02:07.024838     Task-priority subclass        = 0x0
00:02:07.024838   PPR                           = 0 (0x0)
00:02:07.024839     Processor-priority class      = 0x0
00:02:07.024839     Processor-priority subclass   = 0x0
00:02:07.024839   LDR                           = 0x2
00:02:07.024839     Logical APIC ID               = 0x2
00:02:07.024839   SVR                           = 0x1ff
00:02:07.024840     Vector                        = 255 (0xff)
00:02:07.024840     Software Enabled              = true
00:02:07.024841     Supress EOI broadcast         = false
00:02:07.024841   ISR
00:02:07.024841     0000000000000000000000000000000000000000000000000000000000000000
00:02:07.024842     Pending: None
00:02:07.024843   TMR
00:02:07.024843     0000000000000000000000000000000000000000000000000000000000000000
00:02:07.024844     Pending: None
00:02:07.024844   IRR
00:02:07.024844     0000000000000000000000000000000000000000000000000000000000000000
00:02:07.024845     Pending: None
00:02:07.024845   PIB
00:02:07.024845     0000000000000000000000000000000000000000000000000000000000000000
00:02:07.024846     Pending: None
00:02:07.024846   Level PIB
00:02:07.024846     0000000000000000000000000000000000000000000000000000000000000000
00:02:07.024847     Pending: None
00:02:07.024847   ESR Internal                  = 0x0
00:02:07.024848   ESR                           = 0x0
00:02:07.024848     Redirectable IPI              = false
00:02:07.024848     Send Illegal Vector           = false
00:02:07.024849     Recv Illegal Vector           = false
00:02:07.024849     Illegal Register Address      = false
00:02:07.024849   ICR Low                       = 0xfd
00:02:07.024849     Vector                        = 253 (0xfd)
00:02:07.024850     Delivery Mode                 = 0x0 (Fixed)
00:02:07.024850     Destination Mode              = 0x0 (Physical)
00:02:07.024851     Level                         = 0
00:02:07.024851     Trigger Mode                  = 0 (Edge)
00:02:07.024851     Destination shorthand         = 0x0 (None)
00:02:07.024852   ICR High                      = 0x3
00:02:07.024852     Destination field/mask        = 0x3
00:02:07.024855 APIC2:
00:02:07.024856   APIC Base MSR                 = 0xfee00c00 (Addr=0xfee00000 en extd)
00:02:07.024857   Mode                          = 3 (x2APIC)
00:02:07.024858   APIC ID                       = 2 (0x2)
00:02:07.024858   Version                       = 0x50014
00:02:07.024858     APIC Version                  = 0x14
00:02:07.024859     Max LVT entry index (0..N)    = 5
00:02:07.024859     EOI Broadcast supression      = false
00:02:07.024859   TPR                           = 0 (0x0)
00:02:07.024860     Task-priority class           = 0x0
00:02:07.024860     Task-priority subclass        = 0x0
00:02:07.024860   PPR                           = 0 (0x0)
00:02:07.024860     Processor-priority class      = 0x0
00:02:07.024861     Processor-priority subclass   = 0x0
00:02:07.024861   LDR                           = 0x4
00:02:07.024861     Logical APIC ID               = 0x4
00:02:07.024861   SVR                           = 0x1ff
00:02:07.024862     Vector                        = 255 (0xff)
00:02:07.024862     Software Enabled              = true
00:02:07.024863     Supress EOI broadcast         = false
00:02:07.024863   ISR
00:02:07.024863     0000000000000000000000000000000000000000000000000000000000000000
00:02:07.024864     Pending: None
00:02:07.024865   TMR
00:02:07.024865     0000000000000000000000000000000000000000000000000000000000000000
00:02:07.024865     Pending: None
00:02:07.024866   IRR
00:02:07.024866     0000000000000000000000000000000000000000000000000000000000000000
00:02:07.024867     Pending: None
00:02:07.024867   PIB
00:02:07.024867     0000000000000000000000000000000000000000000000000000000000000000
00:02:07.024868     Pending: None
00:02:07.024868   Level PIB
00:02:07.024868     0000000000000000000000000000000000000000000000000000000000000000
00:02:07.024869     Pending: None
00:02:07.024869   ESR Internal                  = 0x0
00:02:07.024870   ESR                           = 0x0
00:02:07.024870     Redirectable IPI              = false
00:02:07.024870     Send Illegal Vector           = false
00:02:07.024871     Recv Illegal Vector           = false
00:02:07.024871     Illegal Register Address      = false
00:02:07.024871   ICR Low                       = 0xfd
00:02:07.024871     Vector                        = 253 (0xfd)
00:02:07.024872     Delivery Mode                 = 0x0 (Fixed)
00:02:07.024872     Destination Mode              = 0x0 (Physical)
00:02:07.024873     Level                         = 0
00:02:07.024873     Trigger Mode                  = 0 (Edge)
00:02:07.024873     Destination shorthand         = 0x0 (None)
00:02:07.024874   ICR High                      = 0x1
00:02:07.024874     Destination field/mask        = 0x1
00:02:07.024877 APIC3:
00:02:07.024878   APIC Base MSR                 = 0xfee00c00 (Addr=0xfee00000 en extd)
00:02:07.024879   Mode                          = 3 (x2APIC)
00:02:07.024880   APIC ID                       = 3 (0x3)
00:02:07.024881   Version                       = 0x50014
00:02:07.024881     APIC Version                  = 0x14
00:02:07.024881     Max LVT entry index (0..N)    = 5
00:02:07.024882     EOI Broadcast supression      = false
00:02:07.024882   TPR                           = 0 (0x0)
00:02:07.024882     Task-priority class           = 0x0
00:02:07.024883     Task-priority subclass        = 0x0
00:02:07.024883   PPR                           = 0 (0x0)
00:02:07.024883     Processor-priority class      = 0x0
00:02:07.024884     Processor-priority subclass   = 0x0
00:02:07.024884   LDR                           = 0x8
00:02:07.024884     Logical APIC ID               = 0x8
00:02:07.024884   SVR                           = 0x1ff
00:02:07.024885     Vector                        = 255 (0xff)
00:02:07.024885     Software Enabled              = true
00:02:07.024885     Supress EOI broadcast         = false
00:02:07.024886   ISR
00:02:07.024886     0000000000000000000000000000000000000000000000000000000000000000
00:02:07.024887     Pending: None
00:02:07.024887   TMR
00:02:07.024888     0000000000000000000000000000000000000000000000000000000000000000
00:02:07.024888     Pending: None
00:02:07.024888   IRR
00:02:07.024889     0000000000000000000000000000000000000000000000000000000000000000
00:02:07.024889     Pending: None
00:02:07.024890   PIB
00:02:07.024890     0000000000000000000000000000000000000000000000000000000000000000
00:02:07.024891     Pending: None
00:02:07.024891   Level PIB
00:02:07.024891     0000000000000000000000000000000000000000000000000000000000000000
00:02:07.024892     Pending: None
00:02:07.024892   ESR Internal                  = 0x0
00:02:07.024892   ESR                           = 0x0
00:02:07.024893     Redirectable IPI              = false
00:02:07.024893     Send Illegal Vector           = false
00:02:07.024893     Recv Illegal Vector           = false
00:02:07.024893     Illegal Register Address      = false
00:02:07.024894   ICR Low                       = 0xfb
00:02:07.024894     Vector                        = 251 (0xfb)
00:02:07.024894     Delivery Mode                 = 0x0 (Fixed)
00:02:07.024895     Destination Mode              = 0x0 (Physical)
00:02:07.024895     Level                         = 0
00:02:07.024895     Trigger Mode                  = 0 (Edge)
00:02:07.024896     Destination shorthand         = 0x0 (None)
00:02:07.024896   ICR High                      = 0x2
00:02:07.024896     Destination field/mask        = 0x2
00:02:07.024897 !!
00:02:07.024897 !! {apiclvt}
00:02:07.024897 !!
00:02:07.024899 VCPU[0] APIC Local Vector Table (LVT):
00:02:07.024899 lvt     timermode  mask  trigger  rirr  polarity  dlvr_st  dlvr_mode   vector
00:02:07.024900 Timer    One-shot   0                               Idle               236 (0xec)
00:02:07.024902 Thermal             1                               Idle     Fixed       0 (0x0)
00:02:07.024903 Perf                1                               Idle     Fixed       0 (0x0)
00:02:07.024904 LINT0               1     Edge      0   ActiveHi    Idle     ExtINT      0 (0x0)
00:02:07.024905 LINT1               0     Edge      0   ActiveHi    Idle     NMI         0 (0x0)
00:02:07.024906 Error               1                               Idle     Fixed       0 (0x0)
00:02:07.024910 VCPU[1] APIC Local Vector Table (LVT):
00:02:07.024911 lvt     timermode  mask  trigger  rirr  polarity  dlvr_st  dlvr_mode   vector
00:02:07.024911 Timer    One-shot   0                               Idle               236 (0xec)
00:02:07.024913 Thermal             1                               Idle     Fixed       0 (0x0)
00:02:07.024914 Perf                1                               Idle     Fixed       0 (0x0)
00:02:07.024915 LINT0               1     Edge      0   ActiveHi    Idle     ExtINT      0 (0x0)
00:02:07.024917 LINT1               1     Edge      0   ActiveHi    Idle     NMI         0 (0x0)
00:02:07.024917 Error               1                               Idle     Fixed       0 (0x0)
00:02:07.024921 VCPU[2] APIC Local Vector Table (LVT):
00:02:07.024922 lvt     timermode  mask  trigger  rirr  polarity  dlvr_st  dlvr_mode   vector
00:02:07.024922 Timer    One-shot   0                               Idle               236 (0xec)
00:02:07.024924 Thermal             1                               Idle     Fixed       0 (0x0)
00:02:07.024925 Perf                1                               Idle     Fixed       0 (0x0)
00:02:07.024926 LINT0               1     Edge      0   ActiveHi    Idle     ExtINT      0 (0x0)
00:02:07.024928 LINT1               1     Edge      0   ActiveHi    Idle     NMI         0 (0x0)
00:02:07.024928 Error               1                               Idle     Fixed       0 (0x0)
00:02:07.024932 VCPU[3] APIC Local Vector Table (LVT):
00:02:07.024933 lvt     timermode  mask  trigger  rirr  polarity  dlvr_st  dlvr_mode   vector
00:02:07.024933 Timer    One-shot   0                               Idle               236 (0xec)
00:02:07.024935 Thermal             1                               Idle     Fixed       0 (0x0)
00:02:07.024936 Perf                1                               Idle     Fixed       0 (0x0)
00:02:07.024937 LINT0               1     Edge      0   ActiveHi    Idle     ExtINT      0 (0x0)
00:02:07.024939 LINT1               1     Edge      0   ActiveHi    Idle     NMI         0 (0x0)
00:02:07.024940 Error               1                               Idle     Fixed       0 (0x0)
00:02:07.024941 !!
00:02:07.024941 !! {apictimer}
00:02:07.024941 !!
00:02:07.024943 VCPU[0] Local APIC timer:
00:02:07.024943   ICR              = 0x408c8
00:02:07.024944   CCR              = 0x408c8
00:02:07.024944   DCR              = 0x3
00:02:07.024945     Timer shift    = 0x4
00:02:07.024945   Timer initial TS = 110927956596
00:02:07.024945 LVT Timer          = 0xec
00:02:07.024946   Vector             = 236 (0xec)
00:02:07.024946   Delivery status    = 0
00:02:07.024946   Masked             = false
00:02:07.024947   Timer Mode         = 0x0 (One-shot)
00:02:07.024950 VCPU[1] Local APIC timer:
00:02:07.024951   ICR              = 0x371a6
00:02:07.024951   CCR              = 0x371a6
00:02:07.024952   DCR              = 0x3
00:02:07.024952     Timer shift    = 0x4
00:02:07.024952   Timer initial TS = 110928501492
00:02:07.024953 LVT Timer          = 0xec
00:02:07.024953   Vector             = 236 (0xec)
00:02:07.024954   Delivery status    = 0
00:02:07.024954   Masked             = false
00:02:07.024954   Timer Mode         = 0x0 (One-shot)
00:02:07.024958 VCPU[2] Local APIC timer:
00:02:07.024958   ICR              = 0x3ffc9
00:02:07.024958   CCR              = 0x3ffc9
00:02:07.024959   DCR              = 0x3
00:02:07.024959     Timer shift    = 0x4
00:02:07.024959   Timer initial TS = 110927991162
00:02:07.024960 LVT Timer          = 0xec
00:02:07.024960   Vector             = 236 (0xec)
00:02:07.024961   Delivery status    = 0
00:02:07.024961   Masked             = false
00:02:07.024961   Timer Mode         = 0x0 (One-shot)
00:02:07.024965 VCPU[3] Local APIC timer:
00:02:07.024965   ICR              = 0x402c3
00:02:07.024966   CCR              = 0x402c3
00:02:07.024966   DCR              = 0x3
00:02:07.024966     Timer shift    = 0x4
00:02:07.024967   Timer initial TS = 110927979820
00:02:07.024967 LVT Timer          = 0xec
00:02:07.024968   Vector             = 236 (0xec)
00:02:07.024968   Delivery status    = 0
00:02:07.024968   Masked             = false
00:02:07.024969   Timer Mode         = 0x0 (One-shot)
00:02:07.024969 !!
00:02:07.024970 !! {bugcheck}
00:02:07.024970 !!
00:02:07.024970 No bug check reported.
00:02:07.024971 !!
00:02:07.024971 !! {cfgm}
00:02:07.024971 !!
00:02:07.024971 pRoot=0000013421002a20:{/}
00:02:07.024972 [/] (level 0)
00:02:07.024973   CpuExecutionCap   <integer> = 0x0000000000000064 (100)
00:02:07.024975   EnablePAE         <integer> = 0x0000000000000001 (1)
00:02:07.024976   HMEnabled         <integer> = 0x0000000000000001 (1)
00:02:07.024976   MemBalloonSize    <integer> = 0x0000000000000000 (0, 0 B)
00:02:07.024977   Name              <string>  = "EVE-COMM-VM" (cb=12)
00:02:07.024979   NumCPUs           <integer> = 0x0000000000000004 (4)
00:02:07.024979   PageFusionAllowed <integer> = 0x0000000000000000 (0)
00:02:07.024980   RamHoleSize       <integer> = 0x0000000020000000 (536 870 912, 512.0 MiB)
00:02:07.024981   RamSize           <integer> = 0x0000000200000000 (8 589 934 592, 8.0 GiB)
00:02:07.024982   TimerMillies      <integer> = 0x000000000000000a (10)
00:02:07.024983   UUID              <bytes>   = "a3 c2 2a 9f 66 46 87 49 8b 83 47 b5 bc e0 e3 ab" (cb=16)
00:02:07.024985 
00:02:07.024985 [/CPUM/] (level 1)
00:02:07.024986   Enable64bit        <integer> = 0x0000000000000001 (1)
00:02:07.024987   GuestCpuName       <string>  = "host" (cb=5)
00:02:07.024987   NestedHWVirt       <integer> = 0x0000000000000001 (1)
00:02:07.024988   PortableCpuIdLevel <integer> = 0x0000000000000000 (0)
00:02:07.024988   SpecCtrl           <integer> = 0x0000000000000000 (0)
00:02:07.024989 
00:02:07.024989 [/CPUM/IsaExts/] (level 2)
00:02:07.024990 
00:02:07.024990 [/DBGC/] (level 1)
00:02:07.024991   GlobalInitScript <string>  = "C:\Users\lenovo\.VirtualBox/dbgc-init" (cb=38)
00:02:07.024991   HistoryFile      <string>  = "C:\Users\lenovo\.VirtualBox/dbgc-history" (cb=41)
00:02:07.024992   LocalInitScript  <string>  = "C:\Users\lenovo\VirtualBox VMs\EVE-COMM-VM/dbgc-init" (cb=53)
00:02:07.024993 
00:02:07.024993 [/DBGF/] (level 1)
00:02:07.024993   Path <string>  = "C:\Users\lenovo\VirtualBox VMs\EVE-COMM-VM/debug/;C:\Users\lenovo\VirtualBox VMs\EVE-COMM-VM/;cache*C:\Users\lenovo\VirtualBox VMs\EVE-COMM-VM/dbgcache/;C:\Users\lenovo\" (cb=170)
00:02:07.024994 
00:02:07.024994 [/Devices/] (level 1)
00:02:07.024995 
00:02:07.024995 [/Devices/3c501/] (level 2)
00:02:07.024996 
00:02:07.024996 [/Devices/8237A/] (level 2)
00:02:07.024996 
00:02:07.024996 [/Devices/8237A/0/] (level 3)
00:02:07.024997   Trusted <integer> = 0x0000000000000001 (1)
00:02:07.024998 
00:02:07.024998 [/Devices/8237A/0/Config/] (level 4) (restricted root)
00:02:07.024999 
00:02:07.024999 [/Devices/GIMDev/] (level 2)
00:02:07.025000 
00:02:07.025000 [/Devices/GIMDev/0/] (level 3)
00:02:07.025000   Trusted <integer> = 0x0000000000000001 (1)
00:02:07.025001 
00:02:07.025001 [/Devices/GIMDev/0/Config/] (level 4) (restricted root)
00:02:07.025002 
00:02:07.025002 [/Devices/VMMDev/] (level 2)
00:02:07.025002 
00:02:07.025002 [/Devices/VMMDev/0/] (level 3)
00:02:07.025004   PCIBusNo      <integer> = 0x0000000000000000 (0)
00:02:07.025004   PCIDeviceNo   <integer> = 0x0000000000000004 (4)
00:02:07.025005   PCIFunctionNo <integer> = 0x0000000000000000 (0)
00:02:07.025005   Trusted       <integer> = 0x0000000000000001 (1)
00:02:07.025006 
00:02:07.025006 [/Devices/VMMDev/0/Config/] (level 4) (restricted root)
00:02:07.025006   GuestCoreDumpDir <string>  = "C:\Users\lenovo\VirtualBox VMs\EVE-COMM-VM\Snapshots" (cb=53)
00:02:07.025007 
00:02:07.025007 [/Devices/VMMDev/0/LUN#0/] (level 4)
00:02:07.025008   Driver <string>  = "HGCM" (cb=5)
00:02:07.025008 
00:02:07.025008 [/Devices/VMMDev/0/LUN#0/Config/] (level 5) (restricted root)
00:02:07.025009 
00:02:07.025009 [/Devices/VMMDev/0/LUN#999/] (level 4)
00:02:07.025010   Driver <string>  = "MainStatus" (cb=11)
00:02:07.025011 
00:02:07.025011 [/Devices/VMMDev/0/LUN#999/Config/] (level 5) (restricted root)
00:02:07.025012   First                <integer> = 0x0000000000000000 (0)
00:02:07.025013   HasMediumAttachments <integer> = 0x0000000000000000 (0)
00:02:07.025013   Last                 <integer> = 0x0000000000000000 (0)
00:02:07.025014   iLedSet              <integer> = 0x0000000000000006 (6)
00:02:07.025014 
00:02:07.025014 [/Devices/acpi/] (level 2)
00:02:07.025015 
00:02:07.025015 [/Devices/acpi/0/] (level 3)
00:02:07.025016   PCIBusNo      <integer> = 0x0000000000000000 (0)
00:02:07.025016   PCIDeviceNo   <integer> = 0x0000000000000007 (7)
00:02:07.025017   PCIFunctionNo <integer> = 0x0000000000000000 (0)
00:02:07.025017   Trusted       <integer> = 0x0000000000000001 (1)
00:02:07.025017 
00:02:07.025018 [/Devices/acpi/0/Config/] (level 4) (restricted root)
00:02:07.025018   CpuHotPlug          <integer> = 0x0000000000000000 (0)
00:02:07.025019   FdcEnabled          <integer> = 0x0000000000000000 (0)
00:02:07.025019   HostBusPciAddress   <integer> = 0x0000000000000000 (0)
00:02:07.025020   HpetEnabled         <integer> = 0x0000000000000000 (0)
00:02:07.025020   IOAPIC              <integer> = 0x0000000000000001 (1)
00:02:07.025021   IocPciAddress       <integer> = 0x0000000000010000 (65 536)
00:02:07.025022   NumCPUs             <integer> = 0x0000000000000004 (4)
00:02:07.025022   Parallel0IoPortBase <integer> = 0x0000000000000000 (0)
00:02:07.025022   Parallel0Irq        <integer> = 0x0000000000000000 (0)
00:02:07.025023   Parallel1IoPortBase <integer> = 0x0000000000000000 (0)
00:02:07.025023   Parallel1Irq        <integer> = 0x0000000000000000 (0)
00:02:07.025024   Serial0IoPortBase   <integer> = 0x0000000000000000 (0)
00:02:07.025024   Serial0Irq          <integer> = 0x0000000000000000 (0)
00:02:07.025025   Serial1IoPortBase   <integer> = 0x0000000000000000 (0)
00:02:07.025025   Serial1Irq          <integer> = 0x0000000000000000 (0)
00:02:07.025025   ShowCpu             <integer> = 0x0000000000000001 (1)
00:02:07.025026   ShowRtc             <integer> = 0x0000000000000000 (0)
00:02:07.025026   SmcEnabled          <integer> = 0x0000000000000000 (0)
00:02:07.025027 
00:02:07.025027 [/Devices/acpi/0/LUN#0/] (level 4)
00:02:07.025028   Driver <string>  = "ACPIHost" (cb=9)
00:02:07.025028 
00:02:07.025028 [/Devices/acpi/0/LUN#0/Config/] (level 5) (restricted root)
00:02:07.025029 
00:02:07.025029 [/Devices/acpi/0/LUN#1/] (level 4)
00:02:07.025030   Driver <string>  = "ACPICpu" (cb=8)
00:02:07.025030 
00:02:07.025030 [/Devices/acpi/0/LUN#1/Config/] (level 5)
00:02:07.025031 
00:02:07.025031 [/Devices/acpi/0/LUN#2/] (level 4)
00:02:07.025032   Driver <string>  = "ACPICpu" (cb=8)
00:02:07.025032 
00:02:07.025032 [/Devices/acpi/0/LUN#2/Config/] (level 5)
00:02:07.025033 
00:02:07.025033 [/Devices/acpi/0/LUN#3/] (level 4)
00:02:07.025033   Driver <string>  = "ACPICpu" (cb=8)
00:02:07.025034 
00:02:07.025034 [/Devices/acpi/0/LUN#3/Config/] (level 5)
00:02:07.025034 
00:02:07.025035 [/Devices/ahci/] (level 2)
00:02:07.025035 
00:02:07.025035 [/Devices/ahci/0/] (level 3)
00:02:07.025036   PCIBusNo      <integer> = 0x0000000000000000 (0)
00:02:07.025037   PCIDeviceNo   <integer> = 0x000000000000000d (13)
00:02:07.025037   PCIFunctionNo <integer> = 0x0000000000000000 (0)
00:02:07.025038   Trusted       <integer> = 0x0000000000000001 (1)
00:02:07.025038 
00:02:07.025038 [/Devices/ahci/0/Config/] (level 4) (restricted root)
00:02:07.025039   Bootable  <integer> = 0x0000000000000001 (1)
00:02:07.025039   PortCount <integer> = 0x000000000000001e (30)
00:02:07.025040 
00:02:07.025040 [/Devices/ahci/0/LUN#999/] (level 4)
00:02:07.025041   Driver <string>  = "MainStatus" (cb=11)
00:02:07.025041 
00:02:07.025041 [/Devices/ahci/0/LUN#999/Config/] (level 5) (restricted root)
00:02:07.025042   DeviceInstance       <string>  = "ahci/0" (cb=7)
00:02:07.025042   First                <integer> = 0x0000000000000000 (0)
00:02:07.025043   HasMediumAttachments <integer> = 0x0000000000000001 (1)
00:02:07.025043   Last                 <integer> = 0x000000000000001d (29)
00:02:07.025044   iLedSet              <integer> = 0x0000000000000003 (3)
00:02:07.025045 
00:02:07.025045 [/Devices/apic/] (level 2)
00:02:07.025045 
00:02:07.025045 [/Devices/apic/0/] (level 3)
00:02:07.025046   Trusted <integer> = 0x0000000000000001 (1)
00:02:07.025046 
00:02:07.025046 [/Devices/apic/0/Config/] (level 4) (restricted root)
00:02:07.025047   IOAPIC  <integer> = 0x0000000000000001 (1)
00:02:07.025047   Mode    <integer> = 0x0000000000000003 (3)
00:02:07.025048   NumCPUs <integer> = 0x0000000000000004 (4)
00:02:07.025048 
00:02:07.025048 [/Devices/dp8390/] (level 2)
00:02:07.025049 
00:02:07.025049 [/Devices/e1000/] (level 2)
00:02:07.025049 
00:02:07.025049 [/Devices/e1000/0/] (level 3)
00:02:07.025050   PCIBusNo      <integer> = 0x0000000000000000 (0)
00:02:07.025051   PCIDeviceNo   <integer> = 0x0000000000000003 (3)
00:02:07.025051   PCIFunctionNo <integer> = 0x0000000000000000 (0)
00:02:07.025051   Trusted       <integer> = 0x0000000000000001 (1)
00:02:07.025052 
00:02:07.025052 [/Devices/e1000/0/Config/] (level 4) (restricted root)
00:02:07.025053   AdapterType    <integer> = 0x0000000000000000 (0)
00:02:07.025053   CableConnected <integer> = 0x0000000000000001 (1)
00:02:07.025054   LineSpeed      <integer> = 0x0000000000000000 (0)
00:02:07.025054   MAC            <bytes>   = "08 00 27 bd 75 3c" (cb=6)
00:02:07.025055 
00:02:07.025055 [/Devices/e1000/0/LUN#0/] (level 4)
00:02:07.025056   Driver <string>  = "IntNet" (cb=7)
00:02:07.025056 
00:02:07.025057 [/Devices/e1000/0/LUN#0/Config/] (level 5) (restricted root)
00:02:07.025057   IfPolicyPromisc      <string>  = "deny" (cb=5)
00:02:07.025058   IgnoreConnectFailure <integer> = 0x0000000000000000 (0)
00:02:07.025058   Network              <string>  = "HostInterfaceNetworking-Intel(R) Wi-Fi 6E AX211 160MHz" (cb=55)
00:02:07.025059   SharedMacOnWire      <integer> = 0x0000000000000001 (1)
00:02:07.025060   Trunk                <string>  = "\DEVICE\{3D0F07B5-E9B2-4A15-B23B-EC3A3D74B338}" (cb=47)
00:02:07.025060   TrunkType            <integer> = 0x0000000000000003 (3)
00:02:07.025061 
00:02:07.025061 [/Devices/e1000/0/LUN#999/] (level 4)
00:02:07.025062   Driver <string>  = "MainStatus" (cb=11)
00:02:07.025062 
00:02:07.025062 [/Devices/e1000/0/LUN#999/Config/] (level 5) (restricted root)
00:02:07.025063   First                <integer> = 0x0000000000000000 (0)
00:02:07.025064   HasMediumAttachments <integer> = 0x0000000000000000 (0)
00:02:07.025064   Last                 <integer> = 0x0000000000000000 (0)
00:02:07.025064   iLedSet              <integer> = 0x0000000000000005 (5)
00:02:07.025065 
00:02:07.025065 [/Devices/i8254/] (level 2)
00:02:07.025066 
00:02:07.025066 [/Devices/i8254/0/] (level 3)
00:02:07.025066 
00:02:07.025066 [/Devices/i8254/0/Config/] (level 4) (restricted root)
00:02:07.025067 
00:02:07.025067 [/Devices/i8259/] (level 2)
00:02:07.025068 
00:02:07.025068 [/Devices/i8259/0/] (level 3)
00:02:07.025068   Trusted <integer> = 0x0000000000000001 (1)
00:02:07.025069 
00:02:07.025069 [/Devices/i8259/0/Config/] (level 4) (restricted root)
00:02:07.025069 
00:02:07.025069 [/Devices/ichac97/] (level 2)
00:02:07.025070 
00:02:07.025070 [/Devices/ichac97/0/] (level 3)
00:02:07.025071   PCIBusNo      <integer> = 0x0000000000000000 (0)
00:02:07.025071   PCIDeviceNo   <integer> = 0x0000000000000005 (5)
00:02:07.025072   PCIFunctionNo <integer> = 0x0000000000000000 (0)
00:02:07.025072   Trusted       <integer> = 0x0000000000000001 (1)
00:02:07.025072 
00:02:07.025073 [/Devices/ichac97/0/AudioConfig/] (level 4)
00:02:07.025073 
00:02:07.025073 [/Devices/ichac97/0/Config/] (level 4) (restricted root)
00:02:07.025074   Codec        <string>  = "STAC9700" (cb=9)
00:02:07.025075   DebugEnabled <integer> = 0x0000000000000000 (0)
00:02:07.025075 
00:02:07.025075 [/Devices/ichac97/0/LUN#0/] (level 4)
00:02:07.025076   Driver <string>  = "AUDIO" (cb=6)
00:02:07.025076 
00:02:07.025076 [/Devices/ichac97/0/LUN#0/AttachedDriver/] (level 5)
00:02:07.025077   Driver <string>  = "HostAudioWas" (cb=13)
00:02:07.025077 
00:02:07.025078 [/Devices/ichac97/0/LUN#0/AttachedDriver/Config/] (level 6) (restricted root)
00:02:07.025078   VmName <string>  = "EVE-COMM-VM" (cb=12)
00:02:07.025079   VmUuid <string>  = "9f2ac2a3-4666-4987-8b83-47b5bce0e3ab" (cb=37)
00:02:07.025079 
00:02:07.025079 [/Devices/ichac97/0/LUN#0/Config/] (level 5) (restricted root)
00:02:07.025080   DriverName    <string>  = "HostAudioWas" (cb=13)
00:02:07.025081   InputEnabled  <integer> = 0x0000000000000000 (0)
00:02:07.025081   OutputEnabled <integer> = 0x0000000000000000 (0)
00:02:07.025081 
00:02:07.025081 [/Devices/ichac97/0/LUN#1/] (level 4)
00:02:07.025082   Driver <string>  = "AUDIO" (cb=6)
00:02:07.025082 
00:02:07.025082 [/Devices/ichac97/0/LUN#1/Config/] (level 5) (restricted root)
00:02:07.025083 
00:02:07.025083 [/Devices/ichac97/0/LUN#2/] (level 4)
00:02:07.025084   Driver <string>  = "AUDIO" (cb=6)
00:02:07.025084 
00:02:07.025084 [/Devices/ichac97/0/LUN#2/Config/] (level 5) (restricted root)
00:02:07.025085 
00:02:07.025085 [/Devices/ioapic/] (level 2)
00:02:07.025086 
00:02:07.025086 [/Devices/ioapic/0/] (level 3)
00:02:07.025087   Trusted <integer> = 0x0000000000000001 (1)
00:02:07.025087 
00:02:07.025087 [/Devices/ioapic/0/Config/] (level 4) (restricted root)
00:02:07.025088   NumCPUs <integer> = 0x0000000000000004 (4)
00:02:07.025088 
00:02:07.025088 [/Devices/lsilogicscsi/] (level 2)
00:02:07.025089 
00:02:07.025089 [/Devices/lsilogicscsi/0/] (level 3)
00:02:07.025090   PCIBusNo      <integer> = 0x0000000000000000 (0)
00:02:07.025090   PCIDeviceNo   <integer> = 0x0000000000000014 (20)
00:02:07.025090   PCIFunctionNo <integer> = 0x0000000000000000 (0)
00:02:07.025091   Trusted       <integer> = 0x0000000000000001 (1)
00:02:07.025091 
00:02:07.025091 [/Devices/lsilogicscsi/0/Config/] (level 4) (restricted root)
00:02:07.025092   Bootable <integer> = 0x0000000000000001 (1)
00:02:07.025092 
00:02:07.025093 [/Devices/lsilogicscsi/0/LUN#0/] (level 4)
00:02:07.025093   Driver <string>  = "SCSI" (cb=5)
00:02:07.025094 
00:02:07.025094 [/Devices/lsilogicscsi/0/LUN#0/AttachedDriver/] (level 5)
00:02:07.025095   Driver <string>  = "VD" (cb=3)
00:02:07.025095 
00:02:07.025095 [/Devices/lsilogicscsi/0/LUN#0/AttachedDriver/Config/] (level 6) (restricted root)
00:02:07.025096   BlockCache <integer> = 0x0000000000000001 (1)
00:02:07.025096   Format     <string>  = "vdi" (cb=4)
00:02:07.025097   Mountable  <integer> = 0x0000000000000000 (0)
00:02:07.025097   Path       <string>  = "C:\Users\lenovo\VirtualBox VMs\EVE-COMM-VM\EVE-COMM-VM-0.vdi" (cb=61)
00:02:07.025098   Type       <string>  = "HardDisk" (cb=9)
00:02:07.025098   UseNewIo   <integer> = 0x0000000000000001 (1)
00:02:07.025099 
00:02:07.025099 [/Devices/lsilogicscsi/0/LUN#0/AttachedDriver/Config/VDConfig/] (level 7)
00:02:07.025100   AllocationBlockSize <string>  = "1048576" (cb=8)
00:02:07.025100 
00:02:07.025100 [/Devices/lsilogicscsi/0/LUN#0/Config/] (level 5) (restricted root)
00:02:07.025101 
00:02:07.025101 [/Devices/lsilogicscsi/0/LUN#999/] (level 4)
00:02:07.025102   Driver <string>  = "MainStatus" (cb=11)
00:02:07.025102 
00:02:07.025102 [/Devices/lsilogicscsi/0/LUN#999/Config/] (level 5) (restricted root)
00:02:07.025103   DeviceInstance       <string>  = "lsilogicscsi/0" (cb=15)
00:02:07.025103   First                <integer> = 0x0000000000000000 (0)
00:02:07.025104   HasMediumAttachments <integer> = 0x0000000000000001 (1)
00:02:07.025104   Last                 <integer> = 0x000000000000000f (15)
00:02:07.025105   iLedSet              <integer> = 0x0000000000000004 (4)
00:02:07.025105 
00:02:07.025106 [/Devices/mc146818/] (level 2)
00:02:07.025106 
00:02:07.025106 [/Devices/mc146818/0/] (level 3)
00:02:07.025107 
00:02:07.025107 [/Devices/mc146818/0/Config/] (level 4) (restricted root)
00:02:07.025108   UseUTC <integer> = 0x0000000000000001 (1)
00:02:07.025108 
00:02:07.025108 [/Devices/parallel/] (level 2)
00:02:07.025109 
00:02:07.025109 [/Devices/pcarch/] (level 2)
00:02:07.025109 
00:02:07.025109 [/Devices/pcarch/0/] (level 3)
00:02:07.025110   Trusted <integer> = 0x0000000000000001 (1)
00:02:07.025110 
00:02:07.025110 [/Devices/pcarch/0/Config/] (level 4) (restricted root)
00:02:07.025111 
00:02:07.025111 [/Devices/pcbios/] (level 2)
00:02:07.025112 
00:02:07.025112 [/Devices/pcbios/0/] (level 3)
00:02:07.025112   Trusted <integer> = 0x0000000000000001 (1)
00:02:07.025113 
00:02:07.025113 [/Devices/pcbios/0/Config/] (level 4) (restricted root)
00:02:07.025114   APIC               <integer> = 0x0000000000000001 (1)
00:02:07.025114   BootDevice0        <string>  = "FLOPPY" (cb=7)
00:02:07.025115   BootDevice1        <string>  = "DVD" (cb=4)
00:02:07.025115   BootDevice2        <string>  = "IDE" (cb=4)
00:02:07.025116   BootDevice3        <string>  = "NONE" (cb=5)
00:02:07.025116   DmiSystemSerial    <string>  = "VirtualBox-<DmiSystemUuid>" (cb=27)
00:02:07.025117   FloppyDevice       <string>  = "i82078" (cb=7)
00:02:07.025117   HardDiskDevice     <string>  = "piix3ide" (cb=9)
00:02:07.025118   IOAPIC             <integer> = 0x0000000000000001 (1)
00:02:07.025118   McfgBase           <integer> = 0x0000000000000000 (0)
00:02:07.025119   McfgLength         <integer> = 0x0000000000000000 (0)
00:02:07.025119   NumCPUs            <integer> = 0x0000000000000004 (4)
00:02:07.025120   PXEDebug           <integer> = 0x0000000000000000 (0)
00:02:07.025120   SataHardDiskDevice <string>  = "ahci" (cb=5)
00:02:07.025121   ScsiHardDiskDevice <string>  = "lsilogicscsi" (cb=13)
00:02:07.025121   ScsiLUN1           <integer> = 0x0000000000000000 (0)
00:02:07.025121   UUID               <bytes>   = "a3 c2 2a 9f 66 46 87 49 8b 83 47 b5 bc e0 e3 ab" (cb=16)
00:02:07.025123   UuidLe             <integer> = 0x0000000000000001 (1)
00:02:07.025124 
00:02:07.025124 [/Devices/pcbios/0/Config/NetBoot/] (level 5)
00:02:07.025124 
00:02:07.025125 [/Devices/pcbios/0/Config/NetBoot/0/] (level 6)
00:02:07.025125   NIC           <integer> = 0x0000000000000000 (0)
00:02:07.025126   PCIBusNo      <integer> = 0x0000000000000000 (0)
00:02:07.025126   PCIDeviceNo   <integer> = 0x0000000000000003 (3)
00:02:07.025127   PCIFunctionNo <integer> = 0x0000000000000000 (0)
00:02:07.025127 
00:02:07.025127 [/Devices/pci/] (level 2)
00:02:07.025128 
00:02:07.025128 [/Devices/pci/0/] (level 3)
00:02:07.025129   Trusted <integer> = 0x0000000000000001 (1)
00:02:07.025129 
00:02:07.025129 [/Devices/pci/0/Config/] (level 4) (restricted root)
00:02:07.025130   IOAPIC <integer> = 0x0000000000000001 (1)
00:02:07.025130 
00:02:07.025130 [/Devices/pcibridge/] (level 2)
00:02:07.025131 
00:02:07.025131 [/Devices/pckbd/] (level 2)
00:02:07.025131 
00:02:07.025131 [/Devices/pckbd/0/] (level 3)
00:02:07.025132   Trusted <integer> = 0x0000000000000001 (1)
00:02:07.025132 
00:02:07.025132 [/Devices/pckbd/0/Config/] (level 4) (restricted root)
00:02:07.025133 
00:02:07.025133 [/Devices/pckbd/0/LUN#0/] (level 4)
00:02:07.025134   Driver <string>  = "KeyboardQueue" (cb=14)
00:02:07.025134 
00:02:07.025134 [/Devices/pckbd/0/LUN#0/AttachedDriver/] (level 5)
00:02:07.025135   Driver <string>  = "MainKeyboard" (cb=13)
00:02:07.025135 
00:02:07.025135 [/Devices/pckbd/0/LUN#0/AttachedDriver/Config/] (level 6) (restricted root)
00:02:07.025136 
00:02:07.025136 [/Devices/pckbd/0/LUN#0/Config/] (level 5) (restricted root)
00:02:07.025137   QueueSize <integer> = 0x0000000000000040 (64, 64 B)
00:02:07.025138 
00:02:07.025138 [/Devices/pckbd/0/LUN#1/] (level 4)
00:02:07.025138   Driver <string>  = "MouseQueue" (cb=11)
00:02:07.025139 
00:02:07.025139 [/Devices/pckbd/0/LUN#1/AttachedDriver/] (level 5)
00:02:07.025140   Driver <string>  = "MainMouse" (cb=10)
00:02:07.025140 
00:02:07.025140 [/Devices/pckbd/0/LUN#1/AttachedDriver/Config/] (level 6) (restricted root)
00:02:07.025141 
00:02:07.025141 [/Devices/pckbd/0/LUN#1/Config/] (level 5) (restricted root)
00:02:07.025142   QueueSize <integer> = 0x0000000000000080 (128, 128 B)
00:02:07.025142 
00:02:07.025142 [/Devices/pcnet/] (level 2)
00:02:07.025143 
00:02:07.025143 [/Devices/piix3ide/] (level 2)
00:02:07.025143 
00:02:07.025143 [/Devices/piix3ide/0/] (level 3)
00:02:07.025144   PCIBusNo      <integer> = 0x0000000000000000 (0)
00:02:07.025144   PCIDeviceNo   <integer> = 0x0000000000000001 (1)
00:02:07.025145   PCIFunctionNo <integer> = 0x0000000000000001 (1)
00:02:07.025145   Trusted       <integer> = 0x0000000000000001 (1)
00:02:07.025146 
00:02:07.025146 [/Devices/piix3ide/0/Config/] (level 4) (restricted root)
00:02:07.025146   Type <string>  = "PIIX4" (cb=6)
00:02:07.025147 
00:02:07.025147 [/Devices/piix3ide/0/LUN#999/] (level 4)
00:02:07.025148   Driver <string>  = "MainStatus" (cb=11)
00:02:07.025148 
00:02:07.025148 [/Devices/piix3ide/0/LUN#999/Config/] (level 5) (restricted root)
00:02:07.025149   DeviceInstance       <string>  = "piix3ide/0" (cb=11)
00:02:07.025149   First                <integer> = 0x0000000000000000 (0)
00:02:07.025150   HasMediumAttachments <integer> = 0x0000000000000001 (1)
00:02:07.025150   Last                 <integer> = 0x0000000000000003 (3)
00:02:07.025151   iLedSet              <integer> = 0x0000000000000002 (2)
00:02:07.025151 
00:02:07.025151 [/Devices/serial/] (level 2)
00:02:07.025152 
00:02:07.025152 [/Devices/usb-ohci/] (level 2)
00:02:07.025152 
00:02:07.025152 [/Devices/usb-ohci/0/] (level 3)
00:02:07.025153   PCIBusNo      <integer> = 0x0000000000000000 (0)
00:02:07.025153   PCIDeviceNo   <integer> = 0x0000000000000006 (6)
00:02:07.025154   PCIFunctionNo <integer> = 0x0000000000000000 (0)
00:02:07.025154   Trusted       <integer> = 0x0000000000000001 (1)
00:02:07.025155 
00:02:07.025155 [/Devices/usb-ohci/0/Config/] (level 4) (restricted root)
00:02:07.025156 
00:02:07.025156 [/Devices/usb-ohci/0/LUN#0/] (level 4)
00:02:07.025157   Driver <string>  = "VUSBRootHub" (cb=12)
00:02:07.025157 
00:02:07.025157 [/Devices/usb-ohci/0/LUN#0/Config/] (level 5) (restricted root)
00:02:07.025158 
00:02:07.025158 [/Devices/usb-ohci/0/LUN#999/] (level 4)
00:02:07.025158   Driver <string>  = "MainStatus" (cb=11)
00:02:07.025159 
00:02:07.025159 [/Devices/usb-ohci/0/LUN#999/Config/] (level 5) (restricted root)
00:02:07.025160   First                <integer> = 0x0000000000000000 (0)
00:02:07.025160   HasMediumAttachments <integer> = 0x0000000000000000 (0)
00:02:07.025161   Last                 <integer> = 0x0000000000000000 (0)
00:02:07.025161   iLedSet              <integer> = 0x0000000000000001 (1)
00:02:07.025162 
00:02:07.025162 [/Devices/vga/] (level 2)
00:02:07.025162 
00:02:07.025162 [/Devices/vga/0/] (level 3)
00:02:07.025163   PCIBusNo      <integer> = 0x0000000000000000 (0)
00:02:07.025163   PCIDeviceNo   <integer> = 0x0000000000000002 (2)
00:02:07.025164   PCIFunctionNo <integer> = 0x0000000000000000 (0)
00:02:07.025164   Trusted       <integer> = 0x0000000000000001 (1)
00:02:07.025165 
00:02:07.025165 [/Devices/vga/0/Config/] (level 4) (restricted root)
00:02:07.025165   3DEnabled        <integer> = 0x0000000000000000 (0)
00:02:07.025166   CustomVideoModes <integer> = 0x0000000000000000 (0)
00:02:07.025166   FadeIn           <integer> = 0x0000000000000001 (1)
00:02:07.025167   FadeOut          <integer> = 0x0000000000000001 (1)
00:02:07.025167   HeightReduction  <integer> = 0x0000000000000000 (0)
00:02:07.025168   LogoFile         <string>  = "" (cb=1)
00:02:07.025168   LogoTime         <integer> = 0x0000000000000000 (0)
00:02:07.025169   MonitorCount     <integer> = 0x0000000000000001 (1)
00:02:07.025169   ShowBootMenu     <integer> = 0x0000000000000002 (2)
00:02:07.025169   VRamSize         <integer> = 0x0000000004000000 (67 108 864, 64.0 MiB)
00:02:07.025171 
00:02:07.025171 [/Devices/vga/0/LUN#0/] (level 4)
00:02:07.025171   Driver <string>  = "MainDisplay" (cb=12)
00:02:07.025172 
00:02:07.025172 [/Devices/vga/0/LUN#0/Config/] (level 5) (restricted root)
00:02:07.025172 
00:02:07.025173 [/Devices/vga/0/LUN#999/] (level 4)
00:02:07.025173   Driver <string>  = "MainStatus" (cb=11)
00:02:07.025173 
00:02:07.025173 [/Devices/vga/0/LUN#999/Config/] (level 5) (restricted root)
00:02:07.025174   First                <integer> = 0x0000000000000000 (0)
00:02:07.025175   HasMediumAttachments <integer> = 0x0000000000000000 (0)
00:02:07.025175   Last                 <integer> = 0x0000000000000000 (0)
00:02:07.025176   iLedSet              <integer> = 0x0000000000000000 (0)
00:02:07.025176 
00:02:07.025176 [/Devices/virtio-net/] (level 2)
00:02:07.025177 
00:02:07.025177 [/EM/] (level 1)
00:02:07.025177   TripleFaultReset <integer> = 0x0000000000000000 (0)
00:02:07.025178 
00:02:07.025178 [/GCM/] (level 1)
00:02:07.025178 
00:02:07.025179 [/GIM/] (level 1)
00:02:07.025179   Provider <string>  = "KVM" (cb=4)
00:02:07.025179 
00:02:07.025180 [/HM/] (level 1)
00:02:07.025180   64bitEnabled        <integer> = 0x0000000000000001 (1)
00:02:07.025181   EnableLargePages    <integer> = 0x0000000000000001 (1)
00:02:07.025181   EnableNestedPaging  <integer> = 0x0000000000000001 (1)
00:02:07.025182   EnableUX            <integer> = 0x0000000000000001 (1)
00:02:07.025182   EnableVPID          <integer> = 0x0000000000000001 (1)
00:02:07.025183   Exclusive           <integer> = 0x0000000000000002 (2)
00:02:07.025183   HMForced            <integer> = 0x0000000000000001 (1)
00:02:07.025184   IBPBOnVMEntry       <integer> = 0x0000000000000000 (0)
00:02:07.025184   IBPBOnVMExit        <integer> = 0x0000000000000000 (0)
00:02:07.025185   L1DFlushOnSched     <integer> = 0x0000000000000001 (1)
00:02:07.025185   L1DFlushOnVMEntry   <integer> = 0x0000000000000000 (0)
00:02:07.025185   MDSClearOnSched     <integer> = 0x0000000000000001 (1)
00:02:07.025186   MDSClearOnVMEntry   <integer> = 0x0000000000000000 (0)
00:02:07.025186   SpecCtrlByHost      <integer> = 0x0000000000000000 (0)
00:02:07.025187   SvmVirtVmsaveVmload <integer> = 0x0000000000000000 (0)
00:02:07.025187   UseNEMInstead       <integer> = 0x0000000000000000 (0)
00:02:07.025188 
00:02:07.025188 [/MM/] (level 1)
00:02:07.025188   CanUseLargerHeap <integer> = 0x0000000000000000 (0)
00:02:07.025188 
00:02:07.025189 [/NEM/] (level 1)
00:02:07.025189   Allow64BitGuests  <integer> = 0x0000000000000001 (1)
00:02:07.025189   IBPBOnVMEntry     <integer> = 0x0000000000000000 (0)
00:02:07.025190   IBPBOnVMExit      <integer> = 0x0000000000000000 (0)
00:02:07.025190   L1DFlushOnSched   <integer> = 0x0000000000000001 (1)
00:02:07.025191   L1DFlushOnVMEntry <integer> = 0x0000000000000000 (0)
00:02:07.025191   MDSClearOnSched   <integer> = 0x0000000000000001 (1)
00:02:07.025191   MDSClearOnVMEntry <integer> = 0x0000000000000000 (0)
00:02:07.025192 
00:02:07.025192 [/PDM/] (level 1)
00:02:07.025192 
00:02:07.025192 [/PDM/AsyncCompletion/] (level 2)
00:02:07.025193 
00:02:07.025193 [/PDM/AsyncCompletion/File/] (level 3)
00:02:07.025194 
00:02:07.025194 [/PDM/AsyncCompletion/File/BwGroups/] (level 4)
00:02:07.025194 
00:02:07.025195 [/PDM/BlkCache/] (level 2)
00:02:07.025195   CacheSize <integer> = 0x0000000000500000 (5 242 880, 5.0 MiB)
00:02:07.025196 
00:02:07.025196 [/PDM/Devices/] (level 2)
00:02:07.025196 
00:02:07.025197 [/PDM/Drivers/] (level 2)
00:02:07.025197 
00:02:07.025197 [/PDM/Drivers/VBoxC/] (level 3)
00:02:07.025198   Path <string>  = "VBoxC" (cb=6)
00:02:07.025198 
00:02:07.025198 [/PDM/NetworkShaper/] (level 2)
00:02:07.025199 
00:02:07.025199 [/PDM/NetworkShaper/BwGroups/] (level 3)
00:02:07.025199 
00:02:07.025199 [/TM/] (level 1)
00:02:07.025200   UTCOffset <integer> = 0x0000000000000000 (0)
00:02:07.025200 
00:02:07.025200 [/USB/] (level 1)
00:02:07.025201 
00:02:07.025201 [/USB/USBProxy/] (level 2)
00:02:07.025201 
00:02:07.025201 [/USB/USBProxy/GlobalConfig/] (level 3)
00:02:07.025202 
00:02:07.025202 !!
00:02:07.025202 !! {clocks}
00:02:07.025203 !!
00:02:07.025205 Cpu Tick:       298182401477 (0x0000456d0e5dc5) 2688003524Hz paused - virtualized - real tsc offset
00:02:07.025207           offset 3014133175945
00:02:07.025208 Cpu Tick:       298180933930 (0x0000456cf7f92a) 2688003524Hz paused - virtualized - real tsc offset
00:02:07.025208           offset 3014133175945
00:02:07.025209 Cpu Tick:       298180936286 (0x0000456cf8025e) 2688003524Hz paused - virtualized - real tsc offset
00:02:07.025209           offset 3014133175945
00:02:07.025210 Cpu Tick:       298179140612 (0x0000456cdc9c04) 2688003524Hz paused - virtualized - real tsc offset
00:02:07.025211           offset 3014133175945
00:02:07.025211  Virtual:       110931536069 (0x000019d408e8c5) 1000000000Hz paused
00:02:07.025212 VirtSync:       110928533933 (0x000019d3db19ad) paused
00:02:07.025213           offset 310736  catch-up rate 10 %
00:02:07.025214     Real:            1226656 (0x0000000012b7a0) 1000Hz
00:02:07.025215 !!
00:02:07.025215 !! {cmos1}
00:02:07.025215 !!
00:02:07.025216 First CMOS bank, offsets 0x0E - 0x7F
00:02:07.025216 Offset 00 : --- use 'info rtc' to show CMOS clock --- 00 00
00:02:07.025217 Offset 10 : 00 00 00 00 0e 80 02 ff-ff 00 00 00 00 00 00 00
00:02:07.025219 Offset 20 : 00 00 00 00 00 00 00 00-00 00 00 00 00 00 02 8e
00:02:07.025220 Offset 30 : ff ff 20 00 00 df 00 20-20 00 00 00 00 31 00 00
00:02:07.025222 Offset 40 : 00 00 00 00 00 00 00 00-00 00 00 00 00 00 00 00
00:02:07.025223 Offset 50 : 00 00 00 00 00 00 00 00-00 00 00 00 00 00 00 00
00:02:07.025225 Offset 60 : 04 00 20 01 00 00 00 00-00 00 00 00 00 00 00 00
00:02:07.025226 Offset 70 : 00 00 00 00 00 00 00 00-01 00 00 00 00 00 00 00
00:02:07.025227 !!
00:02:07.025228 !! {cmos2}
00:02:07.025228 !!
00:02:07.025228 Second CMOS bank, offsets 0x80 - 0xFF
00:02:07.025228 Offset 80 : 00 00 18 00 ff ff ff ff-ff ff 00 00 00 00 00 00
00:02:07.025230 Offset 90 : 00 00 00 00 00 00 00 00-00 00 00 00 00 00 00 00
00:02:07.025231 Offset a0 : 00 00 00 00 00 00 00 00-00 00 00 00 00 00 00 00
00:02:07.025233 Offset b0 : 00 00 00 00 00 00 00 00-00 00 00 00 00 00 00 00
00:02:07.025234 Offset c0 : 00 00 00 00 00 00 00 00-00 00 00 00 00 00 00 00
00:02:07.025235 Offset d0 : 00 00 00 00 00 00 00 00-00 00 00 00 00 00 00 00
00:02:07.025237 Offset e0 : 00 00 00 00 00 00 00 00-00 00 00 00 00 00 00 00
00:02:07.025238 Offset f0 : 00 00 00 00 00 00 00 00-00 00 00 00 00 00 00 00
00:02:07.025240 !!
00:02:07.025240 !! {cpuidhost}
00:02:07.025240 !!
00:02:07.026651          Raw Standard CPUID Leaves
00:02:07.026651      Leaf/sub-leaf  eax      ebx      ecx      edx
00:02:07.026651 Hst: 00000000/0000  00000020 756e6547 6c65746e 49656e69
00:02:07.026652 Hst: 00000001/0000  000906a3 01800800 7ffafbff bfebfbff
00:02:07.026653 Hst: 00000002/0000  00feff01 000000f0 00000000 00000000
00:02:07.026654 Hst: 00000003/0000  00000000 00000000 00000000 00000000
00:02:07.026655 Hst: 00000004/0000  fc004121 02c0003f 0000003f 00000000
00:02:07.026655 Hst: 00000004/0001  fc004122 01c0003f 0000003f 00000000
00:02:07.026656 Hst: 00000004/0002  fc01c143 0240003f 000007ff 00000000
00:02:07.026656 Hst: 00000004/0003  fc1fc163 02c0003f 00007fff 00000004
00:02:07.026657 Hst: 00000004/0004  00000000 00000000 00000000 00000000
00:02:07.026658 Hst: 00000005/0000  00000040 00000040 00000003 10102020
00:02:07.026658 Hst: 00000006/0000  00dfcff7 00000002 00000409 00000003
00:02:07.026659 Hst: 00000007/0000  00000002 239c27eb 98c007ac fc18c410
00:02:07.026660 Hst: 00000007/0001  00400810 00000000 00000000 00000000
00:02:07.026660 Hst: 00000007/0002  00000000 00000000 00000000 00000017
00:02:07.026661 Hst: 00000007/0003  00000000 00000000 00000000 00000000
00:02:07.026661 Hst: 00000008/0000  00000000 00000000 00000000 00000000
00:02:07.026662 Hst: 00000009/0000  00000000 00000000 00000000 00000000
00:02:07.026662 Hst: 0000000a/0000  07300605 00000000 00000007 00008603
00:02:07.026663 Hst: 0000000b/0000  00000001 00000002 00000100 00000001
00:02:07.026664 Hst: 0000000b/0001  00000007 00000014 00000201 00000001
00:02:07.026664 Hst: 0000000b/0002  00000000 00000000 00000002 00000001
00:02:07.026665 Hst: 0000000c/0000  00000000 00000000 00000000 00000000
00:02:07.026665 Hst: 0000000d/0000  00000207 00000340 00000a88 00000000
00:02:07.026666 Hst: 0000000d/0001  0000000f 000003d0 00019900 00000000
00:02:07.026666 Hst: 0000000d/0002  00000100 00000240 00000000 00000000
00:02:07.026667 Hst: 0000000d/0003  00000000 00000000 00000000 00000000
00:02:07.026667 Hst: 0000000d/0004  00000000 00000000 00000000 00000000
00:02:07.026668 Hst: 0000000d/0005  00000000 00000000 00000000 00000000
00:02:07.026668 Hst: 0000000d/0006  00000000 00000000 00000000 00000000
00:02:07.026669 Hst: 0000000d/0007  00000000 00000000 00000000 00000000
00:02:07.026669 Hst: 0000000d/0008  00000080 00000000 00000001 00000000
00:02:07.026670 Hst: 0000000d/0009  00000008 00000a80 00000000 00000000
00:02:07.026670 Hst: 0000000d/000a  00000000 00000000 00000000 00000000
00:02:07.026671 Hst: 0000000d/000b  00000010 00000000 00000001 00000000
00:02:07.026671 Hst: 0000000d/000c  00000018 00000000 00000001 00000000
00:02:07.026672 Hst: 0000000d/000d  00000000 00000000 00000000 00000000
00:02:07.026672 Hst: 0000000d/000e  00000000 00000000 00000000 00000000
00:02:07.026673 Hst: 0000000d/000f  00000328 00000000 00000001 00000000
00:02:07.026674 Hst: 0000000d/0010  00000008 00000000 00000001 00000000
00:02:07.026674 Hst: 0000000d/0011  00000000 00000000 00000000 00000000
00:02:07.026675 Hst: 0000000e/0000  00000000 00000000 00000000 00000000
00:02:07.026675 Hst: 0000000f/0000  00000000 00000000 00000000 00000000
00:02:07.026676 Hst: 00000010/0000  00000000 00000000 00000000 00000000
00:02:07.026676 Hst: 00000011/0000  00000000 00000000 00000000 00000000
00:02:07.026677 Hst: 00000012/0000  00000000 00000000 00000000 00000000
00:02:07.026677 Hst: 00000013/0000  00000000 00000000 00000000 00000000
00:02:07.026678 Hst: 00000014/0000  00000001 0000005f 00000007 00000000
00:02:07.026678                                Name: GenuineIntel
00:02:07.026679                            Supports: 0x00000000-0x00000020
00:02:07.026680                              Family:  6 	Extended: 0 	Effective: 6
00:02:07.026681                               Model: 10 	Extended: 9 	Effective: 154
00:02:07.026682                            Stepping: 3
00:02:07.026682                                Type: 0 (primary)
00:02:07.026683                             APIC ID: 0x01
00:02:07.026683                        Logical CPUs: 128
00:02:07.026683                        CLFLUSH Size: 8
00:02:07.026684                            Brand ID: 0x00
00:02:07.026686                         Features EDX FPU VME DE PSE TSC MSR PAE MCE CX8 APIC SEP MTRR PGE MCA CMOV PAT PSE-36 CLFSH DS ACPI MMX FXSR SSE SSE2 SS HTT TM PBE
00:02:07.026690                         Features ECX SSE3 PCLMUL DTES64 MONITOR CPL-DS VMX SMX EST TM2 SSSE3 SDBG FMA CX16 TPRUPDATE PDCM PCID SSE4_1 SSE4_2 X2APIC MOVBE POPCNT TSCDEADL AES XSAVE OSXSAVE AVX F16C RDRAND
00:02:07.026693 Structured Extended Feature Flags Enumeration (leaf 7):
00:02:07.026693                  Ext Features #0 EBX FSGSBASE TSCADJUST BMI1 AVX2 FDP_EXCPTN_ONLY SMEP BMI2 ERMS INVPCID DEPFPU_CS_DS RDSEED ADX SMAP CLFLUSHOPT CLWB INTEL_PT SHA
00:02:07.026696                  Ext Features #0 ECX UMIP PKU 5 7 8 9 10 RDPID 23 27 28 31
00:02:07.026698                  Ext Features #0 EDX 4 MD_CLEAR 14 15 19 CET_IBT IBRS_IBPB STIBP FLUSH_CMD ARCHCAP CORECAP SSBD
00:02:07.026699                  Ext Features #2 EDX PSFD IPRED_CTRL RRSBA_CTRL BHI_CTRL
00:02:07.026700 Processor Extended State Enumeration (leaf 0xd):
00:02:07.026701    XSAVE area cur/max size by XCR0, Host: 0x340/0xa88
00:02:07.026704                    Valid XCR0 bits, Host: 0x00000000`00000207 ( x87 SSE YMM_Hi128 9 )
00:02:07.026706                     XSAVE features, Host XSAVEOPT XSAVEC XGETBC1 XSAVES
00:02:07.026707       XSAVE area cur size XCR0|XSS, Host: 0x3d0
00:02:07.026707                Valid IA32_XSS bits, Host: 0x00000000`00019900 ( 8 11 12 15 16 )
00:02:07.026709   State #2, Host: off=0x0240, cb=0x0100 IA32_XSS-bit -- YMM_Hi128
00:02:07.026710   State #8, Host: off=0x0000, cb=0x0080 XCR0-bit -- 8
00:02:07.026711   State #9, Host: off=0x0a80, cb=0x0008 IA32_XSS-bit -- 9
00:02:07.026712   State #11, Host: off=0x0000, cb=0x0010 XCR0-bit -- 11
00:02:07.026713   State #12, Host: off=0x0000, cb=0x0018 XCR0-bit -- 12
00:02:07.026713   State #15, Host: off=0x0000, cb=0x0328 XCR0-bit -- 15
00:02:07.026714   State #16, Host: off=0x0000, cb=0x0008 XCR0-bit -- 16
00:02:07.026715          Raw Extended CPUID Leaves
00:02:07.026715      Leaf/sub-leaf  eax      ebx      ecx      edx
00:02:07.026715 Hst: 80000000/0000  80000008 00000000 00000000 00000000
00:02:07.026716 Hst: 80000001/0000  00000000 00000000 00000121 2c100800
00:02:07.026717 Hst: 80000002/0000  68743231 6e654720 746e4920 52286c65
00:02:07.026717 Hst: 80000003/0000  6f432029 54286572 6920294d 32312d37
00:02:07.026718 Hst: 80000004/0000  48303037 00000000 00000000 00000000
00:02:07.026719 Hst: 80000005/0000  00000000 00000000 00000000 00000000
00:02:07.026719 Hst: 80000006/0000  00000000 00000000 05007040 00000000
00:02:07.026720 Hst: 80000007/0000  00000000 00000000 00000000 00000100
00:02:07.026720 Hst: 80000008/0000  00003027 00000000 00000000 00000000
00:02:07.026721 Ext Name:                        
00:02:07.026721 Ext Supports:                    0x80000000-0x80000008
00:02:07.026722 Family:                          0  	Extended: 0 	Effective: 0
00:02:07.026722 Model:                           0  	Extended: 0 	Effective: 0
00:02:07.026722 Stepping:                        0
00:02:07.026723 Brand ID:                        0x000
00:02:07.026723                   Ext Features EDX SEP NX Page1GB RDTSCP LM
00:02:07.026725                   Ext Features ECX FPU MSR CX8
00:02:07.026726 Full Name:                       "12th Gen Intel(R) Core(TM) i7-12700H"
00:02:07.026726 TLB 2/4M Instr/Uni:              res0     0 entries
00:02:07.026726 TLB 2/4M Data:                   res0     0 entries
00:02:07.026727 TLB 4K Instr/Uni:                res0     0 entries
00:02:07.026727 TLB 4K Data:                     res0     0 entries
00:02:07.026728 L1 Instr Cache Line Size:        0 bytes
00:02:07.026728 L1 Instr Cache Lines Per Tag:    0
00:02:07.026728 L1 Instr Cache Associativity:    res0  
00:02:07.026728 L1 Instr Cache Size:             0 KB
00:02:07.026728 L1 Data Cache Line Size:         0 bytes
00:02:07.026729 L1 Data Cache Lines Per Tag:     0
00:02:07.026729 L1 Data Cache Associativity:     res0  
00:02:07.026729 L1 Data Cache Size:              0 KB
00:02:07.026729 L2 TLB 2/4M Instr/Uni:           off       0 entries
00:02:07.026730 L2 TLB 2/4M Data:                off       0 entries
00:02:07.026730 L2 TLB 4K Instr/Uni:             off       0 entries
00:02:07.026730 L2 TLB 4K Data:                  off       0 entries
00:02:07.026731 L2 Cache Line Size:              64 bytes
00:02:07.026731 L2 Cache Lines Per Tag:          0
00:02:07.026731 L2 Cache Associativity:          res7  
00:02:07.026731 L2 Cache Size:                   1280 KB
00:02:07.026732 L3 Cache Line Size:              0 bytes
00:02:07.026732 L3 Cache Lines Per Tag:          0
00:02:07.026732 L3 Cache Associativity:          off   
00:02:07.026732 L3 Cache Size:                   0 KB
00:02:07.026733 APM Features EDX
00:02:07.026733   Mnemonic - Description                                  = Host
00:02:07.026734   TS - Temperature Sensor                                 = 0
00:02:07.026735   FID - Frequency ID control                              = 0
00:02:07.026736   VID - Voltage ID control                                = 0
00:02:07.026737   TTP - Thermal Trip                                      = 0
00:02:07.026738   TM - Hardware Thermal Control (HTC)                     = 0
00:02:07.026738   100MHzSteps - 100 MHz Multiplier control                = 0
00:02:07.026739   HwPstate - Hardware P-state control                     = 0
00:02:07.026740   TscInvariant - Invariant Time Stamp Counter             = 1
00:02:07.026741   CPB - Core Performance Boost                            = 0
00:02:07.026741   EffFreqRO - Read-only Effective Frequency Interface     = 0
00:02:07.026742   ProcFdbkIf - Processor Feedback Interface               = 0
00:02:07.026742   ProcPwrRep - Core power reporting interface support     = 0
00:02:07.026743   ConnectedStandby - Connected Standby                    = 0
00:02:07.026744   RAPL - Running average power limit                      = 0
00:02:07.026744 Physical Address Width:          39 bits
00:02:07.026745 Virtual Address Width:           48 bits
00:02:07.026745 Max page count for INVLPGB:      0x3027
00:02:07.026745 Max ECX for RDPRU:               0x0
00:02:07.026747 !!
00:02:07.026747 !! {cpuload}
00:02:07.026747 !!
00:02:07.026751     CPU load for virtual CPU 0x00
00:02:07.026751     -------------------------------
00:02:07.026752 103s: ######OOOOOOOOOOOOOOOOOOOOOOOOOOOOOOOOOOOOOOOOOOOOOOOOOOO
00:02:07.026752  91s: ####OOOOOOOOOOOOOOOOOOOOOOOOOOOOOOOOOOOOOOOOOOOOOOOOOOOOOOOO
00:02:07.026753  79s: ######OOOOOOOOOOOOOOOOOOOOOOOOOOOOOOOOOOOOOOOOOOOOOOOOO
00:02:07.026753  69s: ##############OOOOOOOOOOOOOOOOOOOOOOOOOOOOOOOOOOOOOOOOOOOOOO
00:02:07.026754  59s: ####################OOOOOOOOOOOOOOOOOOOOOOOOOOOOOOOOOO
00:02:07.026754  54s: ####################OOOOOOOOOOOOOOOOOOOOOOOOOOOOOOOOOOOO
00:02:07.026754  53s: ####################OOOOOOOOOOOOOOOOOOOOOOOOOOOOOOOOOOO
00:02:07.026754  52s: ####################OOOOOOOOOOOOOOOOOOOOOOOOOOOOOOOOOOO
00:02:07.026755  51s: ####################OOOOOOOOOOOOOOOOOOOOOOOOOOOOOOOOOO
00:02:07.026755  50s: #####################OOOOOOOOOOOOOOOOOOOOOOOOOOOOOOOOOOOO
00:02:07.026755  49s: ####################OOOOOOOOOOOOOOOOOOOOOOOOOOOOOOOOOOO
00:02:07.026756  48s: ####################OOOOOOOOOOOOOOOOOOOOOOOOOOOOOOOOOO
00:02:07.026756  47s: ####################OOOOOOOOOOOOOOOOOOOOOOOOOOOOOOOOO
00:02:07.026756  46s: ####################OOOOOOOOOOOOOOOOOOOOOOOOOOOOOOOOOO
00:02:07.026756  45s: ######################OOOOOOOOOOOOOOOOOOOOOOOOOOOOOOOOOOO
00:02:07.026757  44s: ###################OOOOOOOOOOOOOOOOOOOOOOOOOOOOOOOOOO
00:02:07.026757  43s: ####################OOOOOOOOOOOOOOOOOOOOOOOOOOOOOOOOOO
00:02:07.026757  42s: ####################OOOOOOOOOOOOOOOOOOOOOOOOOOOOOOOOOOO
00:02:07.026758  41s: ###################OOOOOOOOOOOOOOOOOOOOOOOOOOOOOOOOOO
00:02:07.026758  40s: #####################OOOOOOOOOOOOOOOOOOOOOOOOOOOOOOOOOOOO
00:02:07.026758  39s: ####################OOOOOOOOOOOOOOOOOOOOOOOOOOOOOOOOOOO
00:02:07.026758  38s: ####################OOOOOOOOOOOOOOOOOOOOOOOOOOOOOOOOOO
00:02:07.026759  37s: ####################OOOOOOOOOOOOOOOOOOOOOOOOOOOOOOOOOOO
00:02:07.026759  36s: ####################OOOOOOOOOOOOOOOOOOOOOOOOOOOOOOOOO
00:02:07.026759  35s: #####################OOOOOOOOOOOOOOOOOOOOOOOOOOOOOOOOOO
00:02:07.026759  34s: ####################OOOOOOOOOOOOOOOOOOOOOOOOOOOOOOOOOOO
00:02:07.026760  33s: ####################OOOOOOOOOOOOOOOOOOOOOOOOOOOOOOOOOOO
00:02:07.026760  32s: ####################OOOOOOOOOOOOOOOOOOOOOOOOOOOOOOOOOOOO
00:02:07.026760  31s: ####################OOOOOOOOOOOOOOOOOOOOOOOOOOOOOOOOOO
00:02:07.026761  30s: #####################OOOOOOOOOOOOOOOOOOOOOOOOOOOOOOOOOO
00:02:07.026761  29s: ####################OOOOOOOOOOOOOOOOOOOOOOOOOOOOOOOOOOOO
00:02:07.026761  28s: ####################OOOOOOOOOOOOOOOOOOOOOOOOOOOOOOOOOOO
00:02:07.026761  27s: ####################OOOOOOOOOOOOOOOOOOOOOOOOOOOOOOOOOO
00:02:07.026762  26s: ####################OOOOOOOOOOOOOOOOOOOOOOOOOOOOOOOOOOO
00:02:07.026762  25s: #####################OOOOOOOOOOOOOOOOOOOOOOOOOOOOOOOOOO
00:02:07.026762  24s: ####################OOOOOOOOOOOOOOOOOOOOOOOOOOOOOOOOOOOO
00:02:07.026763  23s: ####################OOOOOOOOOOOOOOOOOOOOOOOOOOOOOOOOOO
00:02:07.026763  22s: ####################OOOOOOOOOOOOOOOOOOOOOOOOOOOOOOOOOOO
00:02:07.026763  21s: ####################OOOOOOOOOOOOOOOOOOOOOOOOOOOOOOOOOOOOO
00:02:07.026764  20s: #####################OOOOOOOOOOOOOOOOOOOOOOOOOOOOOOOOOOOO
00:02:07.026764  19s: ####################OOOOOOOOOOOOOOOOOOOOOOOOOOOOOOOOOOO
00:02:07.026764  18s: ####################OOOOOOOOOOOOOOOOOOOOOOOOOOOOOOOOOO
00:02:07.026764  17s: ####################OOOOOOOOOOOOOOOOOOOOOOOOOOOOOOOOOOOO
00:02:07.026765  16s: ####################OOOOOOOOOOOOOOOOOOOOOOOOOOOOOOOOOOOOO
00:02:07.026765  15s: ####################OOOOOOOOOOOOOOOOOOOOOOOOOOOOOOOOO
00:02:07.026765  14s: ####################OOOOOOOOOOOOOOOOOOOOOOOOOOOOOOOOOO
00:02:07.026765  13s: ####################OOOOOOOOOOOOOOOOOOOOOOOOOOOOOOOOOOO
00:02:07.026766  12s: ####################OOOOOOOOOOOOOOOOOOOOOOOOOOOOOOOOOOO
00:02:07.026766  11s: ####################OOOOOOOOOOOOOOOOOOOOOOOOOOOOOOOOOOOO
00:02:07.026766  10s: ####################OOOOOOOOOOOOOOOOOOOOOOOOOOOOOOOOOOO
00:02:07.026767   9s: ####################OOOOOOOOOOOOOOOOOOOOOOOOOOOOOOOOOOO
00:02:07.026767   8s: ####################OOOOOOOOOOOOOOOOOOOOOOOOOOOOOOOOOOO
00:02:07.026767   7s: ####################OOOOOOOOOOOOOOOOOOOOOOOOOOOOOOOOOO
00:02:07.026767   6s: ####################OOOOOOOOOOOOOOOOOOOOOOOOOOOOOOOOOOOO
00:02:07.026768   5s: #####################OOOOOOOOOOOOOOOOOOOOOOOOOOOOOOOOOOO
00:02:07.026768   4s: ######################OOOOOOOOOOOOOOOOOOOOOOOOOOOOOOOOOO
00:02:07.026768   3s: ####################OOOOOOOOOOOOOOOOOOOOOOOOOOOOOOOOOOOO
00:02:07.026768   2s: ####################OOOOOOOOOOOOOOOOOOOOOOOOOOOOOOOOOOO
00:02:07.026769   1s: ####################OOOOOOOOOOOOOOOOOOOOOOOOOOOOOOOOOOO
00:02:07.026769   0s: #####################OOOOOOOOOOOOOOOOOOOOOOOOOOOOOOOOOOO
00:02:07.026769     (#=guest, O=VMM overhead)  idCpu=0x0
00:02:07.026770 
00:02:07.026770     CPU load for virtual CPU 0x01
00:02:07.026770     -------------------------------
00:02:07.026770 103s: #OOOOOOOOOOOOOOOOOOOOOOOOOOOOOOOOOOOOOOOOOOOOOOOOOOOOOOOOOOOOOOOO
00:02:07.026771  91s: ##OOOOOOOOOOOOOOOOOOOOOOOOOOOOOOOOOOOOOOOOOOOOOOOOOOOOOOOOOO
00:02:07.026771  79s: ######OOOOOOOOOOOOOOOOOOOOOOOOOOOOOOOOOOOOOOOOOOOOOOOOOOOOOOOOOO
00:02:07.026771  69s: ###########OOOOOOOOOOOOOOOOOOOOOOOOOOOOOOOOOOOOOOOOOOOOOOOOOO
00:02:07.026772  59s: ######OOOOOOOOOOOOOOOOOOOOOOOOOOOOOOOOOOOOOOOOOOOOOOOOOOOO
00:02:07.026772  54s: OOOOOOOOOOOOOOOOOOOOOOOOOOOOOOOOOOOOOOOOOOOOOOOOOOOOOOOOOOOOO
00:02:07.026772  53s: OOOOOOOOOOOOOOOOOOOOOOOOOOOOOOOOOOOOOOOOOOOOOOOOOOOOOOOOOOOO
00:02:07.026773  52s: OOOOOOOOOOOOOOOOOOOOOOOOOOOOOOOOOOOOOOOOOOOOOOOOOOOOOOOOOOOOO
00:02:07.026773  51s: OOOOOOOOOOOOOOOOOOOOOOOOOOOOOOOOOOOOOOOOOOOOOOOOOOOOOOOOOOO
00:02:07.026773  50s: ##OOOOOOOOOOOOOOOOOOOOOOOOOOOOOOOOOOOOOOOOOOOOOOOOOOOOOOOOOOO
00:02:07.026774  49s: OOOOOOOOOOOOOOOOOOOOOOOOOOOOOOOOOOOOOOOOOOOOOOOOOOOOOOOOOO
00:02:07.026774  48s: OOOOOOOOOOOOOOOOOOOOOOOOOOOOOOOOOOOOOOOOOOOOOOOOOOOOOOOOOO
00:02:07.026774  47s: OOOOOOOOOOOOOOOOOOOOOOOOOOOOOOOOOOOOOOOOOOOOOOOOOOOOOO
00:02:07.026774  46s: OOOOOOOOOOOOOOOOOOOOOOOOOOOOOOOOOOOOOOOOOOOOOOOOOOOOOOOO
00:02:07.026775  45s: ###OOOOOOOOOOOOOOOOOOOOOOOOOOOOOOOOOOOOOOOOOOOOOOOOOOOOOOOOOO
00:02:07.026775  44s: OOOOOOOOOOOOOOOOOOOOOOOOOOOOOOOOOOOOOOOOOOOOOOOOOOOOOO
00:02:07.026775  43s: OOOOOOOOOOOOOOOOOOOOOOOOOOOOOOOOOOOOOOOOOOOOOOOOOOOOOO
00:02:07.026776  42s: OOOOOOOOOOOOOOOOOOOOOOOOOOOOOOOOOOOOOOOOOOOOOOOOOOOOOOOOOOO
00:02:07.026776  41s: OOOOOOOOOOOOOOOOOOOOOOOOOOOOOOOOOOOOOOOOOOOOOOOOOOOOOO
00:02:07.026776  40s: #OOOOOOOOOOOOOOOOOOOOOOOOOOOOOOOOOOOOOOOOOOOOOOOOOOOOOOOOO
00:02:07.026776  39s: OOOOOOOOOOOOOOOOOOOOOOOOOOOOOOOOOOOOOOOOOOOOOOOOOOOOOOOOOOOOO
00:02:07.026777  38s: OOOOOOOOOOOOOOOOOOOOOOOOOOOOOOOOOOOOOOOOOOOOOOOOOOOOOOOO
00:02:07.026777  37s: OOOOOOOOOOOOOOOOOOOOOOOOOOOOOOOOOOOOOOOOOOOOOOOOOOOOOOOOOOOO
00:02:07.026777  36s: OOOOOOOOOOOOOOOOOOOOOOOOOOOOOOOOOOOOOOOOOOOOOOOOOOOOO
00:02:07.026778  35s: ##OOOOOOOOOOOOOOOOOOOOOOOOOOOOOOOOOOOOOOOOOOOOOOOOOOOOOOOOOOO
00:02:07.026778  34s: OOOOOOOOOOOOOOOOOOOOOOOOOOOOOOOOOOOOOOOOOOOOOOOOOOOOOOOOOOOOOO
00:02:07.026778  33s: OOOOOOOOOOOOOOOOOOOOOOOOOOOOOOOOOOOOOOOOOOOOOOOOOOOOOOOOOOO
00:02:07.026778  32s: OOOOOOOOOOOOOOOOOOOOOOOOOOOOOOOOOOOOOOOOOOOOOOOOOOOOOOOOOO
00:02:07.026779  31s: OOOOOOOOOOOOOOOOOOOOOOOOOOOOOOOOOOOOOOOOOOOOOOOOOOOOOOOOOOOOO
00:02:07.026779  30s: #OOOOOOOOOOOOOOOOOOOOOOOOOOOOOOOOOOOOOOOOOOOOOOOOOOOOOOOOO
00:02:07.026779  29s: OOOOOOOOOOOOOOOOOOOOOOOOOOOOOOOOOOOOOOOOOOOOOOOOOOOOOOOOOOO
00:02:07.026779  28s: OOOOOOOOOOOOOOOOOOOOOOOOOOOOOOOOOOOOOOOOOOOOOOOOOOOOOOOOOOOOOO
00:02:07.026780  27s: OOOOOOOOOOOOOOOOOOOOOOOOOOOOOOOOOOOOOOOOOOOOOOOOOOOOOOOOOO
00:02:07.026780  26s: OOOOOOOOOOOOOOOOOOOOOOOOOOOOOOOOOOOOOOOOOOOOOOOOOOOOOOOOO
00:02:07.026780  25s: ##OOOOOOOOOOOOOOOOOOOOOOOOOOOOOOOOOOOOOOOOOOOOOOOOOOOOOOOOOO
00:02:07.026781  24s: OOOOOOOOOOOOOOOOOOOOOOOOOOOOOOOOOOOOOOOOOOOOOOOOOOOOOOOOOOOOOO
00:02:07.026781  23s: OOOOOOOOOOOOOOOOOOOOOOOOOOOOOOOOOOOOOOOOOOOOOOOOOOOOOOOOOOO
00:02:07.026781  22s: OOOOOOOOOOOOOOOOOOOOOOOOOOOOOOOOOOOOOOOOOOOOOOOOOOOOOOOOOO
00:02:07.026782  21s: OOOOOOOOOOOOOOOOOOOOOOOOOOOOOOOOOOOOOOOOOOOOOOOOOOOOOOOOOOOOOOOOO
00:02:07.026782  20s: ##OOOOOOOOOOOOOOOOOOOOOOOOOOOOOOOOOOOOOOOOOOOOOOOOOOOOOOOOOOOOOOOOOO
00:02:07.026782  19s: OOOOOOOOOOOOOOOOOOOOOOOOOOOOOOOOOOOOOOOOOOOOOOOOOOOOOOOOOOO
00:02:07.026782  18s: OOOOOOOOOOOOOOOOOOOOOOOOOOOOOOOOOOOOOOOOOOOOOOOOOOOOOOOOOO
00:02:07.026783  17s: OOOOOOOOOOOOOOOOOOOOOOOOOOOOOOOOOOOOOOOOOOOOOOOOOOOOOOOOOOOOOOO
00:02:07.026783  16s: OOOOOOOOOOOOOOOOOOOOOOOOOOOOOOOOOOOOOOOOOOOOOOOOOOOOOOOOOOOOOO
00:02:07.026783  15s: ##OOOOOOOOOOOOOOOOOOOOOOOOOOOOOOOOOOOOOOOOOOOOOOOOOOOOOOOOO
00:02:07.026784  14s: #OOOOOOOOOOOOOOOOOOOOOOOOOOOOOOOOOOOOOOOOOOOOOOOOOOOOOOO
00:02:07.026784  13s: OOOOOOOOOOOOOOOOOOOOOOOOOOOOOOOOOOOOOOOOOOOOOOOOOOOOOOOOOOOO
00:02:07.026784  12s: OOOOOOOOOOOOOOOOOOOOOOOOOOOOOOOOOOOOOOOOOOOOOOOOOOOOOOOOOOOO
00:02:07.026784  11s: OOOOOOOOOOOOOOOOOOOOOOOOOOOOOOOOOOOOOOOOOOOOOOOOOOOOOOOOOOOOOOOO
00:02:07.026785  10s: ##OOOOOOOOOOOOOOOOOOOOOOOOOOOOOOOOOOOOOOOOOOOOOOOOOOOOOOOOOOOOO
00:02:07.026785   9s: OOOOOOOOOOOOOOOOOOOOOOOOOOOOOOOOOOOOOOOOOOOOOOOOOOOOOOOOOO
00:02:07.026785   8s: OOOOOOOOOOOOOOOOOOOOOOOOOOOOOOOOOOOOOOOOOOOOOOOOOOOOOOOOOOOOOOOO
00:02:07.026786   7s: OOOOOOOOOOOOOOOOOOOOOOOOOOOOOOOOOOOOOOOOOOOOOOOOOOOOOOOOOO
00:02:07.026786   6s: OOOOOOOOOOOOOOOOOOOOOOOOOOOOOOOOOOOOOOOOOOOOOOOOOOOOOOOOOOOOOO
00:02:07.026786   5s: ##OOOOOOOOOOOOOOOOOOOOOOOOOOOOOOOOOOOOOOOOOOOOOOOOOOOOOOOOOO
00:02:07.026787   4s: ######OOOOOOOOOOOOOOOOOOOOOOOOOOOOOOOOOOOOOOOOOOOOOOOOOOOOOO
00:02:07.026787   3s: OOOOOOOOOOOOOOOOOOOOOOOOOOOOOOOOOOOOOOOOOOOOOOOOOOOOOOOOOOOOOOOOO
00:02:07.026787   2s: OOOOOOOOOOOOOOOOOOOOOOOOOOOOOOOOOOOOOOOOOOOOOOOOOOOOOOOOOOOOO
00:02:07.026787   1s: OOOOOOOOOOOOOOOOOOOOOOOOOOOOOOOOOOOOOOOOOOOOOOOOOOOOOOOOOOOOOOO
00:02:07.026788   0s: ##OOOOOOOOOOOOOOOOOOOOOOOOOOOOOOOOOOOOOOOOOOOOOOOOOOOOOOOOOO
00:02:07.026788     (#=guest, O=VMM overhead)  idCpu=0x1
00:02:07.026788 
00:02:07.026788     CPU load for virtual CPU 0x02
00:02:07.026789     -------------------------------
00:02:07.026789 103s: #OOOOOOOOOOOOOOOOOOOOOOOOOOOOOOOOOOOOOOOOOOOOOOOOOOOOOOOOOOOOOOOOOOOOOOOOOOOOOOOOOOOO
00:02:07.026789  91s: ########OOOOOOOOOOOOOOOOOOOOOOOOOOOOOOOOOOOOOOOOOOOOOOOOOOOOOO
00:02:07.026790  79s: ######OOOOOOOOOOOOOOOOOOOOOOOOOOOOOOOOOOOOOOOOOOOOOOOOOO
00:02:07.026790  69s: #############OOOOOOOOOOOOOOOOOOOOOOOOOOOOOOOOOOOOOOOOOOOOOOOOOOOOOOOOO
00:02:07.026790  59s: OOOOOOOOOOOOOOOOOOOOOOOOOOOOOOOOOOOOOOOOOOOOOOOOOOOOOOOOOOOOOOOOOOOOOOOO
00:02:07.026791  54s: OOOOOOOOOOOOOOOOOOOOOOOOOOOOOOOOOOOOOOOOOOOOOOOOOOOOOOOOOOOOOOOOOOOOOOOOOOOO
00:02:07.026791  53s: OOOOOOOOOOOOOOOOOOOOOOOOOOOOOOOOOOOOOOOOOOOOOOOOOOOOOOOOOOOOOOOOOOOOOOOOOOOOO
00:02:07.026791  52s: #OOOOOOOOOOOOOOOOOOOOOOOOOOOOOOOOOOOOOOOOOOOOOOOOOOOOOOOOOOOOOOOOOOOOOOOOOOOO
00:02:07.026791  51s: #OOOOOOOOOOOOOOOOOOOOOOOOOOOOOOOOOOOOOOOOOOOOOOOOOOOOOOOOOOOOOOOOOOOOOOOOOOOOO
00:02:07.026792  50s: ##OOOOOOOOOOOOOOOOOOOOOOOOOOOOOOOOOOOOOOOOOOOOOOOOOOOOOOOOOOOOOOOOOOOOOOOO
00:02:07.026792  49s: OOOOOOOOOOOOOOOOOOOOOOOOOOOOOOOOOOOOOOOOOOOOOOOOOOOOOOOOOOOOOOOOOOOOOOOOOOOOO
00:02:07.026792  48s: #OOOOOOOOOOOOOOOOOOOOOOOOOOOOOOOOOOOOOOOOOOOOOOOOOOOOOOOOOOOOOOOOOOOOOOOOOOOOOO
00:02:07.026793  47s: #OOOOOOOOOOOOOOOOOOOOOOOOOOOOOOOOOOOOOOOOOOOOOOOOOOOOOOOOOOOOOOOOOOOOOOOOOO
00:02:07.026793  46s: OOOOOOOOOOOOOOOOOOOOOOOOOOOOOOOOOOOOOOOOOOOOOOOOOOOOOOOOOOOOOOOOOOOOOOOOOOOOOO
00:02:07.026793  45s: ##OOOOOOOOOOOOOOOOOOOOOOOOOOOOOOOOOOOOOOOOOOOOOOOOOOOOOOOOOOOOOOOOOOOOOOOO
00:02:07.026794  44s: #OOOOOOOOOOOOOOOOOOOOOOOOOOOOOOOOOOOOOOOOOOOOOOOOOOOOOOOOOOOOOOOOOOOOOOOOOOOOOO
00:02:07.026794  43s: #OOOOOOOOOOOOOOOOOOOOOOOOOOOOOOOOOOOOOOOOOOOOOOOOOOOOOOOOOOOOOOOOOOOOOOOOOOOOOO
00:02:07.026794  42s: #OOOOOOOOOOOOOOOOOOOOOOOOOOOOOOOOOOOOOOOOOOOOOOOOOOOOOOOOOOOOOOOOOOOOOOOOOOOOO
00:02:07.026794  41s: #OOOOOOOOOOOOOOOOOOOOOOOOOOOOOOOOOOOOOOOOOOOOOOOOOOOOOOOOOOOOOOOOOOOOOOOOOOOO
00:02:07.026795  40s: ##OOOOOOOOOOOOOOOOOOOOOOOOOOOOOOOOOOOOOOOOOOOOOOOOOOOOOOOOOOOOOOOOOOOOOOOOOO
00:02:07.026795  39s: #OOOOOOOOOOOOOOOOOOOOOOOOOOOOOOOOOOOOOOOOOOOOOOOOOOOOOOOOOOOOOOOOOOOOOOOOOOOOOO
00:02:07.026795  38s: #OOOOOOOOOOOOOOOOOOOOOOOOOOOOOOOOOOOOOOOOOOOOOOOOOOOOOOOOOOOOOOOOOOOOOOOOOOOO
00:02:07.026796  37s: #OOOOOOOOOOOOOOOOOOOOOOOOOOOOOOOOOOOOOOOOOOOOOOOOOOOOOOOOOOOOOOOOOOOOOOOOOOOOO
00:02:07.026796  36s: #OOOOOOOOOOOOOOOOOOOOOOOOOOOOOOOOOOOOOOOOOOOOOOOOOOOOOOOOOOOOOOOOOOOOOOOOOOOO
00:02:07.026796  35s: ##OOOOOOOOOOOOOOOOOOOOOOOOOOOOOOOOOOOOOOOOOOOOOOOOOOOOOOOOOOOOOOOOOOOOOOOOO
00:02:07.026796  34s: #OOOOOOOOOOOOOOOOOOOOOOOOOOOOOOOOOOOOOOOOOOOOOOOOOOOOOOOOOOOOOOOOOOOOOOOOOOOOOO
00:02:07.026797  33s: #OOOOOOOOOOOOOOOOOOOOOOOOOOOOOOOOOOOOOOOOOOOOOOOOOOOOOOOOOOOOOOOOOOOOOOOOOOOOO
00:02:07.026797  32s: OOOOOOOOOOOOOOOOOOOOOOOOOOOOOOOOOOOOOOOOOOOOOOOOOOOOOOOOOOOOOOOOOOOOOOOOOOOOOO
00:02:07.026797  31s: #OOOOOOOOOOOOOOOOOOOOOOOOOOOOOOOOOOOOOOOOOOOOOOOOOOOOOOOOOOOOOOOOOOOOOOOOOOOOOO
00:02:07.026798  30s: ##OOOOOOOOOOOOOOOOOOOOOOOOOOOOOOOOOOOOOOOOOOOOOOOOOOOOOOOOOOOOOOOOOOOOOOOOOO
00:02:07.026798  29s: #OOOOOOOOOOOOOOOOOOOOOOOOOOOOOOOOOOOOOOOOOOOOOOOOOOOOOOOOOOOOOOOOOOOOOOOOOOOOO
00:02:07.026798  28s: #OOOOOOOOOOOOOOOOOOOOOOOOOOOOOOOOOOOOOOOOOOOOOOOOOOOOOOOOOOOOOOOOOOOOOOOOOO
00:02:07.026799  27s: #OOOOOOOOOOOOOOOOOOOOOOOOOOOOOOOOOOOOOOOOOOOOOOOOOOOOOOOOOOOOOOOOOOOOOOOOOOO
00:02:07.026799  26s: #OOOOOOOOOOOOOOOOOOOOOOOOOOOOOOOOOOOOOOOOOOOOOOOOOOOOOOOOOOOOOOOOOOOOOOOOOOOOOO
00:02:07.026799  25s: ##OOOOOOOOOOOOOOOOOOOOOOOOOOOOOOOOOOOOOOOOOOOOOOOOOOOOOOOOOOOOOOOOOOOOOOOOOO
00:02:07.026799  24s: OOOOOOOOOOOOOOOOOOOOOOOOOOOOOOOOOOOOOOOOOOOOOOOOOOOOOOOOOOOOOOOOOOOOOOOOOOOOOO
00:02:07.026800  23s: #OOOOOOOOOOOOOOOOOOOOOOOOOOOOOOOOOOOOOOOOOOOOOOOOOOOOOOOOOOOOOOOOOOOOOOOOOOOO
00:02:07.026800  22s: OOOOOOOOOOOOOOOOOOOOOOOOOOOOOOOOOOOOOOOOOOOOOOOOOOOOOOOOOOOOOOOOOOOOOOOOOOOO
00:02:07.026800  21s: OOOOOOOOOOOOOOOOOOOOOOOOOOOOOOOOOOOOOOOOOOOOOOOOOOOOOOOOOOOOOOOOOOOOOOOOOOOOOO
00:02:07.026801  20s: ##OOOOOOOOOOOOOOOOOOOOOOOOOOOOOOOOOOOOOOOOOOOOOOOOOOOOOOOOOOOOOOOOOOOOOOOOOO
00:02:07.026801  19s: OOOOOOOOOOOOOOOOOOOOOOOOOOOOOOOOOOOOOOOOOOOOOOOOOOOOOOOOOOOOOOOOOOOOOOOOOOOO
00:02:07.026801  18s: OOOOOOOOOOOOOOOOOOOOOOOOOOOOOOOOOOOOOOOOOOOOOOOOOOOOOOOOOOOOOOOOOOOOOOOOOOOOO
00:02:07.026802  17s: OOOOOOOOOOOOOOOOOOOOOOOOOOOOOOOOOOOOOOOOOOOOOOOOOOOOOOOOOOOOOOOOOOOOOOOOOOOOOO
00:02:07.026802  16s: OOOOOOOOOOOOOOOOOOOOOOOOOOOOOOOOOOOOOOOOOOOOOOOOOOOOOOOOOOOOOOOOOOOOOOOOOOOOOO
00:02:07.026802  15s: #OOOOOOOOOOOOOOOOOOOOOOOOOOOOOOOOOOOOOOOOOOOOOOOOOOOOOOOOOOOOOOOOOOOOOOOOOO
00:02:07.026802  14s: #OOOOOOOOOOOOOOOOOOOOOOOOOOOOOOOOOOOOOOOOOOOOOOOOOOOOOOOOOOOOOOOOOOOOOOOOOOO
00:02:07.026803  13s: OOOOOOOOOOOOOOOOOOOOOOOOOOOOOOOOOOOOOOOOOOOOOOOOOOOOOOOOOOOOOOOOOOOOOOOOOOOOO
00:02:07.026803  12s: #OOOOOOOOOOOOOOOOOOOOOOOOOOOOOOOOOOOOOOOOOOOOOOOOOOOOOOOOOOOOOOOOOOOOOOOOOOOOOO
00:02:07.026803  11s: #OOOOOOOOOOOOOOOOOOOOOOOOOOOOOOOOOOOOOOOOOOOOOOOOOOOOOOOOOOOOOOOOOOOOOOOOOOOOOO
00:02:07.026804  10s: #OOOOOOOOOOOOOOOOOOOOOOOOOOOOOOOOOOOOOOOOOOOOOOOOOOOOOOOOOOOOOOOOOOOOOOOOOOO
00:02:07.026804   9s: #OOOOOOOOOOOOOOOOOOOOOOOOOOOOOOOOOOOOOOOOOOOOOOOOOOOOOOOOOOOOOOOOOOOOOOOOOOOO
00:02:07.026804   8s: #OOOOOOOOOOOOOOOOOOOOOOOOOOOOOOOOOOOOOOOOOOOOOOOOOOOOOOOOOOOOOOOOOOOOOOOOOOOO
00:02:07.026804   7s: OOOOOOOOOOOOOOOOOOOOOOOOOOOOOOOOOOOOOOOOOOOOOOOOOOOOOOOOOOOOOOOOOOOOOOOOOOOOOO
00:02:07.026805   6s: OOOOOOOOOOOOOOOOOOOOOOOOOOOOOOOOOOOOOOOOOOOOOOOOOOOOOOOOOOOOOOOOOOOOOOOOOOOOOO
00:02:07.026805   5s: ##OOOOOOOOOOOOOOOOOOOOOOOOOOOOOOOOOOOOOOOOOOOOOOOOOOOOOOOOOOOOOOOOOOOOOOOOOO
00:02:07.026805   4s: ##OOOOOOOOOOOOOOOOOOOOOOOOOOOOOOOOOOOOOOOOOOOOOOOOOOOOOOOOOOOOOOOOOOOOOO
00:02:07.026806   3s: #OOOOOOOOOOOOOOOOOOOOOOOOOOOOOOOOOOOOOOOOOOOOOOOOOOOOOOOOOOOOOOOOOOOOOOOOOOOOOO
00:02:07.026806   2s: #OOOOOOOOOOOOOOOOOOOOOOOOOOOOOOOOOOOOOOOOOOOOOOOOOOOOOOOOOOOOOOOOOOOOOOOOOOOO
00:02:07.026806   1s: #OOOOOOOOOOOOOOOOOOOOOOOOOOOOOOOOOOOOOOOOOOOOOOOOOOOOOOOOOOOOOOOOOOOOOOOOOOOOO
00:02:07.026806   0s: #OOOOOOOOOOOOOOOOOOOOOOOOOOOOOOOOOOOOOOOOOOOOOOOOOOOOOOOOOOOOOOOOOOOOOOOOOOO
00:02:07.026807     (#=guest, O=VMM overhead)  idCpu=0x2
00:02:07.026807 
00:02:07.026807     CPU load for virtual CPU 0x03
00:02:07.026808     -------------------------------
00:02:07.026808 103s: OOOOOOOOOOOOOOOOOOOOOOOOOOOOOOOOOOOOOOOOOO
00:02:07.026808  91s: ##OOOOOOOOOOOOOOOOOOOOOOOOOOOOOOOOOOOOOOOOOOOOOOOOOO
00:02:07.026809  79s: #####OOOOOOOOOOOOOOOOOOOO
00:02:07.026809  69s: #############OOOOOOOOOOOOOOOOOOOO
00:02:07.026809  59s: OOOOOO
00:02:07.026810  54s: OOOOOO
00:02:07.026810  53s: OOOO
00:02:07.026810  52s: OOOO
00:02:07.026810  51s: OO
00:02:07.026811  50s: #OOOOOOOOOO
00:02:07.026811  49s: OOOOO
00:02:07.026811  48s: OO
00:02:07.026811  47s: OO
00:02:07.026812  46s: OOOO
00:02:07.026812  45s: ##OOOOOOOOOO
00:02:07.026812  44s: OOO
00:02:07.026813  43s: OO
00:02:07.026813  42s: OOO
00:02:07.026813  41s: OOOOO
00:02:07.026813  40s: ##OOOOOOOOOOOO
00:02:07.026814  39s: O
00:02:07.026814  38s: OO
00:02:07.026814  37s: OOOOO
00:02:07.026814  36s: OOO
00:02:07.026815  35s: OOOOOO
00:02:07.026815  34s: OO
00:02:07.026815  33s: OOO
00:02:07.026815  32s: OOOOOOOO
00:02:07.026815  31s: O
00:02:07.026816  30s: #OOOOOOO
00:02:07.026816  29s: OOOOOOOO
00:02:07.026816  28s: OO
00:02:07.026816  27s: OOOO
00:02:07.026817  26s: OOOOO
00:02:07.026817  25s: OOOO
00:02:07.026817  24s: OOOOOO
00:02:07.026817  23s: OOOO
00:02:07.026817  22s: OOOOOO
00:02:07.026818  21s: OO
00:02:07.026818  20s: #OOO
00:02:07.026818  19s: OOOOO
00:02:07.026818  18s: OO
00:02:07.026819  17s: OOO
00:02:07.026819  16s: OOOOOO
00:02:07.026819  15s: 
00:02:07.026819  14s: OOOOOOO
00:02:07.026820  13s: OOO
00:02:07.026820  12s: OOOO
00:02:07.026820  11s: OO
00:02:07.026820  10s: OOO
00:02:07.026820   9s: OOOOOO
00:02:07.026821   8s: O
00:02:07.026821   7s: OOO
00:02:07.026821   6s: OOOOO
00:02:07.026821   5s: OOOOOOO
00:02:07.026822   4s: ##OOOOOOOOOOOOO
00:02:07.026822   3s: OO
00:02:07.026822   2s: OOOO
00:02:07.026822   1s: O
00:02:07.026823   0s: OOOOOO
00:02:07.026823     (#=guest, O=VMM overhead)  idCpu=0x3
00:02:07.026824 !!
00:02:07.026824 !! {cpumvmxfeat}
00:02:07.026824 !!
00:02:07.026825 Nested hardware virtualization - VMX features
00:02:07.026825   Mnemonic - Description                                  = guest (host)
00:02:07.026825   VMX - Virtual-Machine Extensions                        = 1 (1)
00:02:07.026826   InsOutInfo - INS/OUTS instruction info.                 = 1 (1)
00:02:07.026826   ExtIntExit - External interrupt exiting                 = 1 (1)
00:02:07.026827   NmiExit - NMI exiting                                   = 1 (1)
00:02:07.026827   VirtNmi - Virtual NMIs                                  = 1 (1)
00:02:07.026828   PreemptTimer - VMX preemption timer                     = 0 (1)
00:02:07.026828   PostedInt - Posted interrupts                           = 0 (1)
00:02:07.026828   IntWindowExit - Interrupt-window exiting                = 1 (1)
00:02:07.026829   TscOffsetting - TSC offsetting                          = 1 (1)
00:02:07.026829   HltExit - HLT exiting                                   = 1 (1)
00:02:07.026829   InvlpgExit - INVLPG exiting                             = 1 (1)
00:02:07.026830   MwaitExit - MWAIT exiting                               = 1 (1)
00:02:07.026830   RdpmcExit - RDPMC exiting                               = 1 (1)
00:02:07.026830   RdtscExit - RDTSC exiting                               = 1 (1)
00:02:07.026831   Cr3LoadExit - CR3-load exiting                          = 1 (1)
00:02:07.026831   Cr3StoreExit - CR3-store exiting                        = 1 (1)
00:02:07.026831   TertiaryExecCtls - Activate tertiary controls           = 0 (1)
00:02:07.026832   Cr8LoadExit  - CR8-load exiting                         = 1 (1)
00:02:07.026832   Cr8StoreExit - CR8-store exiting                        = 1 (1)
00:02:07.026832   UseTprShadow - Use TPR shadow                           = 1 (1)
00:02:07.026833   NmiWindowExit - NMI-window exiting                      = 1 (1)
00:02:07.026833   MovDRxExit - Mov-DR exiting                             = 1 (1)
00:02:07.026833   UncondIoExit - Unconditional I/O exiting                = 1 (1)
00:02:07.026834   UseIoBitmaps - Use I/O bitmaps                          = 1 (1)
00:02:07.026834   MonitorTrapFlag - Monitor Trap Flag                     = 0 (1)
00:02:07.026834   UseMsrBitmaps - MSR bitmaps                             = 1 (1)
00:02:07.026835   MonitorExit - MONITOR exiting                           = 1 (1)
00:02:07.026835   PauseExit - PAUSE exiting                               = 1 (1)
00:02:07.026835   SecondaryExecCtl - Activate secondary controls          = 1 (1)
00:02:07.026836   VirtApic - Virtualize-APIC accesses                     = 1 (1)
00:02:07.026836   Ept - Extended Page Tables                              = 1 (1)
00:02:07.026836   DescTableExit - Descriptor-table exiting                = 1 (1)
00:02:07.026837   Rdtscp - Enable RDTSCP                                  = 1 (1)
00:02:07.026837   VirtX2ApicMode - Virtualize-x2APIC mode                 = 0 (1)
00:02:07.026837   Vpid - Enable VPID                                      = 1 (1)
00:02:07.026838   WbinvdExit - WBINVD exiting                             = 1 (1)
00:02:07.026838   UnrestrictedGuest - Unrestricted guest                  = 1 (1)
00:02:07.026838   ApicRegVirt - APIC-register virtualization              = 0 (1)
00:02:07.026839   VirtIntDelivery - Virtual-interrupt delivery            = 0 (1)
00:02:07.026839   PauseLoopExit - PAUSE-loop exiting                      = 1 (1)
00:02:07.026839   RdrandExit - RDRAND exiting                             = 1 (1)
00:02:07.026840   Invpcid - Enable INVPCID                                = 1 (1)
00:02:07.026840   VmFuncs - Enable VM Functions                           = 0 (1)
00:02:07.026840   VmcsShadowing - VMCS shadowing                          = 0 (1)
00:02:07.026841   RdseedExiting - RDSEED exiting                          = 1 (1)
00:02:07.026841   PML - Page-Modification Log                             = 0 (0)
00:02:07.026842   EptVe - EPT violations can cause #VE                    = 0 (1)
00:02:07.026842   ConcealVmxFromPt - Conceal VMX from Processor Trace     = 0 (1)
00:02:07.026842   XsavesXRstors - Enable XSAVES/XRSTORS                   = 0 (1)
00:02:07.026843   PasidTranslate - PASID translation                      = 0 (0)
00:02:07.026843   ModeBasedExecuteEpt - Mode-based execute permissions    = 0 (1)
00:02:07.026843   SppEpt - Sub-page page write permissions for EPT        = 0 (0)
00:02:07.026843   PtEpt - Processor Trace address' translatable by EPT    = 0 (1)
00:02:07.026844   UseTscScaling - Use TSC scaling                         = 0 (1)
00:02:07.026844   UserWaitPause - Enable TPAUSE, UMONITOR and UMWAIT      = 0 (1)
00:02:07.026844   Pconfig - Enable PCONFIG                                = 0 (0)
00:02:07.026845   EnclvExit - ENCLV exiting                               = 0 (0)
00:02:07.026845   BusLockDetect - VMM Bus-Lock detection                  = 0 (0)
00:02:07.026845   InstrTimeout - Instruction timeout                      = 0 (0)
00:02:07.026846   LoadIwKeyExit - LOADIWKEY exiting                       = 0 (1)
00:02:07.026846   HLAT - Hypervisor-managed linear-address translation    = 0 (0)
00:02:07.026846   EptPagingWrite - EPT paging-write                       = 0 (0)
00:02:07.026847   GstPagingVerify - Guest-paging verification             = 0 (0)
00:02:07.026847   IpiVirt - IPI virtualization                            = 0 (0)
00:02:07.026847   VirtSpecCtrl - Virtualize IA32_SPEC_CTRL                = 0 (0)
00:02:07.026848   EntryLoadDebugCtls - Load debug controls on VM-entry    = 1 (1)
00:02:07.026848   Ia32eModeGuest - IA-32e mode guest                      = 1 (1)
00:02:07.026848   EntryLoadEferMsr - Load IA32_EFER MSR on VM-entry       = 1 (1)
00:02:07.026849   EntryLoadPatMsr - Load IA32_PAT MSR on VM-entry         = 1 (1)
00:02:07.026849   ExitSaveDebugCtls - Save debug controls on VM-exit      = 1 (1)
00:02:07.026850   HostAddrSpaceSize - Host address-space size             = 1 (1)
00:02:07.026850   ExitAckExtInt - Acknowledge interrupt on VM-exit        = 1 (1)
00:02:07.026850   ExitSavePatMsr - Save IA32_PAT MSR on VM-exit           = 1 (1)
00:02:07.026850   ExitLoadPatMsr - Load IA32_PAT MSR on VM-exit           = 1 (1)
00:02:07.026851   ExitSaveEferMsr - Save IA32_EFER MSR on VM-exit         = 1 (1)
00:02:07.026851   ExitLoadEferMsr - Load IA32_EFER MSR on VM-exit         = 1 (1)
00:02:07.026851   SavePreemptTimer - Save VMX-preemption timer            = 0 (1)
00:02:07.026852   SecondaryExitCtls - Secondary VM-exit controls          = 0 (1)
00:02:07.026852   ExitSaveEferLma - Save IA32_EFER.LMA on VM-exit         = 1 (1)
00:02:07.026852   IntelPt - Intel Processor Trace in VMX operation        = 0 (1)
00:02:07.026853   VmwriteAll - VMWRITE to any supported VMCS field        = 0 (1)
00:02:07.026853   EntryInjectSoftInt - Inject softint. with 0-len instr.  = 1 (1)
00:02:07.026854 !!
00:02:07.026854 !! {critsect}
00:02:07.026854 !!
00:02:07.026855 000001342f4402c0: 'GIMDev#0Auto' default
00:02:07.026856 000001342f410300: 'acpi#0'
00:02:07.026857 000001342f3f35d0: 'OHCI#0Irq'
00:02:07.026857 000001342f3f3700: 'usb-ohci#0Auto' default used-by-timer-or-similar
00:02:07.026858 000001342f3d0880: 'AC'97'
00:02:07.026859 000001341f9fd518: 'IntNetXmit_0'
00:02:07.026860 000001342f330618: 'E1000#0TX'
00:02:07.026860 000001342f330518: 'E1000#0RX'
00:02:07.026861 000001342f330418: 'E1000#0'
00:02:07.026861 000001342f3255e8: 'ATA#1-Req'
00:02:07.026862 000001342f325488: 'ATA#1-Ctl'
00:02:07.026862 000001342f2225e8: 'ATA#0-Req'
00:02:07.026863 000001342f222488: 'ATA#0-Ctl'
00:02:07.026863 000001342ebf0768: 'LSILOGICSPI-0RFQW'
00:02:07.026864 000001342ebf0668: 'LSILOGICSPI-0RQ'
00:02:07.026864 000001342ebf0468: 'LSILOGICSPI-0RPQ'
00:02:07.026865 000001342ebf0568: 'LSILOGICSPI-0RFQ'
00:02:07.026865 000001342ebf38c0: 'lsilogicscsi#0Auto' default used-by-timer-or-similar
00:02:07.026866 000001342ebd3d40: 'AHCI#0'
00:02:07.026866 000001342ab4a298: 'VGA#0_IRQ'
00:02:07.026867 000001342ab4a128: 'VGA#0' used-by-timer-or-similar
00:02:07.026867 000001342a6e0700: 'VMMDev#0'
00:02:07.026868 000001342a6d0440: '8237A#0Auto' default used-by-timer-or-similar
00:02:07.026868 000001342a6c0480: 'mc146818#0Auto' default used-by-timer-or-similar
00:02:07.026869 000001342a6b0380: 'pit#0'
00:02:07.026870 000001342a5d0600: 'pckbd#0Auto' default used-by-timer-or-similar
00:02:07.026870 000001342780b380: 'pcbios#0Auto' default used-by-timer-or-similar
00:02:07.026871 00000134278091c0: 'pcarch#0Auto' default
00:02:07.026872 0000013427d26340: 'NOP' used-by-timer-or-similar nop
00:02:07.026873 0000013427d26240: 'PDM'
00:02:07.026873 0000013427d2dac0: 'TM tsc queue timer lock'
00:02:07.026874 0000013427d2d840: 'TM virtual_sync queue timer lock'
00:02:07.026875 0000013427d2d5c0: 'TM virtual queue timer lock'
00:02:07.026875 0000013427d2d340: 'TM real queue timer lock'
00:02:07.026876 0000013427d2de80: 'TM VirtualSync Lock'
00:02:07.026876 0000013427d19040: 'PGM'
00:02:07.026877 !!
00:02:07.026877 !! {critsectrw}
00:02:07.026877 !!
00:02:07.026878 0000013427d2bb40: 'IOM Lock'
00:02:07.026878 0000013427d2dbc0: 'TM tsc queue alloc lock'
00:02:07.026878 0000013427d2d940: 'TM virtual_sync queue alloc lock'
00:02:07.026879 0000013427d2d6c0: 'TM virtual queue alloc lock'
00:02:07.026879 0000013427d2d440: 'TM real queue alloc lock'
00:02:07.026880 !!
00:02:07.026880 !! {dmac}
00:02:07.026880 !!
00:02:07.026881 
00:02:07.026881 DMAC0:
00:02:07.026881  Status : 00 - DRQ 3210  TC 3210
00:02:07.026882                    0000     0000
00:02:07.026882  Mask   : FB - Chn 3210
00:02:07.026883                    1011
00:02:07.026883  Temp   : 00
00:02:07.026884  Command: 00
00:02:07.026884   DACK: active low          DREQ: active low 
00:02:07.026884   Extended write: disabled  Priority: fixed   
00:02:07.026885   Timing: compressed        Controller: disabled
00:02:07.026885   Adress Hold: disabled     Mem-to-Mem Ch 0/1: disabled
00:02:07.026886 
00:02:07.026886  DMA Channel 0:  Page:00
00:02:07.026886   Mode : 00   Auto-init: no  Increment
00:02:07.026887     Xfer Type: verify   Mode: demand 
00:02:07.026887   Base    address:0000  count:0000
00:02:07.026888   Current address:0000  count:0000
00:02:07.026888 
00:02:07.026888  DMA Channel 1:  Page:00
00:02:07.026888   Mode : 00   Auto-init: no  Increment
00:02:07.026889     Xfer Type: verify   Mode: demand 
00:02:07.026889   Base    address:0000  count:0000
00:02:07.026889   Current address:0000  count:0000
00:02:07.026890 
00:02:07.026890  DMA Channel 2:  Page:00
00:02:07.026890   Mode : 00   Auto-init: no  Increment
00:02:07.026890     Xfer Type: verify   Mode: demand 
00:02:07.026890   Base    address:0000  count:0000
00:02:07.026891   Current address:0000  count:0000
00:02:07.026891 
00:02:07.026891  DMA Channel 3:  Page:00
00:02:07.026891   Mode : 00   Auto-init: no  Increment
00:02:07.026891     Xfer Type: verify   Mode: demand 
00:02:07.026892   Base    address:0000  count:0000
00:02:07.026892   Current address:0000  count:0000
00:02:07.026892 
00:02:07.026892 DMAC1:
00:02:07.026892  Status : 00 - DRQ 3210  TC 3210
00:02:07.026893                    0000     0000
00:02:07.026893  Mask   : FE - Chn 3210
00:02:07.026893                    1110
00:02:07.026894  Temp   : 00
00:02:07.026894  Command: 00
00:02:07.026894   DACK: active low          DREQ: active low 
00:02:07.026895   Extended write: disabled  Priority: fixed   
00:02:07.026895   Timing: compressed        Controller: disabled
00:02:07.026895   Adress Hold: disabled     Mem-to-Mem Ch 0/1: disabled
00:02:07.026896 
00:02:07.026896  DMA Channel 0:  Page:00
00:02:07.026896   Mode : C0   Auto-init: no  Increment
00:02:07.026896     Xfer Type: verify   Mode: cascade
00:02:07.026897   Base    address:0000  count:0000
00:02:07.026897   Current address:0000  count:0000
00:02:07.026897 
00:02:07.026897  DMA Channel 1:  Page:00
00:02:07.026897   Mode : 00   Auto-init: no  Increment
00:02:07.026898     Xfer Type: verify   Mode: demand 
00:02:07.026898   Base    address:0000  count:0000
00:02:07.026898   Current address:0000  count:0000
00:02:07.026898 
00:02:07.026899  DMA Channel 2:  Page:00
00:02:07.026899   Mode : 00   Auto-init: no  Increment
00:02:07.026899     Xfer Type: verify   Mode: demand 
00:02:07.026899   Base    address:0000  count:0000
00:02:07.026900   Current address:0000  count:0000
00:02:07.026900 
00:02:07.026900  DMA Channel 3:  Page:00
00:02:07.026900   Mode : 00   Auto-init: no  Increment
00:02:07.026900     Xfer Type: verify   Mode: demand 
00:02:07.026901   Base    address:0000  count:0000
00:02:07.026901   Current address:0000  count:0000
00:02:07.026901 !!
00:02:07.026901 !! {dmapage}
00:02:07.026901 !!
00:02:07.026901 DMA page registers at 80: 00 00 00 00 00 00 00 00
00:02:07.026903 DMA page registers at 88: 00 00 00 00 00 00 00 00
00:02:07.026904 !!
00:02:07.026904 !! {dtlb}
00:02:07.026904 !!
00:02:07.026908 000: empty   0x0000000000000000 -> 0000000000000000 / 0000000000000000 / 0x000 RWXADS-2M/wr--/M phys-empty
00:02:07.026910 001: empty   0x0000000000000000 -> 0000000000000000 / 0000000000000000 / 0x000 RWXADSG2M/wr--/M phys-empty
00:02:07.026911 002: empty   0x0000000000000000 -> 0000000000000000 / 0000000000000000 / 0x000 RWXADS-2M/wr--/M phys-empty
00:02:07.026912 003: empty   0x0000000000000000 -> 0000000000000000 / 0000000000000000 / 0x000 RWXADSG2M/wr--/M phys-empty
00:02:07.026913 004: empty   0x0000000000000000 -> 0000000000000000 / 0000000000000000 / 0x000 RWXADS-2M/wr--/M phys-empty
00:02:07.026914 005: empty   0x0000000000000000 -> 0000000000000000 / 0000000000000000 / 0x000 RWXADSG2M/wr--/M phys-empty
00:02:07.026915 006: empty   0x0000000000000000 -> 0000000000000000 / 0000000000000000 / 0x000 RWXADS-2M/wr--/M phys-empty
00:02:07.026916 007: empty   0x0000000000000000 -> 0000000000000000 / 0000000000000000 / 0x000 RWXADSG2M/wr--/M phys-empty
00:02:07.026917 008: empty   0x0000000000000000 -> 0000000000000000 / 0000000000000000 / 0x000 RWXADS-2M/wr--/M phys-empty
00:02:07.026918 009: empty   0x0000000000000000 -> 0000000000000000 / 0000000000000000 / 0x000 RWXADSG2M/wr--/M phys-empty
00:02:07.026919 00a: empty   0x0000000000000000 -> 0000000000000000 / 0000000000000000 / 0x000 RWXADS-2M/wr--/M phys-empty
00:02:07.026920 00b: empty   0x0000000000000000 -> 0000000000000000 / 0000000000000000 / 0x000 RWXADSG2M/wr--/M phys-empty
00:02:07.026921 00c: empty   0x0000000000000000 -> 0000000000000000 / 0000000000000000 / 0x000 RWXADS-2M/wr--/M phys-empty
00:02:07.026922 00d: empty   0x0000000000000000 -> 0000000000000000 / 0000000000000000 / 0x000 RWXADSG2M/wr--/M phys-empty
00:02:07.026923 00e: empty   0x0000000000000000 -> 0000000000000000 / 0000000000000000 / 0x000 RWXADS-2M/wr--/M phys-empty
00:02:07.026924 00f: empty   0x0000000000000000 -> 0000000000000000 / 0000000000000000 / 0x000 RWXADSG2M/wr--/M phys-empty
00:02:07.026925 010: empty   0x0000000000000000 -> 0000000000000000 / 0000000000000000 / 0x000 RWXADS-2M/wr--/M phys-empty
00:02:07.026926 011: empty   0x0000000000000000 -> 0000000000000000 / 0000000000000000 / 0x000 RWXADSG2M/wr--/M phys-empty
00:02:07.026927 012: empty   0x0000000000000000 -> 0000000000000000 / 0000000000000000 / 0x000 RWXADS-2M/wr--/M phys-empty
00:02:07.026928 013: empty   0x0000000000000000 -> 0000000000000000 / 0000000000000000 / 0x000 RWXADSG2M/wr--/M phys-empty
00:02:07.026929 014: empty   0x0000000000000000 -> 0000000000000000 / 0000000000000000 / 0x000 RWXADS-2M/wr--/M phys-empty
00:02:07.026930 015: empty   0x0000000000000000 -> 0000000000000000 / 0000000000000000 / 0x000 RWXADSG2M/wr--/M phys-empty
00:02:07.026931 016: empty   0x0000000000000000 -> 0000000000000000 / 0000000000000000 / 0x000 RWXADS-2M/wr--/M phys-empty
00:02:07.026932 017: empty   0x0000000000000000 -> 0000000000000000 / 0000000000000000 / 0x000 RWXADSG2M/wr--/M phys-empty
00:02:07.026933 018: empty   0x0000000000000000 -> 0000000000000000 / 0000000000000000 / 0x000 RWXADS-2M/wr--/M phys-empty
00:02:07.026935 019: empty   0x0000000000000000 -> 0000000000000000 / 0000000000000000 / 0x000 RWXADSG2M/wr--/M phys-empty
00:02:07.026936 01a: empty   0x0000000000000000 -> 0000000000000000 / 0000000000000000 / 0x000 RWXADS-2M/wr--/M phys-empty
00:02:07.026937 01b: empty   0x0000000000000000 -> 0000000000000000 / 0000000000000000 / 0x000 RWXADSG2M/wr--/M phys-empty
00:02:07.026938 01c: empty   0x0000000000000000 -> 0000000000000000 / 0000000000000000 / 0x000 RWXADS-2M/wr--/M phys-empty
00:02:07.026940 01d: empty   0x0000000000000000 -> 0000000000000000 / 0000000000000000 / 0x000 RWXADSG2M/wr--/M phys-empty
00:02:07.026941 01e: empty   0x0000000000000000 -> 0000000000000000 / 0000000000000000 / 0x000 RWXADS-2M/wr--/M phys-empty
00:02:07.026943 01f: empty   0x0000000000000000 -> 0000000000000000 / 0000000000000000 / 0x000 RWXADSG2M/wr--/M phys-empty
00:02:07.026944 020: empty   0x0000000000000000 -> 0000000000000000 / 0000000000000000 / 0x000 RWXADS-2M/wr--/M phys-empty
00:02:07.026945 021: empty   0x0000000000000000 -> 0000000000000000 / 0000000000000000 / 0x000 RWXADSG2M/wr--/M phys-empty
00:02:07.026946 022: empty   0x0000000000000000 -> 0000000000000000 / 0000000000000000 / 0x000 RWXADS-2M/wr--/M phys-empty
00:02:07.026947 023: empty   0x0000000000000000 -> 0000000000000000 / 0000000000000000 / 0x000 RWXADSG2M/wr--/M phys-empty
00:02:07.026949 024: empty   0x0000000000000000 -> 0000000000000000 / 0000000000000000 / 0x000 RWXADS-2M/wr--/M phys-empty
00:02:07.026950 025: empty   0x0000000000000000 -> 0000000000000000 / 0000000000000000 / 0x000 RWXADSG2M/wr--/M phys-empty
00:02:07.026952 026: empty   0x0000000000000000 -> 0000000000000000 / 0000000000000000 / 0x000 RWXADS-2M/wr--/M phys-empty
00:02:07.026953 027: empty   0x0000000000000000 -> 0000000000000000 / 0000000000000000 / 0x000 RWXADSG2M/wr--/M phys-empty
00:02:07.026954 028: empty   0x0000000000000000 -> 0000000000000000 / 0000000000000000 / 0x000 RWXADS-2M/wr--/M phys-empty
00:02:07.026955 029: empty   0x0000000000000000 -> 0000000000000000 / 0000000000000000 / 0x000 RWXADSG2M/wr--/M phys-empty
00:02:07.026956 02a: empty   0x0000000000000000 -> 0000000000000000 / 0000000000000000 / 0x000 RWXADS-2M/wr--/M phys-empty
00:02:07.026957 02b: empty   0x0000000000000000 -> 0000000000000000 / 0000000000000000 / 0x000 RWXADSG2M/wr--/M phys-empty
00:02:07.026958 02c: empty   0x0000000000000000 -> 0000000000000000 / 0000000000000000 / 0x000 RWXADS-2M/wr--/M phys-empty
00:02:07.026959 02d: empty   0x0000000000000000 -> 0000000000000000 / 0000000000000000 / 0x000 RWXADSG2M/wr--/M phys-empty
00:02:07.026960 02e: empty   0x0000000000000000 -> 0000000000000000 / 0000000000000000 / 0x000 RWXADS-2M/wr--/M phys-empty
00:02:07.026961 02f: empty   0x0000000000000000 -> 0000000000000000 / 0000000000000000 / 0x000 RWXADSG2M/wr--/M phys-empty
00:02:07.026962 030: empty   0x0000000000000000 -> 0000000000000000 / 0000000000000000 / 0x000 RWXADS-2M/wr--/M phys-empty
00:02:07.026963 031: empty   0x0000000000000000 -> 0000000000000000 / 0000000000000000 / 0x000 RWXADSG2M/wr--/M phys-empty
00:02:07.026964 032: empty   0x0000000000000000 -> 0000000000000000 / 0000000000000000 / 0x000 RWXADS-2M/wr--/M phys-empty
00:02:07.026965 033: empty   0x0000000000000000 -> 0000000000000000 / 0000000000000000 / 0x000 RWXADSG2M/wr--/M phys-empty
00:02:07.026966 034: empty   0x0000000000000000 -> 0000000000000000 / 0000000000000000 / 0x000 RWXADS-2M/wr--/M phys-empty
00:02:07.026967 035: empty   0x0000000000000000 -> 0000000000000000 / 0000000000000000 / 0x000 RWXADSG2M/wr--/M phys-empty
00:02:07.026968 036: empty   0x0000000000000000 -> 0000000000000000 / 0000000000000000 / 0x000 RWXADS-2M/wr--/M phys-empty
00:02:07.026969 037: empty   0x0000000000000000 -> 0000000000000000 / 0000000000000000 / 0x000 RWXADSG2M/wr--/M phys-empty
00:02:07.026970 038: empty   0x0000000000000000 -> 0000000000000000 / 0000000000000000 / 0x000 RWXADS-2M/wr--/M phys-empty
00:02:07.026971 039: empty   0x0000000000000000 -> 0000000000000000 / 0000000000000000 / 0x000 RWXADSG2M/wr--/M phys-empty
00:02:07.026972 03a: empty   0x0000000000000000 -> 0000000000000000 / 0000000000000000 / 0x000 RWXADS-2M/wr--/M phys-empty
00:02:07.026973 03b: empty   0x0000000000000000 -> 0000000000000000 / 0000000000000000 / 0x000 RWXADSG2M/wr--/M phys-empty
00:02:07.026973 03c: empty   0x0000000000000000 -> 0000000000000000 / 0000000000000000 / 0x000 RWXADS-2M/wr--/M phys-empty
00:02:07.026974 03d: empty   0x0000000000000000 -> 0000000000000000 / 0000000000000000 / 0x000 RWXADSG2M/wr--/M phys-empty
00:02:07.026975 03e: empty   0x0000000000000000 -> 0000000000000000 / 0000000000000000 / 0x000 RWXADS-2M/wr--/M phys-empty
00:02:07.026976 03f: empty   0x0000000000000000 -> 0000000000000000 / 0000000000000000 / 0x000 RWXADSG2M/wr--/M phys-empty
00:02:07.026977 040: empty   0x0000000000000000 -> 0000000000000000 / 0000000000000000 / 0x000 RWXADS-2M/wr--/M phys-empty
00:02:07.026978 041: empty   0x0000000000000000 -> 0000000000000000 / 0000000000000000 / 0x000 RWXADSG2M/wr--/M phys-empty
00:02:07.026979 042: empty   0x0000000000000000 -> 0000000000000000 / 0000000000000000 / 0x000 RWXADS-2M/wr--/M phys-empty
00:02:07.026980 043: empty   0x0000000000000000 -> 0000000000000000 / 0000000000000000 / 0x000 RWXADSG2M/wr--/M phys-empty
00:02:07.026981 044: empty   0x0000000000000000 -> 0000000000000000 / 0000000000000000 / 0x000 RWXADS-2M/wr--/M phys-empty
00:02:07.026982 045: empty   0x0000000000000000 -> 0000000000000000 / 0000000000000000 / 0x000 RWXADSG2M/wr--/M phys-empty
00:02:07.026983 046: empty   0x0000000000000000 -> 0000000000000000 / 0000000000000000 / 0x000 RWXADS-2M/wr--/M phys-empty
00:02:07.026984 047: empty   0x0000000000000000 -> 0000000000000000 / 0000000000000000 / 0x000 RWXADSG2M/wr--/M phys-empty
00:02:07.026985 048: empty   0x0000000000000000 -> 0000000000000000 / 0000000000000000 / 0x000 RWXADS-2M/wr--/M phys-empty
00:02:07.026986 049: empty   0x0000000000000000 -> 0000000000000000 / 0000000000000000 / 0x000 RWXADSG2M/wr--/M phys-empty
00:02:07.026987 04a: empty   0x0000000000000000 -> 0000000000000000 / 0000000000000000 / 0x000 RWXADS-2M/wr--/M phys-empty
00:02:07.026988 04b: empty   0x0000000000000000 -> 0000000000000000 / 0000000000000000 / 0x000 RWXADSG2M/wr--/M phys-empty
00:02:07.026989 04c: empty   0x0000000000000000 -> 0000000000000000 / 0000000000000000 / 0x000 RWXADS-2M/wr--/M phys-empty
00:02:07.026990 04d: empty   0x0000000000000000 -> 0000000000000000 / 0000000000000000 / 0x000 RWXADSG2M/wr--/M phys-empty
00:02:07.026991 04e: empty   0x0000000000000000 -> 0000000000000000 / 0000000000000000 / 0x000 RWXADS-2M/wr--/M phys-empty
00:02:07.026992 04f: empty   0x0000000000000000 -> 0000000000000000 / 0000000000000000 / 0x000 RWXADSG2M/wr--/M phys-empty
00:02:07.026993 050: empty   0x0000000000000000 -> 0000000000000000 / 0000000000000000 / 0x000 RWXADS-2M/wr--/M phys-empty
00:02:07.026994 051: empty   0x0000000000000000 -> 0000000000000000 / 0000000000000000 / 0x000 RWXADSG2M/wr--/M phys-empty
00:02:07.026995 052: empty   0x0000000000000000 -> 0000000000000000 / 0000000000000000 / 0x000 RWXADS-2M/wr--/M phys-empty
00:02:07.026996 053: empty   0x0000000000000000 -> 0000000000000000 / 0000000000000000 / 0x000 RWXADSG2M/wr--/M phys-empty
00:02:07.026997 054: empty   0x0000000000000000 -> 0000000000000000 / 0000000000000000 / 0x000 RWXADS-2M/wr--/M phys-empty
00:02:07.026998 055: empty   0x0000000000000000 -> 0000000000000000 / 0000000000000000 / 0x000 RWXADSG2M/wr--/M phys-empty
00:02:07.026999 056: empty   0x0000000000000000 -> 0000000000000000 / 0000000000000000 / 0x000 RWXADS-2M/wr--/M phys-empty
00:02:07.027000 057: empty   0x0000000000000000 -> 0000000000000000 / 0000000000000000 / 0x000 RWXADSG2M/wr--/M phys-empty
00:02:07.027001 058: empty   0x0000000000000000 -> 0000000000000000 / 0000000000000000 / 0x000 RWXADS-2M/wr--/M phys-empty
00:02:07.027001 059: empty   0x0000000000000000 -> 0000000000000000 / 0000000000000000 / 0x000 RWXADSG2M/wr--/M phys-empty
00:02:07.027002 05a: empty   0x0000000000000000 -> 0000000000000000 / 0000000000000000 / 0x000 RWXADS-2M/wr--/M phys-empty
00:02:07.027003 05b: empty   0x0000000000000000 -> 0000000000000000 / 0000000000000000 / 0x000 RWXADSG2M/wr--/M phys-empty
00:02:07.027004 05c: empty   0x0000000000000000 -> 0000000000000000 / 0000000000000000 / 0x000 RWXADS-2M/wr--/M phys-empty
00:02:07.027005 05d: empty   0x0000000000000000 -> 0000000000000000 / 0000000000000000 / 0x000 RWXADSG2M/wr--/M phys-empty
00:02:07.027006 05e: empty   0x0000000000000000 -> 0000000000000000 / 0000000000000000 / 0x000 RWXADS-2M/wr--/M phys-empty
00:02:07.027007 05f: empty   0x0000000000000000 -> 0000000000000000 / 0000000000000000 / 0x000 RWXADSG2M/wr--/M phys-empty
00:02:07.027008 060: empty   0x0000000000000000 -> 0000000000000000 / 0000000000000000 / 0x000 RWXADS-2M/wr--/M phys-empty
00:02:07.027009 061: empty   0x0000000000000000 -> 0000000000000000 / 0000000000000000 / 0x000 RWXADSG2M/wr--/M phys-empty
00:02:07.027010 062: empty   0x0000000000000000 -> 0000000000000000 / 0000000000000000 / 0x000 RWXADS-2M/wr--/M phys-empty
00:02:07.027011 063: empty   0x0000000000000000 -> 0000000000000000 / 0000000000000000 / 0x000 RWXADSG2M/wr--/M phys-empty
00:02:07.027012 064: empty   0x0000000000000000 -> 0000000000000000 / 0000000000000000 / 0x000 RWXADS-2M/wr--/M phys-empty
00:02:07.027013 065: empty   0x0000000000000000 -> 0000000000000000 / 0000000000000000 / 0x000 RWXADSG2M/wr--/M phys-empty
00:02:07.027014 066: empty   0x0000000000000000 -> 0000000000000000 / 0000000000000000 / 0x000 RWXADS-2M/wr--/M phys-empty
00:02:07.027015 067: empty   0x0000000000000000 -> 0000000000000000 / 0000000000000000 / 0x000 RWXADSG2M/wr--/M phys-empty
00:02:07.027016 068: empty   0x0000000000000000 -> 0000000000000000 / 0000000000000000 / 0x000 RWXADS-2M/wr--/M phys-empty
00:02:07.027017 069: empty   0x0000000000000000 -> 0000000000000000 / 0000000000000000 / 0x000 RWXADSG2M/wr--/M phys-empty
00:02:07.027018 06a: empty   0x0000000000000000 -> 0000000000000000 / 0000000000000000 / 0x000 RWXADS-2M/wr--/M phys-empty
00:02:07.027019 06b: empty   0x0000000000000000 -> 0000000000000000 / 0000000000000000 / 0x000 RWXADSG2M/wr--/M phys-empty
00:02:07.027020 06c: empty   0x0000000000000000 -> 0000000000000000 / 0000000000000000 / 0x000 RWXADS-2M/wr--/M phys-empty
00:02:07.027021 06d: empty   0x0000000000000000 -> 0000000000000000 / 0000000000000000 / 0x000 RWXADSG2M/wr--/M phys-empty
00:02:07.027022 06e: empty   0x0000000000000000 -> 0000000000000000 / 0000000000000000 / 0x000 RWXADS-2M/wr--/M phys-empty
00:02:07.027023 06f: empty   0x0000000000000000 -> 0000000000000000 / 0000000000000000 / 0x000 RWXADSG2M/wr--/M phys-empty
00:02:07.027024 070: empty   0x0000000000000000 -> 0000000000000000 / 0000000000000000 / 0x000 RWXADS-2M/wr--/M phys-empty
00:02:07.027025 071: empty   0x0000000000000000 -> 0000000000000000 / 0000000000000000 / 0x000 RWXADSG2M/wr--/M phys-empty
00:02:07.027026 072: empty   0x0000000000000000 -> 0000000000000000 / 0000000000000000 / 0x000 RWXADS-2M/wr--/M phys-empty
00:02:07.027026 073: empty   0x0000000000000000 -> 0000000000000000 / 0000000000000000 / 0x000 RWXADSG2M/wr--/M phys-empty
00:02:07.027027 074: empty   0x0000000000000000 -> 0000000000000000 / 0000000000000000 / 0x000 RWXADS-2M/wr--/M phys-empty
00:02:07.027028 075: empty   0x0000000000000000 -> 0000000000000000 / 0000000000000000 / 0x000 RWXADSG2M/wr--/M phys-empty
00:02:07.027029 076: empty   0x0000000000000000 -> 0000000000000000 / 0000000000000000 / 0x000 RWXADS-2M/wr--/M phys-empty
00:02:07.027030 077: empty   0x0000000000000000 -> 0000000000000000 / 0000000000000000 / 0x000 RWXADSG2M/wr--/M phys-empty
00:02:07.027031 078: empty   0x0000000000000000 -> 0000000000000000 / 0000000000000000 / 0x000 RWXADS-2M/wr--/M phys-empty
00:02:07.027032 079: empty   0x0000000000000000 -> 0000000000000000 / 0000000000000000 / 0x000 RWXADSG2M/wr--/M phys-empty
00:02:07.027076 07a: empty   0x0000000000000000 -> 0000000000000000 / 0000000000000000 / 0x000 RWXADS-2M/wr--/M phys-empty
00:02:07.027077 07b: empty   0x0000000000000000 -> 0000000000000000 / 0000000000000000 / 0x000 RWXADSG2M/wr--/M phys-empty
00:02:07.027078 07c: empty   0x0000000000000000 -> 0000000000000000 / 0000000000000000 / 0x000 RWXADS-2M/wr--/M phys-empty
00:02:07.027079 07d: empty   0x0000000000000000 -> 0000000000000000 / 0000000000000000 / 0x000 RWXADSG2M/wr--/M phys-empty
00:02:07.027080 07e: empty   0x0000000000000000 -> 0000000000000000 / 0000000000000000 / 0x000 RWXADS-2M/wr--/M phys-empty
00:02:07.027081 07f: empty   0x0000000000000000 -> 0000000000000000 / 0000000000000000 / 0x000 RWXADSG2M/wr--/M phys-empty
00:02:07.027082 080: empty   0x0000000000000000 -> 0000000000000000 / 0000000000000000 / 0x000 RWXADS-2M/wr--/M phys-empty
00:02:07.027083 081: empty   0x0000000000000000 -> 0000000000000000 / 0000000000000000 / 0x000 RWXADSG2M/wr--/M phys-empty
00:02:07.027084 082: empty   0x0000000000000000 -> 0000000000000000 / 0000000000000000 / 0x000 RWXADS-2M/wr--/M phys-empty
00:02:07.027085 083: empty   0x0000000000000000 -> 0000000000000000 / 0000000000000000 / 0x000 RWXADSG2M/wr--/M phys-empty
00:02:07.027086 084: empty   0x0000000000000000 -> 0000000000000000 / 0000000000000000 / 0x000 RWXADS-2M/wr--/M phys-empty
00:02:07.027087 085: empty   0x0000000000000000 -> 0000000000000000 / 0000000000000000 / 0x000 RWXADSG2M/wr--/M phys-empty
00:02:07.027088 086: empty   0x0000000000000000 -> 0000000000000000 / 0000000000000000 / 0x000 RWXADS-2M/wr--/M phys-empty
00:02:07.027089 087: empty   0x0000000000000000 -> 0000000000000000 / 0000000000000000 / 0x000 RWXADSG2M/wr--/M phys-empty
00:02:07.027090 088: empty   0x0000000000000000 -> 0000000000000000 / 0000000000000000 / 0x000 RWXADS-2M/wr--/M phys-empty
00:02:07.027091 089: empty   0x0000000000000000 -> 0000000000000000 / 0000000000000000 / 0x000 RWXADSG2M/wr--/M phys-empty
00:02:07.027092 08a: empty   0x0000000000000000 -> 0000000000000000 / 0000000000000000 / 0x000 RWXADS-2M/wr--/M phys-empty
00:02:07.027093 08b: empty   0x0000000000000000 -> 0000000000000000 / 0000000000000000 / 0x000 RWXADSG2M/wr--/M phys-empty
00:02:07.027094 08c: empty   0x0000000000000000 -> 0000000000000000 / 0000000000000000 / 0x000 RWXADS-2M/wr--/M phys-empty
00:02:07.027095 08d: empty   0x0000000000000000 -> 0000000000000000 / 0000000000000000 / 0x000 RWXADSG2M/wr--/M phys-empty
00:02:07.027096 08e: empty   0x0000000000000000 -> 0000000000000000 / 0000000000000000 / 0x000 RWXADS-2M/wr--/M phys-empty
00:02:07.027097 08f: empty   0x0000000000000000 -> 0000000000000000 / 0000000000000000 / 0x000 RWXADSG2M/wr--/M phys-empty
00:02:07.027098 090: empty   0x0000000000000000 -> 0000000000000000 / 0000000000000000 / 0x000 RWXADS-2M/wr--/M phys-empty
00:02:07.027099 091: empty   0x0000000000000000 -> 0000000000000000 / 0000000000000000 / 0x000 RWXADSG2M/wr--/M phys-empty
00:02:07.027100 092: empty   0x0000000000000000 -> 0000000000000000 / 0000000000000000 / 0x000 RWXADS-2M/wr--/M phys-empty
00:02:07.027101 093: empty   0x0000000000000000 -> 0000000000000000 / 0000000000000000 / 0x000 RWXADSG2M/wr--/M phys-empty
00:02:07.027102 094: empty   0x0000000000000000 -> 0000000000000000 / 0000000000000000 / 0x000 RWXADS-2M/wr--/M phys-empty
00:02:07.027103 095: empty   0x0000000000000000 -> 0000000000000000 / 0000000000000000 / 0x000 RWXADSG2M/wr--/M phys-empty
00:02:07.027104 096: empty   0x0000000000000000 -> 0000000000000000 / 0000000000000000 / 0x000 RWXADS-2M/wr--/M phys-empty
00:02:07.027105 097: empty   0x0000000000000000 -> 0000000000000000 / 0000000000000000 / 0x000 RWXADSG2M/wr--/M phys-empty
00:02:07.027106 098: empty   0x0000000000000000 -> 0000000000000000 / 0000000000000000 / 0x000 RWXADS-2M/wr--/M phys-empty
00:02:07.027106 099: empty   0x0000000000000000 -> 0000000000000000 / 0000000000000000 / 0x000 RWXADSG2M/wr--/M phys-empty
00:02:07.027107 09a: empty   0x0000000000000000 -> 0000000000000000 / 0000000000000000 / 0x000 RWXADS-2M/wr--/M phys-empty
00:02:07.027108 09b: empty   0x0000000000000000 -> 0000000000000000 / 0000000000000000 / 0x000 RWXADSG2M/wr--/M phys-empty
00:02:07.027109 09c: empty   0x0000000000000000 -> 0000000000000000 / 0000000000000000 / 0x000 RWXADS-2M/wr--/M phys-empty
00:02:07.027110 09d: empty   0x0000000000000000 -> 0000000000000000 / 0000000000000000 / 0x000 RWXADSG2M/wr--/M phys-empty
00:02:07.027111 09e: empty   0x0000000000000000 -> 0000000000000000 / 0000000000000000 / 0x000 RWXADS-2M/wr--/M phys-empty
00:02:07.027112 09f: empty   0x0000000000000000 -> 0000000000000000 / 0000000000000000 / 0x000 RWXADSG2M/wr--/M phys-empty
00:02:07.027113 0a0: empty   0x0000000000000000 -> 0000000000000000 / 0000000000000000 / 0x000 RWXADS-2M/wr--/M phys-empty
00:02:07.027114 0a1: empty   0x0000000000000000 -> 0000000000000000 / 0000000000000000 / 0x000 RWXADSG2M/wr--/M phys-empty
00:02:07.027115 0a2: empty   0x0000000000000000 -> 0000000000000000 / 0000000000000000 / 0x000 RWXADS-2M/wr--/M phys-empty
00:02:07.027116 0a3: empty   0x0000000000000000 -> 0000000000000000 / 0000000000000000 / 0x000 RWXADSG2M/wr--/M phys-empty
00:02:07.027117 0a4: empty   0x0000000000000000 -> 0000000000000000 / 0000000000000000 / 0x000 RWXADS-2M/wr--/M phys-empty
00:02:07.027118 0a5: empty   0x0000000000000000 -> 0000000000000000 / 0000000000000000 / 0x000 RWXADSG2M/wr--/M phys-empty
00:02:07.027119 0a6: empty   0x0000000000000000 -> 0000000000000000 / 0000000000000000 / 0x000 RWXADS-2M/wr--/M phys-empty
00:02:07.027120 0a7: empty   0x0000000000000000 -> 0000000000000000 / 0000000000000000 / 0x000 RWXADSG2M/wr--/M phys-empty
00:02:07.027121 0a8: empty   0x0000000000000000 -> 0000000000000000 / 0000000000000000 / 0x000 RWXADS-2M/wr--/M phys-empty
00:02:07.027122 0a9: empty   0x0000000000000000 -> 0000000000000000 / 0000000000000000 / 0x000 RWXADSG2M/wr--/M phys-empty
00:02:07.027123 0aa: empty   0x0000000000000000 -> 0000000000000000 / 0000000000000000 / 0x000 RWXADS-2M/wr--/M phys-empty
00:02:07.027124 0ab: empty   0x0000000000000000 -> 0000000000000000 / 0000000000000000 / 0x000 RWXADSG2M/wr--/M phys-empty
00:02:07.027125 0ac: empty   0x0000000000000000 -> 0000000000000000 / 0000000000000000 / 0x000 RWXADS-2M/wr--/M phys-empty
00:02:07.027126 0ad: empty   0x0000000000000000 -> 0000000000000000 / 0000000000000000 / 0x000 RWXADSG2M/wr--/M phys-empty
00:02:07.027126 0ae: empty   0x0000000000000000 -> 0000000000000000 / 0000000000000000 / 0x000 RWXADS-2M/wr--/M phys-empty
00:02:07.027127 0af: empty   0x0000000000000000 -> 0000000000000000 / 0000000000000000 / 0x000 RWXADSG2M/wr--/M phys-empty
00:02:07.027128 0b0: empty   0x0000000000000000 -> 0000000000000000 / 0000000000000000 / 0x000 RWXADS-2M/wr--/M phys-empty
00:02:07.027129 0b1: empty   0x0000000000000000 -> 0000000000000000 / 0000000000000000 / 0x000 RWXADSG2M/wr--/M phys-empty
00:02:07.027130 0b2: empty   0x0000000000000000 -> 0000000000000000 / 0000000000000000 / 0x000 RWXADS-2M/wr--/M phys-empty
00:02:07.027131 0b3: empty   0x0000000000000000 -> 0000000000000000 / 0000000000000000 / 0x000 RWXADSG2M/wr--/M phys-empty
00:02:07.027132 0b4: empty   0x0000000000000000 -> 0000000000000000 / 0000000000000000 / 0x000 RWXADS-2M/wr--/M phys-empty
00:02:07.027133 0b5: empty   0x0000000000000000 -> 0000000000000000 / 0000000000000000 / 0x000 RWXADSG2M/wr--/M phys-empty
00:02:07.027134 0b6: empty   0x0000000000000000 -> 0000000000000000 / 0000000000000000 / 0x000 RWXADS-2M/wr--/M phys-empty
00:02:07.027135 0b7: empty   0x0000000000000000 -> 0000000000000000 / 0000000000000000 / 0x000 RWXADSG2M/wr--/M phys-empty
00:02:07.027136 0b8: empty   0x0000000000000000 -> 0000000000000000 / 0000000000000000 / 0x000 RWXADS-2M/wr--/M phys-empty
00:02:07.027137 0b9: empty   0x0000000000000000 -> 0000000000000000 / 0000000000000000 / 0x000 RWXADSG2M/wr--/M phys-empty
00:02:07.027138 0ba: empty   0x0000000000000000 -> 0000000000000000 / 0000000000000000 / 0x000 RWXADS-2M/wr--/M phys-empty
00:02:07.027139 0bb: empty   0x0000000000000000 -> 0000000000000000 / 0000000000000000 / 0x000 RWXADSG2M/wr--/M phys-empty
00:02:07.027140 0bc: empty   0x0000000000000000 -> 0000000000000000 / 0000000000000000 / 0x000 RWXADS-2M/wr--/M phys-empty
00:02:07.027141 0bd: empty   0x0000000000000000 -> 0000000000000000 / 0000000000000000 / 0x000 RWXADSG2M/wr--/M phys-empty
00:02:07.027142 0be: empty   0x0000000000000000 -> 0000000000000000 / 0000000000000000 / 0x000 RWXADS-2M/wr--/M phys-empty
00:02:07.027143 0bf: empty   0x0000000000000000 -> 0000000000000000 / 0000000000000000 / 0x000 RWXADSG2M/wr--/M phys-empty
00:02:07.027144 0c0: empty   0x0000000000000000 -> 0000000000000000 / 0000000000000000 / 0x000 RWXADS-2M/wr--/M phys-empty
00:02:07.027145 0c1: empty   0x0000000000000000 -> 0000000000000000 / 0000000000000000 / 0x000 RWXADSG2M/wr--/M phys-empty
00:02:07.027146 0c2: empty   0x0000000000000000 -> 0000000000000000 / 0000000000000000 / 0x000 RWXADS-2M/wr--/M phys-empty
00:02:07.027147 0c3: empty   0x0000000000000000 -> 0000000000000000 / 0000000000000000 / 0x000 RWXADSG2M/wr--/M phys-empty
00:02:07.027148 0c4: empty   0x0000000000000000 -> 0000000000000000 / 0000000000000000 / 0x000 RWXADS-2M/wr--/M phys-empty
00:02:07.027149 0c5: empty   0x0000000000000000 -> 0000000000000000 / 0000000000000000 / 0x000 RWXADSG2M/wr--/M phys-empty
00:02:07.027150 0c6: empty   0x0000000000000000 -> 0000000000000000 / 0000000000000000 / 0x000 RWXADS-2M/wr--/M phys-empty
00:02:07.027150 0c7: empty   0x0000000000000000 -> 0000000000000000 / 0000000000000000 / 0x000 RWXADSG2M/wr--/M phys-empty
00:02:07.027151 0c8: empty   0x0000000000000000 -> 0000000000000000 / 0000000000000000 / 0x000 RWXADS-2M/wr--/M phys-empty
00:02:07.027152 0c9: empty   0x0000000000000000 -> 0000000000000000 / 0000000000000000 / 0x000 RWXADSG2M/wr--/M phys-empty
00:02:07.027153 0ca: empty   0x0000000000000000 -> 0000000000000000 / 0000000000000000 / 0x000 RWXADS-2M/wr--/M phys-empty
00:02:07.027154 0cb: empty   0x0000000000000000 -> 0000000000000000 / 0000000000000000 / 0x000 RWXADSG2M/wr--/M phys-empty
00:02:07.027155 0cc: empty   0x0000000000000000 -> 0000000000000000 / 0000000000000000 / 0x000 RWXADS-2M/wr--/M phys-empty
00:02:07.027156 0cd: empty   0x0000000000000000 -> 0000000000000000 / 0000000000000000 / 0x000 RWXADSG2M/wr--/M phys-empty
00:02:07.027157 0ce: empty   0x0000000000000000 -> 0000000000000000 / 0000000000000000 / 0x000 RWXADS-2M/wr--/M phys-empty
00:02:07.027158 0cf: empty   0x0000000000000000 -> 0000000000000000 / 0000000000000000 / 0x000 RWXADSG2M/wr--/M phys-empty
00:02:07.027159 0d0: empty   0x0000000000000000 -> 0000000000000000 / 0000000000000000 / 0x000 RWXADS-2M/wr--/M phys-empty
00:02:07.027160 0d1: empty   0x0000000000000000 -> 0000000000000000 / 0000000000000000 / 0x000 RWXADSG2M/wr--/M phys-empty
00:02:07.027161 0d2: empty   0x0000000000000000 -> 0000000000000000 / 0000000000000000 / 0x000 RWXADS-2M/wr--/M phys-empty
00:02:07.027162 0d3: empty   0x0000000000000000 -> 0000000000000000 / 0000000000000000 / 0x000 RWXADSG2M/wr--/M phys-empty
00:02:07.027163 0d4: empty   0x0000000000000000 -> 0000000000000000 / 0000000000000000 / 0x000 RWXADS-2M/wr--/M phys-empty
00:02:07.027164 0d5: empty   0x0000000000000000 -> 0000000000000000 / 0000000000000000 / 0x000 RWXADSG2M/wr--/M phys-empty
00:02:07.027165 0d6: empty   0x0000000000000000 -> 0000000000000000 / 0000000000000000 / 0x000 RWXADS-2M/wr--/M phys-empty
00:02:07.027166 0d7: empty   0x0000000000000000 -> 0000000000000000 / 0000000000000000 / 0x000 RWXADSG2M/wr--/M phys-empty
00:02:07.027167 0d8: empty   0x0000000000000000 -> 0000000000000000 / 0000000000000000 / 0x000 RWXADS-2M/wr--/M phys-empty
00:02:07.027168 0d9: empty   0x0000000000000000 -> 0000000000000000 / 0000000000000000 / 0x000 RWXADSG2M/wr--/M phys-empty
00:02:07.027169 0da: empty   0x0000000000000000 -> 0000000000000000 / 0000000000000000 / 0x000 RWXADS-2M/wr--/M phys-empty
00:02:07.027170 0db: empty   0x0000000000000000 -> 0000000000000000 / 0000000000000000 / 0x000 RWXADSG2M/wr--/M phys-empty
00:02:07.027170 0dc: empty   0x0000000000000000 -> 0000000000000000 / 0000000000000000 / 0x000 RWXADS-2M/wr--/M phys-empty
00:02:07.027172 0dd: empty   0x0000000000000000 -> 0000000000000000 / 0000000000000000 / 0x000 RWXADSG2M/wr--/M phys-empty
00:02:07.027173 0de: empty   0x0000000000000000 -> 0000000000000000 / 0000000000000000 / 0x000 RWXADS-2M/wr--/M phys-empty
00:02:07.027173 0df: empty   0x0000000000000000 -> 0000000000000000 / 0000000000000000 / 0x000 RWXADSG2M/wr--/M phys-empty
00:02:07.027174 0e0: empty   0x0000000000000000 -> 0000000000000000 / 0000000000000000 / 0x000 RWXADS-2M/wr--/M phys-empty
00:02:07.027175 0e1: empty   0x0000000000000000 -> 0000000000000000 / 0000000000000000 / 0x000 RWXADSG2M/wr--/M phys-empty
00:02:07.027176 0e2: empty   0x0000000000000000 -> 0000000000000000 / 0000000000000000 / 0x000 RWXADS-2M/wr--/M phys-empty
00:02:07.027177 0e3: empty   0x0000000000000000 -> 0000000000000000 / 0000000000000000 / 0x000 RWXADSG2M/wr--/M phys-empty
00:02:07.027178 0e4: empty   0x0000000000000000 -> 0000000000000000 / 0000000000000000 / 0x000 RWXADS-2M/wr--/M phys-empty
00:02:07.027179 0e5: empty   0x0000000000000000 -> 0000000000000000 / 0000000000000000 / 0x000 RWXADSG2M/wr--/M phys-empty
00:02:07.027180 0e6: empty   0x0000000000000000 -> 0000000000000000 / 0000000000000000 / 0x000 RWXADS-2M/wr--/M phys-empty
00:02:07.027181 0e7: empty   0x0000000000000000 -> 0000000000000000 / 0000000000000000 / 0x000 RWXADSG2M/wr--/M phys-empty
00:02:07.027182 0e8: empty   0x0000000000000000 -> 0000000000000000 / 0000000000000000 / 0x000 RWXADS-2M/wr--/M phys-empty
00:02:07.027183 0e9: empty   0x0000000000000000 -> 0000000000000000 / 0000000000000000 / 0x000 RWXADSG2M/wr--/M phys-empty
00:02:07.027184 0ea: empty   0x0000000000000000 -> 0000000000000000 / 0000000000000000 / 0x000 RWXADS-2M/wr--/M phys-empty
00:02:07.027185 0eb: empty   0x0000000000000000 -> 0000000000000000 / 0000000000000000 / 0x000 RWXADSG2M/wr--/M phys-empty
00:02:07.027186 0ec: empty   0x0000000000000000 -> 0000000000000000 / 0000000000000000 / 0x000 RWXADS-2M/wr--/M phys-empty
00:02:07.027187 0ed: empty   0x0000000000000000 -> 0000000000000000 / 0000000000000000 / 0x000 RWXADSG2M/wr--/M phys-empty
00:02:07.027188 0ee: empty   0x0000000000000000 -> 0000000000000000 / 0000000000000000 / 0x000 RWXADS-2M/wr--/M phys-empty
00:02:07.027189 0ef: empty   0x0000000000000000 -> 0000000000000000 / 0000000000000000 / 0x000 RWXADSG2M/wr--/M phys-empty
00:02:07.027190 0f0: empty   0x0000000000000000 -> 0000000000000000 / 0000000000000000 / 0x000 RWXADS-2M/wr--/M phys-empty
00:02:07.027191 0f1: empty   0x0000000000000000 -> 0000000000000000 / 0000000000000000 / 0x000 RWXADSG2M/wr--/M phys-empty
00:02:07.027192 0f2: empty   0x0000000000000000 -> 0000000000000000 / 0000000000000000 / 0x000 RWXADS-2M/wr--/M phys-empty
00:02:07.027193 0f3: empty   0x0000000000000000 -> 0000000000000000 / 0000000000000000 / 0x000 RWXADSG2M/wr--/M phys-empty
00:02:07.027194 0f4: empty   0x0000000000000000 -> 0000000000000000 / 0000000000000000 / 0x000 RWXADS-2M/wr--/M phys-empty
00:02:07.027194 0f5: empty   0x0000000000000000 -> 0000000000000000 / 0000000000000000 / 0x000 RWXADSG2M/wr--/M phys-empty
00:02:07.027195 0f6: empty   0x0000000000000000 -> 0000000000000000 / 0000000000000000 / 0x000 RWXADS-2M/wr--/M phys-empty
00:02:07.027196 0f7: empty   0x0000000000000000 -> 0000000000000000 / 0000000000000000 / 0x000 RWXADSG2M/wr--/M phys-empty
00:02:07.027197 0f8: empty   0x0000000000000000 -> 0000000000000000 / 0000000000000000 / 0x000 RWXADS-2M/wr--/M phys-empty
00:02:07.027198 0f9: empty   0x0000000000000000 -> 0000000000000000 / 0000000000000000 / 0x000 RWXADSG2M/wr--/M phys-empty
00:02:07.027199 0fa: empty   0x0000000000000000 -> 0000000000000000 / 0000000000000000 / 0x000 RWXADS-2M/wr--/M phys-empty
00:02:07.027200 0fb: empty   0x0000000000000000 -> 0000000000000000 / 0000000000000000 / 0x000 RWXADSG2M/wr--/M phys-empty
00:02:07.027201 0fc: empty   0x0000000000000000 -> 0000000000000000 / 0000000000000000 / 0x000 RWXADS-2M/wr--/M phys-empty
00:02:07.027202 0fd: empty   0x0000000000000000 -> 0000000000000000 / 0000000000000000 / 0x000 RWXADSG2M/wr--/M phys-empty
00:02:07.027203 0fe: empty   0x0000000000000000 -> 0000000000000000 / 0000000000000000 / 0x000 RWXADS-2M/wr--/M phys-empty
00:02:07.027204 0ff: empty   0x0000000000000000 -> 0000000000000000 / 0000000000000000 / 0x000 RWXADSG2M/wr--/M phys-empty
00:02:07.027205 100: empty   0x0000000000000000 -> 0000000000000000 / 0000000000000000 / 0x000 RWXADS-2M/wr--/M phys-empty
00:02:07.027206 101: empty   0x0000000000000000 -> 0000000000000000 / 0000000000000000 / 0x000 RWXADSG2M/wr--/M phys-empty
00:02:07.027207 102: empty   0x0000000000000000 -> 0000000000000000 / 0000000000000000 / 0x000 RWXADS-2M/wr--/M phys-empty
00:02:07.027208 103: empty   0x0000000000000000 -> 0000000000000000 / 0000000000000000 / 0x000 RWXADSG2M/wr--/M phys-empty
00:02:07.027209 104: empty   0x0000000000000000 -> 0000000000000000 / 0000000000000000 / 0x000 RWXADS-2M/wr--/M phys-empty
00:02:07.027210 105: empty   0x0000000000000000 -> 0000000000000000 / 0000000000000000 / 0x000 RWXADSG2M/wr--/M phys-empty
00:02:07.027211 106: empty   0x0000000000000000 -> 0000000000000000 / 0000000000000000 / 0x000 RWXADS-2M/wr--/M phys-empty
00:02:07.027212 107: empty   0x0000000000000000 -> 0000000000000000 / 0000000000000000 / 0x000 RWXADSG2M/wr--/M phys-empty
00:02:07.027213 108: empty   0x0000000000000000 -> 0000000000000000 / 0000000000000000 / 0x000 RWXADS-2M/wr--/M phys-empty
00:02:07.027214 109: empty   0x0000000000000000 -> 0000000000000000 / 0000000000000000 / 0x000 RWXADSG2M/wr--/M phys-empty
00:02:07.027215 10a: empty   0x0000000000000000 -> 0000000000000000 / 0000000000000000 / 0x000 RWXADS-2M/wr--/M phys-empty
00:02:07.027216 10b: empty   0x0000000000000000 -> 0000000000000000 / 0000000000000000 / 0x000 RWXADSG2M/wr--/M phys-empty
00:02:07.027217 10c: empty   0x0000000000000000 -> 0000000000000000 / 0000000000000000 / 0x000 RWXADS-2M/wr--/M phys-empty
00:02:07.027218 10d: empty   0x0000000000000000 -> 0000000000000000 / 0000000000000000 / 0x000 RWXADSG2M/wr--/M phys-empty
00:02:07.027219 10e: empty   0x0000000000000000 -> 0000000000000000 / 0000000000000000 / 0x000 RWXADS-2M/wr--/M phys-empty
00:02:07.027220 10f: empty   0x0000000000000000 -> 0000000000000000 / 0000000000000000 / 0x000 RWXADSG2M/wr--/M phys-empty
00:02:07.027221 110: empty   0x0000000000000000 -> 0000000000000000 / 0000000000000000 / 0x000 RWXADS-2M/wr--/M phys-empty
00:02:07.027222 111: empty   0x0000000000000000 -> 0000000000000000 / 0000000000000000 / 0x000 RWXADSG2M/wr--/M phys-empty
00:02:07.027223 112: empty   0x0000000000000000 -> 0000000000000000 / 0000000000000000 / 0x000 RWXADS-2M/wr--/M phys-empty
00:02:07.027224 113: empty   0x0000000000000000 -> 0000000000000000 / 0000000000000000 / 0x000 RWXADSG2M/wr--/M phys-empty
00:02:07.027225 114: empty   0x0000000000000000 -> 0000000000000000 / 0000000000000000 / 0x000 RWXADS-2M/wr--/M phys-empty
00:02:07.027225 115: empty   0x0000000000000000 -> 0000000000000000 / 0000000000000000 / 0x000 RWXADSG2M/wr--/M phys-empty
00:02:07.027226 116: empty   0x0000000000000000 -> 0000000000000000 / 0000000000000000 / 0x000 RWXADS-2M/wr--/M phys-empty
00:02:07.027227 117: empty   0x0000000000000000 -> 0000000000000000 / 0000000000000000 / 0x000 RWXADSG2M/wr--/M phys-empty
00:02:07.027228 118: empty   0x0000000000000000 -> 0000000000000000 / 0000000000000000 / 0x000 RWXADS-2M/wr--/M phys-empty
00:02:07.027229 119: empty   0x0000000000000000 -> 0000000000000000 / 0000000000000000 / 0x000 RWXADSG2M/wr--/M phys-empty
00:02:07.027230 11a: empty   0x0000000000000000 -> 0000000000000000 / 0000000000000000 / 0x000 RWXADS-2M/wr--/M phys-empty
00:02:07.027231 11b: empty   0x0000000000000000 -> 0000000000000000 / 0000000000000000 / 0x000 RWXADSG2M/wr--/M phys-empty
00:02:07.027232 11c: empty   0x0000000000000000 -> 0000000000000000 / 0000000000000000 / 0x000 RWXADS-2M/wr--/M phys-empty
00:02:07.027233 11d: empty   0x0000000000000000 -> 0000000000000000 / 0000000000000000 / 0x000 RWXADSG2M/wr--/M phys-empty
00:02:07.027234 11e: empty   0x0000000000000000 -> 0000000000000000 / 0000000000000000 / 0x000 RWXADS-2M/wr--/M phys-empty
00:02:07.027235 11f: empty   0x0000000000000000 -> 0000000000000000 / 0000000000000000 / 0x000 RWXADSG2M/wr--/M phys-empty
00:02:07.027236 120: empty   0x0000000000000000 -> 0000000000000000 / 0000000000000000 / 0x000 RWXADS-2M/wr--/M phys-empty
00:02:07.027237 121: empty   0x0000000000000000 -> 0000000000000000 / 0000000000000000 / 0x000 RWXADSG2M/wr--/M phys-empty
00:02:07.027238 122: empty   0x0000000000000000 -> 0000000000000000 / 0000000000000000 / 0x000 RWXADS-2M/wr--/M phys-empty
00:02:07.027239 123: empty   0x0000000000000000 -> 0000000000000000 / 0000000000000000 / 0x000 RWXADSG2M/wr--/M phys-empty
00:02:07.027240 124: empty   0x0000000000000000 -> 0000000000000000 / 0000000000000000 / 0x000 RWXADS-2M/wr--/M phys-empty
00:02:07.027241 125: empty   0x0000000000000000 -> 0000000000000000 / 0000000000000000 / 0x000 RWXADSG2M/wr--/M phys-empty
00:02:07.027242 126: empty   0x0000000000000000 -> 0000000000000000 / 0000000000000000 / 0x000 RWXADS-2M/wr--/M phys-empty
00:02:07.027243 127: empty   0x0000000000000000 -> 0000000000000000 / 0000000000000000 / 0x000 RWXADSG2M/wr--/M phys-empty
00:02:07.027244 128: empty   0x0000000000000000 -> 0000000000000000 / 0000000000000000 / 0x000 RWXADS-2M/wr--/M phys-empty
00:02:07.027245 129: empty   0x0000000000000000 -> 0000000000000000 / 0000000000000000 / 0x000 RWXADSG2M/wr--/M phys-empty
00:02:07.027246 12a: empty   0x0000000000000000 -> 0000000000000000 / 0000000000000000 / 0x000 RWXADS-2M/wr--/M phys-empty
00:02:07.027247 12b: empty   0x0000000000000000 -> 0000000000000000 / 0000000000000000 / 0x000 RWXADSG2M/wr--/M phys-empty
00:02:07.027247 12c: empty   0x0000000000000000 -> 0000000000000000 / 0000000000000000 / 0x000 RWXADS-2M/wr--/M phys-empty
00:02:07.027248 12d: empty   0x0000000000000000 -> 0000000000000000 / 0000000000000000 / 0x000 RWXADSG2M/wr--/M phys-empty
00:02:07.027249 12e: empty   0x0000000000000000 -> 0000000000000000 / 0000000000000000 / 0x000 RWXADS-2M/wr--/M phys-empty
00:02:07.027250 12f: empty   0x0000000000000000 -> 0000000000000000 / 0000000000000000 / 0x000 RWXADSG2M/wr--/M phys-empty
00:02:07.027251 130: empty   0x0000000000000000 -> 0000000000000000 / 0000000000000000 / 0x000 RWXADS-2M/wr--/M phys-empty
00:02:07.027252 131: empty   0x0000000000000000 -> 0000000000000000 / 0000000000000000 / 0x000 RWXADSG2M/wr--/M phys-empty
00:02:07.027253 132: empty   0x0000000000000000 -> 0000000000000000 / 0000000000000000 / 0x000 RWXADS-2M/wr--/M phys-empty
00:02:07.027254 133: empty   0x0000000000000000 -> 0000000000000000 / 0000000000000000 / 0x000 RWXADSG2M/wr--/M phys-empty
00:02:07.027255 134: empty   0x0000000000000000 -> 0000000000000000 / 0000000000000000 / 0x000 RWXADS-2M/wr--/M phys-empty
00:02:07.027256 135: empty   0x0000000000000000 -> 0000000000000000 / 0000000000000000 / 0x000 RWXADSG2M/wr--/M phys-empty
00:02:07.027257 136: empty   0x0000000000000000 -> 0000000000000000 / 0000000000000000 / 0x000 RWXADS-2M/wr--/M phys-empty
00:02:07.027258 137: empty   0x0000000000000000 -> 0000000000000000 / 0000000000000000 / 0x000 RWXADSG2M/wr--/M phys-empty
00:02:07.027259 138: empty   0x0000000000000000 -> 0000000000000000 / 0000000000000000 / 0x000 RWXADS-2M/wr--/M phys-empty
00:02:07.027260 139: empty   0x0000000000000000 -> 0000000000000000 / 0000000000000000 / 0x000 RWXADSG2M/wr--/M phys-empty
00:02:07.027261 13a: empty   0x0000000000000000 -> 0000000000000000 / 0000000000000000 / 0x000 RWXADS-2M/wr--/M phys-empty
00:02:07.027262 13b: empty   0x0000000000000000 -> 0000000000000000 / 0000000000000000 / 0x000 RWXADSG2M/wr--/M phys-empty
00:02:07.027263 13c: empty   0x0000000000000000 -> 0000000000000000 / 0000000000000000 / 0x000 RWXADS-2M/wr--/M phys-empty
00:02:07.027264 13d: empty   0x0000000000000000 -> 0000000000000000 / 0000000000000000 / 0x000 RWXADSG2M/wr--/M phys-empty
00:02:07.027265 13e: empty   0x0000000000000000 -> 0000000000000000 / 0000000000000000 / 0x000 RWXADS-2M/wr--/M phys-empty
00:02:07.027266 13f: empty   0x0000000000000000 -> 0000000000000000 / 0000000000000000 / 0x000 RWXADSG2M/wr--/M phys-empty
00:02:07.027267 140: empty   0x0000000000000000 -> 0000000000000000 / 0000000000000000 / 0x000 RWXADS-2M/wr--/M phys-empty
00:02:07.027268 141: empty   0x0000000000000000 -> 0000000000000000 / 0000000000000000 / 0x000 RWXADSG2M/wr--/M phys-empty
00:02:07.027269 142: empty   0x0000000000000000 -> 0000000000000000 / 0000000000000000 / 0x000 RWXADS-2M/wr--/M phys-empty
00:02:07.027269 143: empty   0x0000000000000000 -> 0000000000000000 / 0000000000000000 / 0x000 RWXADSG2M/wr--/M phys-empty
00:02:07.027270 144: empty   0x0000000000000000 -> 0000000000000000 / 0000000000000000 / 0x000 RWXADS-2M/wr--/M phys-empty
00:02:07.027271 145: empty   0x0000000000000000 -> 0000000000000000 / 0000000000000000 / 0x000 RWXADSG2M/wr--/M phys-empty
00:02:07.027272 146: empty   0x0000000000000000 -> 0000000000000000 / 0000000000000000 / 0x000 RWXADS-2M/wr--/M phys-empty
00:02:07.027273 147: empty   0x0000000000000000 -> 0000000000000000 / 0000000000000000 / 0x000 RWXADSG2M/wr--/M phys-empty
00:02:07.027274 148: empty   0x0000000000000000 -> 0000000000000000 / 0000000000000000 / 0x000 RWXADS-2M/wr--/M phys-empty
00:02:07.027275 149: empty   0x0000000000000000 -> 0000000000000000 / 0000000000000000 / 0x000 RWXADSG2M/wr--/M phys-empty
00:02:07.027276 14a: empty   0x0000000000000000 -> 0000000000000000 / 0000000000000000 / 0x000 RWXADS-2M/wr--/M phys-empty
00:02:07.027277 14b: empty   0x0000000000000000 -> 0000000000000000 / 0000000000000000 / 0x000 RWXADSG2M/wr--/M phys-empty
00:02:07.027278 14c: empty   0x0000000000000000 -> 0000000000000000 / 0000000000000000 / 0x000 RWXADS-2M/wr--/M phys-empty
00:02:07.027279 14d: empty   0x0000000000000000 -> 0000000000000000 / 0000000000000000 / 0x000 RWXADSG2M/wr--/M phys-empty
00:02:07.027280 14e: empty   0x0000000000000000 -> 0000000000000000 / 0000000000000000 / 0x000 RWXADS-2M/wr--/M phys-empty
00:02:07.027281 14f: empty   0x0000000000000000 -> 0000000000000000 / 0000000000000000 / 0x000 RWXADSG2M/wr--/M phys-empty
00:02:07.027282 150: empty   0x0000000000000000 -> 0000000000000000 / 0000000000000000 / 0x000 RWXADS-2M/wr--/M phys-empty
00:02:07.027283 151: empty   0x0000000000000000 -> 0000000000000000 / 0000000000000000 / 0x000 RWXADSG2M/wr--/M phys-empty
00:02:07.027284 152: empty   0x0000000000000000 -> 0000000000000000 / 0000000000000000 / 0x000 RWXADS-2M/wr--/M phys-empty
00:02:07.027285 153: empty   0x0000000000000000 -> 0000000000000000 / 0000000000000000 / 0x000 RWXADSG2M/wr--/M phys-empty
00:02:07.027286 154: empty   0x0000000000000000 -> 0000000000000000 / 0000000000000000 / 0x000 RWXADS-2M/wr--/M phys-empty
00:02:07.027287 155: empty   0x0000000000000000 -> 0000000000000000 / 0000000000000000 / 0x000 RWXADSG2M/wr--/M phys-empty
00:02:07.027288 156: empty   0x0000000000000000 -> 0000000000000000 / 0000000000000000 / 0x000 RWXADS-2M/wr--/M phys-empty
00:02:07.027289 157: empty   0x0000000000000000 -> 0000000000000000 / 0000000000000000 / 0x000 RWXADSG2M/wr--/M phys-empty
00:02:07.027290 158: empty   0x0000000000000000 -> 0000000000000000 / 0000000000000000 / 0x000 RWXADS-2M/wr--/M phys-empty
00:02:07.027291 159: empty   0x0000000000000000 -> 0000000000000000 / 0000000000000000 / 0x000 RWXADSG2M/wr--/M phys-empty
00:02:07.027292 15a: empty   0x0000000000000000 -> 0000000000000000 / 0000000000000000 / 0x000 RWXADS-2M/wr--/M phys-empty
00:02:07.027293 15b: empty   0x0000000000000000 -> 0000000000000000 / 0000000000000000 / 0x000 RWXADSG2M/wr--/M phys-empty
00:02:07.027294 15c: empty   0x0000000000000000 -> 0000000000000000 / 0000000000000000 / 0x000 RWXADS-2M/wr--/M phys-empty
00:02:07.027294 15d: empty   0x0000000000000000 -> 0000000000000000 / 0000000000000000 / 0x000 RWXADSG2M/wr--/M phys-empty
00:02:07.027295 15e: empty   0x0000000000000000 -> 0000000000000000 / 0000000000000000 / 0x000 RWXADS-2M/wr--/M phys-empty
00:02:07.027296 15f: empty   0x0000000000000000 -> 0000000000000000 / 0000000000000000 / 0x000 RWXADSG2M/wr--/M phys-empty
00:02:07.027297 160: empty   0x0000000000000000 -> 0000000000000000 / 0000000000000000 / 0x000 RWXADS-2M/wr--/M phys-empty
00:02:07.027298 161: empty   0x0000000000000000 -> 0000000000000000 / 0000000000000000 / 0x000 RWXADSG2M/wr--/M phys-empty
00:02:07.027299 162: empty   0x0000000000000000 -> 0000000000000000 / 0000000000000000 / 0x000 RWXADS-2M/wr--/M phys-empty
00:02:07.027300 163: empty   0x0000000000000000 -> 0000000000000000 / 0000000000000000 / 0x000 RWXADSG2M/wr--/M phys-empty
00:02:07.027301 164: empty   0x0000000000000000 -> 0000000000000000 / 0000000000000000 / 0x000 RWXADS-2M/wr--/M phys-empty
00:02:07.027302 165: empty   0x0000000000000000 -> 0000000000000000 / 0000000000000000 / 0x000 RWXADSG2M/wr--/M phys-empty
00:02:07.027303 166: empty   0x0000000000000000 -> 0000000000000000 / 0000000000000000 / 0x000 RWXADS-2M/wr--/M phys-empty
00:02:07.027304 167: empty   0x0000000000000000 -> 0000000000000000 / 0000000000000000 / 0x000 RWXADSG2M/wr--/M phys-empty
00:02:07.027305 168: empty   0x0000000000000000 -> 0000000000000000 / 0000000000000000 / 0x000 RWXADS-2M/wr--/M phys-empty
00:02:07.027306 169: empty   0x0000000000000000 -> 0000000000000000 / 0000000000000000 / 0x000 RWXADSG2M/wr--/M phys-empty
00:02:07.027307 16a: empty   0x0000000000000000 -> 0000000000000000 / 0000000000000000 / 0x000 RWXADS-2M/wr--/M phys-empty
00:02:07.027308 16b: empty   0x0000000000000000 -> 0000000000000000 / 0000000000000000 / 0x000 RWXADSG2M/wr--/M phys-empty
00:02:07.027309 16c: empty   0x0000000000000000 -> 0000000000000000 / 0000000000000000 / 0x000 RWXADS-2M/wr--/M phys-empty
00:02:07.027310 16d: empty   0x0000000000000000 -> 0000000000000000 / 0000000000000000 / 0x000 RWXADSG2M/wr--/M phys-empty
00:02:07.027311 16e: empty   0x0000000000000000 -> 0000000000000000 / 0000000000000000 / 0x000 RWXADS-2M/wr--/M phys-empty
00:02:07.027312 16f: empty   0x0000000000000000 -> 0000000000000000 / 0000000000000000 / 0x000 RWXADSG2M/wr--/M phys-empty
00:02:07.027313 170: empty   0x0000000000000000 -> 0000000000000000 / 0000000000000000 / 0x000 RWXADS-2M/wr--/M phys-empty
00:02:07.027314 171: empty   0x0000000000000000 -> 0000000000000000 / 0000000000000000 / 0x000 RWXADSG2M/wr--/M phys-empty
00:02:07.027315 172: empty   0x0000000000000000 -> 0000000000000000 / 0000000000000000 / 0x000 RWXADS-2M/wr--/M phys-empty
00:02:07.027316 173: empty   0x0000000000000000 -> 0000000000000000 / 0000000000000000 / 0x000 RWXADSG2M/wr--/M phys-empty
00:02:07.027317 174: empty   0x0000000000000000 -> 0000000000000000 / 0000000000000000 / 0x000 RWXADS-2M/wr--/M phys-empty
00:02:07.027317 175: empty   0x0000000000000000 -> 0000000000000000 / 0000000000000000 / 0x000 RWXADSG2M/wr--/M phys-empty
00:02:07.027319 176: empty   0x0000000000000000 -> 0000000000000000 / 0000000000000000 / 0x000 RWXADS-2M/wr--/M phys-empty
00:02:07.027320 177: empty   0x0000000000000000 -> 0000000000000000 / 0000000000000000 / 0x000 RWXADSG2M/wr--/M phys-empty
00:02:07.027321 178: empty   0x0000000000000000 -> 0000000000000000 / 0000000000000000 / 0x000 RWXADS-2M/wr--/M phys-empty
00:02:07.027321 179: empty   0x0000000000000000 -> 0000000000000000 / 0000000000000000 / 0x000 RWXADSG2M/wr--/M phys-empty
00:02:07.027322 17a: empty   0x0000000000000000 -> 0000000000000000 / 0000000000000000 / 0x000 RWXADS-2M/wr--/M phys-empty
00:02:07.027323 17b: empty   0x0000000000000000 -> 0000000000000000 / 0000000000000000 / 0x000 RWXADSG2M/wr--/M phys-empty
00:02:07.027324 17c: empty   0x0000000000000000 -> 0000000000000000 / 0000000000000000 / 0x000 RWXADS-2M/wr--/M phys-empty
00:02:07.027325 17d: empty   0x0000000000000000 -> 0000000000000000 / 0000000000000000 / 0x000 RWXADSG2M/wr--/M phys-empty
00:02:07.027326 17e: empty   0x0000000000000000 -> 0000000000000000 / 0000000000000000 / 0x000 RWXADS-2M/wr--/M phys-empty
00:02:07.027327 17f: empty   0x0000000000000000 -> 0000000000000000 / 0000000000000000 / 0x000 RWXADSG2M/wr--/M phys-empty
00:02:07.027328 180: empty   0x0000000000000000 -> 0000000000000000 / 0000000000000000 / 0x000 RWXADS-2M/wr--/M phys-empty
00:02:07.027329 181: empty   0x0000000000000000 -> 0000000000000000 / 0000000000000000 / 0x000 RWXADSG2M/wr--/M phys-empty
00:02:07.027330 182: empty   0x0000000000000000 -> 0000000000000000 / 0000000000000000 / 0x000 RWXADS-2M/wr--/M phys-empty
00:02:07.027331 183: empty   0x0000000000000000 -> 0000000000000000 / 0000000000000000 / 0x000 RWXADSG2M/wr--/M phys-empty
00:02:07.027332 184: empty   0x0000000000000000 -> 0000000000000000 / 0000000000000000 / 0x000 RWXADS-2M/wr--/M phys-empty
00:02:07.027333 185: empty   0x0000000000000000 -> 0000000000000000 / 0000000000000000 / 0x000 RWXADSG2M/wr--/M phys-empty
00:02:07.027334 186: empty   0x0000000000000000 -> 0000000000000000 / 0000000000000000 / 0x000 RWXADS-2M/wr--/M phys-empty
00:02:07.027335 187: empty   0x0000000000000000 -> 0000000000000000 / 0000000000000000 / 0x000 RWXADSG2M/wr--/M phys-empty
00:02:07.027336 188: empty   0x0000000000000000 -> 0000000000000000 / 0000000000000000 / 0x000 RWXADS-2M/wr--/M phys-empty
00:02:07.027337 189: empty   0x0000000000000000 -> 0000000000000000 / 0000000000000000 / 0x000 RWXADSG2M/wr--/M phys-empty
00:02:07.027338 18a: empty   0x0000000000000000 -> 0000000000000000 / 0000000000000000 / 0x000 RWXADS-2M/wr--/M phys-empty
00:02:07.027339 18b: empty   0x0000000000000000 -> 0000000000000000 / 0000000000000000 / 0x000 RWXADSG2M/wr--/M phys-empty
00:02:07.027340 18c: empty   0x0000000000000000 -> 0000000000000000 / 0000000000000000 / 0x000 RWXADS-2M/wr--/M phys-empty
00:02:07.027341 18d: empty   0x0000000000000000 -> 0000000000000000 / 0000000000000000 / 0x000 RWXADSG2M/wr--/M phys-empty
00:02:07.027342 18e: empty   0x0000000000000000 -> 0000000000000000 / 0000000000000000 / 0x000 RWXADS-2M/wr--/M phys-empty
00:02:07.027343 18f: empty   0x0000000000000000 -> 0000000000000000 / 0000000000000000 / 0x000 RWXADSG2M/wr--/M phys-empty
00:02:07.027344 190: empty   0x0000000000000000 -> 0000000000000000 / 0000000000000000 / 0x000 RWXADS-2M/wr--/M phys-empty
00:02:07.027345 191: empty   0x0000000000000000 -> 0000000000000000 / 0000000000000000 / 0x000 RWXADSG2M/wr--/M phys-empty
00:02:07.027346 192: empty   0x0000000000000000 -> 0000000000000000 / 0000000000000000 / 0x000 RWXADS-2M/wr--/M phys-empty
00:02:07.027346 193: empty   0x0000000000000000 -> 0000000000000000 / 0000000000000000 / 0x000 RWXADSG2M/wr--/M phys-empty
00:02:07.027347 194: empty   0x0000000000000000 -> 0000000000000000 / 0000000000000000 / 0x000 RWXADS-2M/wr--/M phys-empty
00:02:07.027348 195: empty   0x0000000000000000 -> 0000000000000000 / 0000000000000000 / 0x000 RWXADSG2M/wr--/M phys-empty
00:02:07.027349 196: empty   0x0000000000000000 -> 0000000000000000 / 0000000000000000 / 0x000 RWXADS-2M/wr--/M phys-empty
00:02:07.027350 197: empty   0x0000000000000000 -> 0000000000000000 / 0000000000000000 / 0x000 RWXADSG2M/wr--/M phys-empty
00:02:07.027351 198: empty   0x0000000000000000 -> 0000000000000000 / 0000000000000000 / 0x000 RWXADS-2M/wr--/M phys-empty
00:02:07.027352 199: empty   0x0000000000000000 -> 0000000000000000 / 0000000000000000 / 0x000 RWXADSG2M/wr--/M phys-empty
00:02:07.027353 19a: empty   0x0000000000000000 -> 0000000000000000 / 0000000000000000 / 0x000 RWXADS-2M/wr--/M phys-empty
00:02:07.027354 19b: empty   0x0000000000000000 -> 0000000000000000 / 0000000000000000 / 0x000 RWXADSG2M/wr--/M phys-empty
00:02:07.027355 19c: empty   0x0000000000000000 -> 0000000000000000 / 0000000000000000 / 0x000 RWXADS-2M/wr--/M phys-empty
00:02:07.027356 19d: empty   0x0000000000000000 -> 0000000000000000 / 0000000000000000 / 0x000 RWXADSG2M/wr--/M phys-empty
00:02:07.027357 19e: empty   0x0000000000000000 -> 0000000000000000 / 0000000000000000 / 0x000 RWXADS-2M/wr--/M phys-empty
00:02:07.027358 19f: empty   0x0000000000000000 -> 0000000000000000 / 0000000000000000 / 0x000 RWXADSG2M/wr--/M phys-empty
00:02:07.027359 1a0: empty   0x0000000000000000 -> 0000000000000000 / 0000000000000000 / 0x000 RWXADS-2M/wr--/M phys-empty
00:02:07.027360 1a1: empty   0x0000000000000000 -> 0000000000000000 / 0000000000000000 / 0x000 RWXADSG2M/wr--/M phys-empty
00:02:07.027361 1a2: empty   0x0000000000000000 -> 0000000000000000 / 0000000000000000 / 0x000 RWXADS-2M/wr--/M phys-empty
00:02:07.027362 1a3: empty   0x0000000000000000 -> 0000000000000000 / 0000000000000000 / 0x000 RWXADSG2M/wr--/M phys-empty
00:02:07.027363 1a4: empty   0x0000000000000000 -> 0000000000000000 / 0000000000000000 / 0x000 RWXADS-2M/wr--/M phys-empty
00:02:07.027364 1a5: empty   0x0000000000000000 -> 0000000000000000 / 0000000000000000 / 0x000 RWXADSG2M/wr--/M phys-empty
00:02:07.027365 1a6: empty   0x0000000000000000 -> 0000000000000000 / 0000000000000000 / 0x000 RWXADS-2M/wr--/M phys-empty
00:02:07.027366 1a7: empty   0x0000000000000000 -> 0000000000000000 / 0000000000000000 / 0x000 RWXADSG2M/wr--/M phys-empty
00:02:07.027367 1a8: empty   0x0000000000000000 -> 0000000000000000 / 0000000000000000 / 0x000 RWXADS-2M/wr--/M phys-empty
00:02:07.027368 1a9: empty   0x0000000000000000 -> 0000000000000000 / 0000000000000000 / 0x000 RWXADSG2M/wr--/M phys-empty
00:02:07.027368 1aa: empty   0x0000000000000000 -> 0000000000000000 / 0000000000000000 / 0x000 RWXADS-2M/wr--/M phys-empty
00:02:07.027369 1ab: empty   0x0000000000000000 -> 0000000000000000 / 0000000000000000 / 0x000 RWXADSG2M/wr--/M phys-empty
00:02:07.027370 1ac: empty   0x0000000000000000 -> 0000000000000000 / 0000000000000000 / 0x000 RWXADS-2M/wr--/M phys-empty
00:02:07.027371 1ad: empty   0x0000000000000000 -> 0000000000000000 / 0000000000000000 / 0x000 RWXADSG2M/wr--/M phys-empty
00:02:07.027372 1ae: empty   0x0000000000000000 -> 0000000000000000 / 0000000000000000 / 0x000 RWXADS-2M/wr--/M phys-empty
00:02:07.027373 1af: empty   0x0000000000000000 -> 0000000000000000 / 0000000000000000 / 0x000 RWXADSG2M/wr--/M phys-empty
00:02:07.027374 1b0: empty   0x0000000000000000 -> 0000000000000000 / 0000000000000000 / 0x000 RWXADS-2M/wr--/M phys-empty
00:02:07.027375 1b1: empty   0x0000000000000000 -> 0000000000000000 / 0000000000000000 / 0x000 RWXADSG2M/wr--/M phys-empty
00:02:07.027376 1b2: empty   0x0000000000000000 -> 0000000000000000 / 0000000000000000 / 0x000 RWXADS-2M/wr--/M phys-empty
00:02:07.027377 1b3: empty   0x0000000000000000 -> 0000000000000000 / 0000000000000000 / 0x000 RWXADSG2M/wr--/M phys-empty
00:02:07.027378 1b4: empty   0x0000000000000000 -> 0000000000000000 / 0000000000000000 / 0x000 RWXADS-2M/wr--/M phys-empty
00:02:07.027379 1b5: empty   0x0000000000000000 -> 0000000000000000 / 0000000000000000 / 0x000 RWXADSG2M/wr--/M phys-empty
00:02:07.027380 1b6: empty   0x0000000000000000 -> 0000000000000000 / 0000000000000000 / 0x000 RWXADS-2M/wr--/M phys-empty
00:02:07.027381 1b7: empty   0x0000000000000000 -> 0000000000000000 / 0000000000000000 / 0x000 RWXADSG2M/wr--/M phys-empty
00:02:07.027382 1b8: empty   0x0000000000000000 -> 0000000000000000 / 0000000000000000 / 0x000 RWXADS-2M/wr--/M phys-empty
00:02:07.027383 1b9: empty   0x0000000000000000 -> 0000000000000000 / 0000000000000000 / 0x000 RWXADSG2M/wr--/M phys-empty
00:02:07.027384 1ba: empty   0x0000000000000000 -> 0000000000000000 / 0000000000000000 / 0x000 RWXADS-2M/wr--/M phys-empty
00:02:07.027385 1bb: empty   0x0000000000000000 -> 0000000000000000 / 0000000000000000 / 0x000 RWXADSG2M/wr--/M phys-empty
00:02:07.027386 1bc: empty   0x0000000000000000 -> 0000000000000000 / 0000000000000000 / 0x000 RWXADS-2M/wr--/M phys-empty
00:02:07.027387 1bd: empty   0x0000000000000000 -> 0000000000000000 / 0000000000000000 / 0x000 RWXADSG2M/wr--/M phys-empty
00:02:07.027387 1be: empty   0x0000000000000000 -> 0000000000000000 / 0000000000000000 / 0x000 RWXADS-2M/wr--/M phys-empty
00:02:07.027388 1bf: empty   0x0000000000000000 -> 0000000000000000 / 0000000000000000 / 0x000 RWXADSG2M/wr--/M phys-empty
00:02:07.027389 1c0: empty   0x0000000000000000 -> 0000000000000000 / 0000000000000000 / 0x000 RWXADS-2M/wr--/M phys-empty
00:02:07.027390 1c1: empty   0x0000000000000000 -> 0000000000000000 / 0000000000000000 / 0x000 RWXADSG2M/wr--/M phys-empty
00:02:07.027391 1c2: empty   0x0000000000000000 -> 0000000000000000 / 0000000000000000 / 0x000 RWXADS-2M/wr--/M phys-empty
00:02:07.027392 1c3: empty   0x0000000000000000 -> 0000000000000000 / 0000000000000000 / 0x000 RWXADSG2M/wr--/M phys-empty
00:02:07.027393 1c4: empty   0x0000000000000000 -> 0000000000000000 / 0000000000000000 / 0x000 RWXADS-2M/wr--/M phys-empty
00:02:07.027394 1c5: empty   0x0000000000000000 -> 0000000000000000 / 0000000000000000 / 0x000 RWXADSG2M/wr--/M phys-empty
00:02:07.027395 1c6: empty   0x0000000000000000 -> 0000000000000000 / 0000000000000000 / 0x000 RWXADS-2M/wr--/M phys-empty
00:02:07.027396 1c7: empty   0x0000000000000000 -> 0000000000000000 / 0000000000000000 / 0x000 RWXADSG2M/wr--/M phys-empty
00:02:07.027397 1c8: empty   0x0000000000000000 -> 0000000000000000 / 0000000000000000 / 0x000 RWXADS-2M/wr--/M phys-empty
00:02:07.027398 1c9: empty   0x0000000000000000 -> 0000000000000000 / 0000000000000000 / 0x000 RWXADSG2M/wr--/M phys-empty
00:02:07.027399 1ca: empty   0x0000000000000000 -> 0000000000000000 / 0000000000000000 / 0x000 RWXADS-2M/wr--/M phys-empty
00:02:07.027400 1cb: empty   0x0000000000000000 -> 0000000000000000 / 0000000000000000 / 0x000 RWXADSG2M/wr--/M phys-empty
00:02:07.027401 1cc: empty   0x0000000000000000 -> 0000000000000000 / 0000000000000000 / 0x000 RWXADS-2M/wr--/M phys-empty
00:02:07.027402 1cd: empty   0x0000000000000000 -> 0000000000000000 / 0000000000000000 / 0x000 RWXADSG2M/wr--/M phys-empty
00:02:07.027403 1ce: empty   0x0000000000000000 -> 0000000000000000 / 0000000000000000 / 0x000 RWXADS-2M/wr--/M phys-empty
00:02:07.027404 1cf: empty   0x0000000000000000 -> 0000000000000000 / 0000000000000000 / 0x000 RWXADSG2M/wr--/M phys-empty
00:02:07.027405 1d0: empty   0x0000000000000000 -> 0000000000000000 / 0000000000000000 / 0x000 RWXADS-2M/wr--/M phys-empty
00:02:07.027406 1d1: empty   0x0000000000000000 -> 0000000000000000 / 0000000000000000 / 0x000 RWXADSG2M/wr--/M phys-empty
00:02:07.027406 1d2: empty   0x0000000000000000 -> 0000000000000000 / 0000000000000000 / 0x000 RWXADS-2M/wr--/M phys-empty
00:02:07.027407 1d3: empty   0x0000000000000000 -> 0000000000000000 / 0000000000000000 / 0x000 RWXADSG2M/wr--/M phys-empty
00:02:07.027408 1d4: empty   0x0000000000000000 -> 0000000000000000 / 0000000000000000 / 0x000 RWXADS-2M/wr--/M phys-empty
00:02:07.027409 1d5: empty   0x0000000000000000 -> 0000000000000000 / 0000000000000000 / 0x000 RWXADSG2M/wr--/M phys-empty
00:02:07.027410 1d6: empty   0x0000000000000000 -> 0000000000000000 / 0000000000000000 / 0x000 RWXADS-2M/wr--/M phys-empty
00:02:07.027411 1d7: empty   0x0000000000000000 -> 0000000000000000 / 0000000000000000 / 0x000 RWXADSG2M/wr--/M phys-empty
00:02:07.027412 1d8: empty   0x0000000000000000 -> 0000000000000000 / 0000000000000000 / 0x000 RWXADS-2M/wr--/M phys-empty
00:02:07.027413 1d9: empty   0x0000000000000000 -> 0000000000000000 / 0000000000000000 / 0x000 RWXADSG2M/wr--/M phys-empty
00:02:07.027414 1da: empty   0x0000000000000000 -> 0000000000000000 / 0000000000000000 / 0x000 RWXADS-2M/wr--/M phys-empty
00:02:07.027415 1db: empty   0x0000000000000000 -> 0000000000000000 / 0000000000000000 / 0x000 RWXADSG2M/wr--/M phys-empty
00:02:07.027416 1dc: empty   0x0000000000000000 -> 0000000000000000 / 0000000000000000 / 0x000 RWXADS-2M/wr--/M phys-empty
00:02:07.027417 1dd: empty   0x0000000000000000 -> 0000000000000000 / 0000000000000000 / 0x000 RWXADSG2M/wr--/M phys-empty
00:02:07.027418 1de: empty   0x0000000000000000 -> 0000000000000000 / 0000000000000000 / 0x000 RWXADS-2M/wr--/M phys-empty
00:02:07.027419 1df: empty   0x0000000000000000 -> 0000000000000000 / 0000000000000000 / 0x000 RWXADSG2M/wr--/M phys-empty
00:02:07.027420 1e0: empty   0x0000000000000000 -> 0000000000000000 / 0000000000000000 / 0x000 RWXADS-2M/wr--/M phys-empty
00:02:07.027421 1e1: empty   0x0000000000000000 -> 0000000000000000 / 0000000000000000 / 0x000 RWXADSG2M/wr--/M phys-empty
00:02:07.027422 1e2: empty   0x0000000000000000 -> 0000000000000000 / 0000000000000000 / 0x000 RWXADS-2M/wr--/M phys-empty
00:02:07.027423 1e3: empty   0x0000000000000000 -> 0000000000000000 / 0000000000000000 / 0x000 RWXADSG2M/wr--/M phys-empty
00:02:07.027424 1e4: empty   0x0000000000000000 -> 0000000000000000 / 0000000000000000 / 0x000 RWXADS-2M/wr--/M phys-empty
00:02:07.027424 1e5: empty   0x0000000000000000 -> 0000000000000000 / 0000000000000000 / 0x000 RWXADSG2M/wr--/M phys-empty
00:02:07.027425 1e6: empty   0x0000000000000000 -> 0000000000000000 / 0000000000000000 / 0x000 RWXADS-2M/wr--/M phys-empty
00:02:07.027426 1e7: empty   0x0000000000000000 -> 0000000000000000 / 0000000000000000 / 0x000 RWXADSG2M/wr--/M phys-empty
00:02:07.027427 1e8: empty   0x0000000000000000 -> 0000000000000000 / 0000000000000000 / 0x000 RWXADS-2M/wr--/M phys-empty
00:02:07.027428 1e9: empty   0x0000000000000000 -> 0000000000000000 / 0000000000000000 / 0x000 RWXADSG2M/wr--/M phys-empty
00:02:07.027429 1ea: empty   0x0000000000000000 -> 0000000000000000 / 0000000000000000 / 0x000 RWXADS-2M/wr--/M phys-empty
00:02:07.027430 1eb: empty   0x0000000000000000 -> 0000000000000000 / 0000000000000000 / 0x000 RWXADSG2M/wr--/M phys-empty
00:02:07.027431 1ec: empty   0x0000000000000000 -> 0000000000000000 / 0000000000000000 / 0x000 RWXADS-2M/wr--/M phys-empty
00:02:07.027432 1ed: empty   0x0000000000000000 -> 0000000000000000 / 0000000000000000 / 0x000 RWXADSG2M/wr--/M phys-empty
00:02:07.027433 1ee: empty   0x0000000000000000 -> 0000000000000000 / 0000000000000000 / 0x000 RWXADS-2M/wr--/M phys-empty
00:02:07.027434 1ef: empty   0x0000000000000000 -> 0000000000000000 / 0000000000000000 / 0x000 RWXADSG2M/wr--/M phys-empty
00:02:07.027435 1f0: empty   0x0000000000000000 -> 0000000000000000 / 0000000000000000 / 0x000 RWXADS-2M/wr--/M phys-empty
00:02:07.027436 1f1: empty   0x0000000000000000 -> 0000000000000000 / 0000000000000000 / 0x000 RWXADSG2M/wr--/M phys-empty
00:02:07.027437 1f2: empty   0x0000000000000000 -> 0000000000000000 / 0000000000000000 / 0x000 RWXADS-2M/wr--/M phys-empty
00:02:07.027438 1f3: empty   0x0000000000000000 -> 0000000000000000 / 0000000000000000 / 0x000 RWXADSG2M/wr--/M phys-empty
00:02:07.027439 1f4: empty   0x0000000000000000 -> 0000000000000000 / 0000000000000000 / 0x000 RWXADS-2M/wr--/M phys-empty
00:02:07.027440 1f5: empty   0x0000000000000000 -> 0000000000000000 / 0000000000000000 / 0x000 RWXADSG2M/wr--/M phys-empty
00:02:07.027441 1f6: empty   0x0000000000000000 -> 0000000000000000 / 0000000000000000 / 0x000 RWXADS-2M/wr--/M phys-empty
00:02:07.027442 1f7: empty   0x0000000000000000 -> 0000000000000000 / 0000000000000000 / 0x000 RWXADSG2M/wr--/M phys-empty
00:02:07.027443 1f8: empty   0x0000000000000000 -> 0000000000000000 / 0000000000000000 / 0x000 RWXADS-2M/wr--/M phys-empty
00:02:07.027444 1f9: empty   0x0000000000000000 -> 0000000000000000 / 0000000000000000 / 0x000 RWXADSG2M/wr--/M phys-empty
00:02:07.027445 1fa: empty   0x0000000000000000 -> 0000000000000000 / 0000000000000000 / 0x000 RWXADS-2M/wr--/M phys-empty
00:02:07.027445 1fb: empty   0x0000000000000000 -> 0000000000000000 / 0000000000000000 / 0x000 RWXADSG2M/wr--/M phys-empty
00:02:07.027446 1fc: empty   0x0000000000000000 -> 0000000000000000 / 0000000000000000 / 0x000 RWXADS-2M/wr--/M phys-empty
00:02:07.027447 1fd: empty   0x0000000000000000 -> 0000000000000000 / 0000000000000000 / 0x000 RWXADSG2M/wr--/M phys-empty
00:02:07.027448 1fe: empty   0x0000000000000000 -> 0000000000000000 / 0000000000000000 / 0x000 RWXADS-2M/wr--/M phys-empty
00:02:07.027449 1ff: empty   0x0000000000000000 -> 0000000000000000 / 0000000000000000 / 0x000 RWXADSG2M/wr--/M phys-empty
00:02:07.027451 !!
00:02:07.027451 !! {e1k0}
00:02:07.027451 !!
00:02:07.027452 E1000 #0: port=d010 mmio=00000000f0000000 mac-cfg=08:00:27:bd:75:3c 82540EM R0
00:02:07.027456     CTRL = 48000249
00:02:07.027457   STATUS = 00000083
00:02:07.027458     EECD = 00000140
00:02:07.027458     EERD = 00000000
00:02:07.027458 CTRL_EXT = 00000000
00:02:07.027459      FLA = 00000000
00:02:07.027459     MDIC = 18350000
00:02:07.027460     FCAL = 00000000
00:02:07.027460     FCAH = 00000000
00:02:07.027460      FCT = 00000000
00:02:07.027460      VET = 00008100
00:02:07.027461      ICR = 00000000
00:02:07.027461      ITR = 000000c3
00:02:07.027461      ICS = 00000000
00:02:07.027461      IMS = 0000009d
00:02:07.027462      IMC = 00000000
00:02:07.027462     RCTL = 0000801a
00:02:07.027462    FCTTV = 00000000
00:02:07.027463     TXCW = 00000000
00:02:07.027463     RXCW = 00000000
00:02:07.027463     TCTL = 0103f0fa
00:02:07.027464     TIPG = 00602008
00:02:07.027464     AIFS = 00000000
00:02:07.027464   LEDCTL = 07068302
00:02:07.027464 EXTCNF_C = 00000000
00:02:07.027465      PBA = 00000000
00:02:07.027465    FCRTL = 00000000
00:02:07.027465    FCRTH = 00000000
00:02:07.027465   PSRCTL = 00040402
00:02:07.027466     RDFH = 00000000
00:02:07.027466     RDFT = 00000000
00:02:07.027466    RDFHS = 00000000
00:02:07.027467    RDFTS = 00000000
00:02:07.027467    RDFPC = 00000000
00:02:07.027467    RDBAL = 35494000
00:02:07.027467    RDBAH = 00000000
00:02:07.027468    RDLEN = 00001000
00:02:07.027468      RDH = 00000099
00:02:07.027468      RDT = 00000097
00:02:07.027468     RDTR = 00000000
00:02:07.027469   RXDCTL = 00000000
00:02:07.027469     RADV = 00000008
00:02:07.027469    RSRPD = 00000000
00:02:07.027469   TXDMAC = 00000000
00:02:07.027470     TDFH = 00000000
00:02:07.027470     TDFT = 00000000
00:02:07.027470    TDFHS = 00000000
00:02:07.027470    TDFTS = 00000000
00:02:07.027471    TDFPC = 00000000
00:02:07.027471    TDBAL = 35493000
00:02:07.027471    TDBAH = 00000000
00:02:07.027471    TDLEN = 00001000
00:02:07.027472      TDH = 0000009d
00:02:07.027472      TDT = 0000009d
00:02:07.027472     TIDV = 00000008
00:02:07.027472   TXDCTL = 01010000
00:02:07.027473     TADV = 00000020
00:02:07.027473    TSPMT = 01000400
00:02:07.027473  CRCERRS = 00000000
00:02:07.027473 ALGNERRC = 00000000
00:02:07.027474  SYMERRS = 00000000
00:02:07.027474   RXERRC = 00000000
00:02:07.027474      MPC = 00000000
00:02:07.027475      SCC = 00000000
00:02:07.027475     ECOL = 00000000
00:02:07.027475      MCC = 00000000
00:02:07.027476  LATECOL = 00000000
00:02:07.027476     COLC = 00000000
00:02:07.027476       DC = 00000000
00:02:07.027476    TNCRS = 00000000
00:02:07.027477      SEC = 00000000
00:02:07.027477  CEXTERR = 00000000
00:02:07.027477     RLEC = 00000000
00:02:07.027477   XONRXC = 00000000
00:02:07.027478   XONTXC = 00000000
00:02:07.027478  XOFFRXC = 00000000
00:02:07.027478  XOFFTXC = 00000000
00:02:07.027478    FCRUC = 00000000
00:02:07.027479    PRC64 = 0000000b
00:02:07.027479   PRC127 = 00000000
00:02:07.027479   PRC255 = 00000000
00:02:07.027479   PRC511 = 0000000e
00:02:07.027480  PRC1023 = 00000003
00:02:07.027480  PRC1522 = 00000000
00:02:07.027480     GPRC = 0000001c
00:02:07.027480     BPRC = 00000000
00:02:07.027480     MPRC = 0000000e
00:02:07.027481     GPTC = 00000010
00:02:07.027481    GORCL = 00001faf
00:02:07.027481    GORCH = 00000000
00:02:07.027481    GOTCL = 00001f50
00:02:07.027482    GOTCH = 00000000
00:02:07.027482     RNBC = 00000000
00:02:07.027482      RUC = 00000000
00:02:07.027482      RFC = 00000000
00:02:07.027483      ROC = 00000000
00:02:07.027483      RJC = 00000000
00:02:07.027483   MGTPRC = 00000000
00:02:07.027483   MGTPDC = 00000000
00:02:07.027484   MGTPTC = 00000000
00:02:07.027484     TORL = 00001f6b
00:02:07.027484     TORH = 00000000
00:02:07.027484     TOTL = 00001f50
00:02:07.027485     TOTH = 00000000
00:02:07.027485      TPR = 0000001c
00:02:07.027485      TPT = 00000010
00:02:07.027485    PTC64 = 00000000
00:02:07.027485   PTC127 = 0000000b
00:02:07.027486   PTC255 = 00000000
00:02:07.027486   PTC511 = 00000003
00:02:07.027486  PTC1023 = 00000000
00:02:07.027486  PTC1522 = 00000002
00:02:07.027487     MPTC = 00000000
00:02:07.027487     BPTC = 00000000
00:02:07.027487    TSCTC = 00000002
00:02:07.027487   TSCTFC = 00000000
00:02:07.027487   RXCSUM = 00000200
00:02:07.027488    RFCTL = 00000000
00:02:07.027488      WUC = 00000000
00:02:07.027488     WUFC = 00000000
00:02:07.027488      WUS = 00000000
00:02:07.027489     MANC = 00000000
00:02:07.027489     IPAV = 00000000
00:02:07.027489     WUPL = 00000000
00:02:07.027489 RA00: DST 08:00:27:bd:75:3c
00:02:07.027491 RA01: DST 01:00:5e:00:00:01
00:02:07.027491 
00:02:07.027491 -- Receive Descriptors (256 total) --
00:02:07.027493 0000000035494000: Address=        DC125000 Length=0245 Csum=0672
00:02:07.027495         STA: pif ipcs tcpcs vp ixsm eop dd ERR: rxe ipe tcpe ce SPECIAL: cfi VLAN=000 PRI=0
00:02:07.027497 0000000035494010: Address=        DC128000 Length=023C Csum=8A42
00:02:07.027498         STA: pif ipcs tcpcs vp ixsm eop dd ERR: rxe ipe tcpe ce SPECIAL: cfi VLAN=000 PRI=0
00:02:07.027499 0000000035494020: Address=        DBFF1000 Length=0040 Csum=3B5C
00:02:07.027500         STA: pif ipcs tcpcs vp ixsm eop dd ERR: rxe ipe tcpe ce SPECIAL: cfi VLAN=000 PRI=0
00:02:07.027501 0000000035494030: Address=        DC129800 Length=0244 Csum=EBCC
00:02:07.027501         STA: pif ipcs tcpcs vp ixsm eop dd ERR: rxe ipe tcpe ce SPECIAL: cfi VLAN=000 PRI=0
00:02:07.027503 0000000035494040: Address=        DC12A800 Length=0245 Csum=C001
00:02:07.027503         STA: pif ipcs tcpcs vp ixsm eop dd ERR: rxe ipe tcpe ce SPECIAL: cfi VLAN=000 PRI=0
00:02:07.027504 0000000035494050: Address=        DC071000 Length=0046 Csum=F3A9
00:02:07.027504         STA: pif ipcs tcpcs vp ixsm eop dd ERR: rxe ipe tcpe ce SPECIAL: cfi VLAN=000 PRI=0
00:02:07.027506 0000000035494060: Address=        DC071800 Length=0046 Csum=77C1
00:02:07.027506         STA: pif ipcs tcpcs vp ixsm eop dd ERR: rxe ipe tcpe ce SPECIAL: cfi VLAN=000 PRI=0
00:02:07.027507 0000000035494070: Address=        DC072000 Length=0040 Csum=518D
00:02:07.027507         STA: pif ipcs tcpcs vp ixsm eop dd ERR: rxe ipe tcpe ce SPECIAL: cfi VLAN=000 PRI=0
00:02:07.027509 0000000035494080: Address=        DC12C800 Length=0244 Csum=4CCD
00:02:07.027509         STA: pif ipcs tcpcs vp ixsm eop dd ERR: rxe ipe tcpe ce SPECIAL: cfi VLAN=000 PRI=0
00:02:07.027510 0000000035494090: Address=        DC073000 Length=0040 Csum=2AD5
00:02:07.027511         STA: pif ipcs tcpcs vp ixsm eop dd ERR: rxe ipe tcpe ce SPECIAL: cfi VLAN=000 PRI=0
00:02:07.027512 00000000354940a0: Address=        DC132800 Length=0245 Csum=E6D0
00:02:07.027512         STA: pif ipcs tcpcs vp ixsm eop dd ERR: rxe ipe tcpe ce SPECIAL: cfi VLAN=000 PRI=0
00:02:07.027514 00000000354940b0: Address=        DC074000 Length=0040 Csum=A2FF
00:02:07.027514         STA: pif ipcs tcpcs vp ixsm eop dd ERR: rxe ipe tcpe ce SPECIAL: cfi VLAN=000 PRI=0
00:02:07.027515 00000000354940c0: Address=        DC074800 Length=0040 Csum=D88A
00:02:07.027515         STA: pif ipcs tcpcs vp ixsm eop dd ERR: rxe ipe tcpe ce SPECIAL: cfi VLAN=000 PRI=0
00:02:07.027517 00000000354940d0: Address=        DC075000 Length=0040 Csum=4897
00:02:07.027517         STA: pif ipcs tcpcs vp ixsm eop dd ERR: rxe ipe tcpe ce SPECIAL: cfi VLAN=000 PRI=0
00:02:07.027518 00000000354940e0: Address=        DC075800 Length=0040 Csum=D4C7
00:02:07.027518         STA: pif ipcs tcpcs vp ixsm eop dd ERR: rxe ipe tcpe ce SPECIAL: cfi VLAN=000 PRI=0
00:02:07.027520 00000000354940f0: Address=        DC134800 Length=0175 Csum=803F
00:02:07.027520         STA: pif ipcs tcpcs vp ixsm eop dd ERR: rxe ipe tcpe ce SPECIAL: cfi VLAN=000 PRI=0
00:02:07.027521 0000000035494100: Address=        DC135000 Length=0175 Csum=E7C0
00:02:07.027521         STA: pif ipcs tcpcs vp ixsm eop dd ERR: rxe ipe tcpe ce SPECIAL: cfi VLAN=000 PRI=0
00:02:07.027523 0000000035494110: Address=        DC135800 Length=0175 Csum=C06B
00:02:07.027523         STA: pif ipcs tcpcs vp ixsm eop dd ERR: rxe ipe tcpe ce SPECIAL: cfi VLAN=000 PRI=0
00:02:07.027524 0000000035494120: Address=        DC136000 Length=0175 Csum=7E1D
00:02:07.027525         STA: pif ipcs tcpcs vp ixsm eop dd ERR: rxe ipe tcpe ce SPECIAL: cfi VLAN=000 PRI=0
00:02:07.027526 0000000035494130: Address=        DC136800 Length=017E Csum=CE20
00:02:07.027526         STA: pif ipcs tcpcs vp ixsm eop dd ERR: rxe ipe tcpe ce SPECIAL: cfi VLAN=000 PRI=0
00:02:07.027528 0000000035494140: Address=        DC137000 Length=017E Csum=7561
00:02:07.027528         STA: pif ipcs tcpcs vp ixsm eop dd ERR: rxe ipe tcpe ce SPECIAL: cfi VLAN=000 PRI=0
00:02:07.027529 0000000035494150: Address=        DC137800 Length=017E Csum=24B1
00:02:07.027530         STA: pif ipcs tcpcs vp ixsm eop dd ERR: rxe ipe tcpe ce SPECIAL: cfi VLAN=000 PRI=0
00:02:07.027531 0000000035494160: Address=        DC138000 Length=017E Csum=14F6
00:02:07.027531         STA: pif ipcs tcpcs vp ixsm eop dd ERR: rxe ipe tcpe ce SPECIAL: cfi VLAN=000 PRI=0
00:02:07.027532 0000000035494170: Address=        DC138800 Length=01B5 Csum=9EB6
00:02:07.027532         STA: pif ipcs tcpcs vp ixsm eop dd ERR: rxe ipe tcpe ce SPECIAL: cfi VLAN=000 PRI=0
00:02:07.027534 0000000035494180: Address=        DC139000 Length=01B5 Csum=5DC2
00:02:07.027534         STA: pif ipcs tcpcs vp ixsm eop dd ERR: rxe ipe tcpe ce SPECIAL: cfi VLAN=000 PRI=0
00:02:07.027535 0000000035494190: Address=        DC139800 Length=01B5 Csum=023D
00:02:07.027535         STA: pif ipcs tcpcs vp ixsm eop dd ERR: rxe ipe tcpe ce SPECIAL: cfi VLAN=000 PRI=0
00:02:07.027537 00000000354941a0: Address=        DC13A000 Length=01B5 Csum=6ACE
00:02:07.027537         STA: pif ipcs tcpcs vp ixsm eop dd ERR: rxe ipe tcpe ce SPECIAL: cfi VLAN=000 PRI=0
00:02:07.027538 00000000354941b0: Address=        DC13A800 Length=01BF Csum=1607
00:02:07.027538         STA: pif ipcs tcpcs vp ixsm eop dd ERR: rxe ipe tcpe ce SPECIAL: cfi VLAN=000 PRI=0
00:02:07.027540 00000000354941c0: Address=        DC13B000 Length=01BF Csum=5F51
00:02:07.027540         STA: pif ipcs tcpcs vp ixsm eop dd ERR: rxe ipe tcpe ce SPECIAL: cfi VLAN=000 PRI=0
00:02:07.027541 00000000354941d0: Address=        DC13B800 Length=01BF Csum=D357
00:02:07.027541         STA: pif ipcs tcpcs vp ixsm eop dd ERR: rxe ipe tcpe ce SPECIAL: cfi VLAN=000 PRI=0
00:02:07.027543 00000000354941e0: Address=        DC13C000 Length=01BF Csum=D508
00:02:07.027543         STA: pif ipcs tcpcs vp ixsm eop dd ERR: rxe ipe tcpe ce SPECIAL: cfi VLAN=000 PRI=0
00:02:07.027544 00000000354941f0: Address=        DC13F800 Length=0243 Csum=F437
00:02:07.027544         STA: pif ipcs tcpcs vp ixsm eop dd ERR: rxe ipe tcpe ce SPECIAL: cfi VLAN=000 PRI=0
00:02:07.027546 0000000035494200: Address=        DC000000 Length=0040 Csum=1CF8
00:02:07.027546         STA: pif ipcs tcpcs vp ixsm eop dd ERR: rxe ipe tcpe ce SPECIAL: cfi VLAN=000 PRI=0
00:02:07.027547 0000000035494210: Address=        DC000800 Length=0040 Csum=8ECC
00:02:07.027547         STA: pif ipcs tcpcs vp ixsm eop dd ERR: rxe ipe tcpe ce SPECIAL: cfi VLAN=000 PRI=0
00:02:07.027549 0000000035494220: Address=        DC07C000 Length=0040 Csum=3B4D
00:02:07.027549         STA: pif ipcs tcpcs vp ixsm eop dd ERR: rxe ipe tcpe ce SPECIAL: cfi VLAN=000 PRI=0
00:02:07.027550 0000000035494230: Address=        DC07C800 Length=0040 Csum=A2DE
00:02:07.027550         STA: pif ipcs tcpcs vp ixsm eop dd ERR: rxe ipe tcpe ce SPECIAL: cfi VLAN=000 PRI=0
00:02:07.027552 0000000035494240: Address=        DC07D000 Length=0040 Csum=87D8
00:02:07.027552         STA: pif ipcs tcpcs vp ixsm eop dd ERR: rxe ipe tcpe ce SPECIAL: cfi VLAN=000 PRI=0
00:02:07.027553 0000000035494250: Address=        DC07D800 Length=0040 Csum=1FA0
00:02:07.027553         STA: pif ipcs tcpcs vp ixsm eop dd ERR: rxe ipe tcpe ce SPECIAL: cfi VLAN=000 PRI=0
00:02:07.027554 0000000035494260: Address=        DC07E000 Length=0040 Csum=3869
00:02:07.027555         STA: pif ipcs tcpcs vp ixsm eop dd ERR: rxe ipe tcpe ce SPECIAL: cfi VLAN=000 PRI=0
00:02:07.027556 0000000035494270: Address=        DC07E800 Length=0040 Csum=72E5
00:02:07.027556         STA: pif ipcs tcpcs vp ixsm eop dd ERR: rxe ipe tcpe ce SPECIAL: cfi VLAN=000 PRI=0
00:02:07.027557 0000000035494280: Address=        DC146800 Length=0243 Csum=6055
00:02:07.027558         STA: pif ipcs tcpcs vp ixsm eop dd ERR: rxe ipe tcpe ce SPECIAL: cfi VLAN=000 PRI=0
00:02:07.027559 0000000035494290: Address=        DC07F800 Length=0040 Csum=0EC1
00:02:07.027559         STA: pif ipcs tcpcs vp ixsm eop dd ERR: rxe ipe tcpe ce SPECIAL: cfi VLAN=000 PRI=0
00:02:07.027561 00000000354942a0: Address=        DC005000 Length=005E Csum=A029
00:02:07.027561         STA: pif ipcs tcpcs vp ixsm eop dd ERR: rxe ipe tcpe ce SPECIAL: cfi VLAN=000 PRI=0
00:02:07.027562 00000000354942b0: Address=        DC005800 Length=005E Csum=6FFA
00:02:07.027562         STA: pif ipcs tcpcs vp ixsm eop dd ERR: rxe ipe tcpe ce SPECIAL: cfi VLAN=000 PRI=0
00:02:07.027563 00000000354942c0: Address=        DC14A800 Length=0243 Csum=CB0B
00:02:07.027564         STA: pif ipcs tcpcs vp ixsm eop dd ERR: rxe ipe tcpe ce SPECIAL: cfi VLAN=000 PRI=0
00:02:07.027565 00000000354942d0: Address=        DC006800 Length=0040 Csum=4E3A
00:02:07.027565         STA: pif ipcs tcpcs vp ixsm eop dd ERR: rxe ipe tcpe ce SPECIAL: cfi VLAN=000 PRI=0
00:02:07.027567 00000000354942e0: Address=        DC080000 Length=005E Csum=7E00
00:02:07.027567         STA: pif ipcs tcpcs vp ixsm eop dd ERR: rxe ipe tcpe ce SPECIAL: cfi VLAN=000 PRI=0
00:02:07.027568 00000000354942f0: Address=        DC080800 Length=005E Csum=A077
00:02:07.027568         STA: pif ipcs tcpcs vp ixsm eop dd ERR: rxe ipe tcpe ce SPECIAL: cfi VLAN=000 PRI=0
00:02:07.027569 0000000035494300: Address=        DC081000 Length=005E Csum=D099
00:02:07.027570         STA: pif ipcs tcpcs vp ixsm eop dd ERR: rxe ipe tcpe ce SPECIAL: cfi VLAN=000 PRI=0
00:02:07.027571 0000000035494310: Address=        DC081800 Length=0040 Csum=50D1
00:02:07.027571         STA: pif ipcs tcpcs vp ixsm eop dd ERR: rxe ipe tcpe ce SPECIAL: cfi VLAN=000 PRI=0
00:02:07.027572 0000000035494320: Address=        DC14F800 Length=0243 Csum=603C
00:02:07.027573         STA: pif ipcs tcpcs vp ixsm eop dd ERR: rxe ipe tcpe ce SPECIAL: cfi VLAN=000 PRI=0
00:02:07.027574 0000000035494330: Address=        DC082000 Length=0040 Csum=BD58
00:02:07.027574         STA: pif ipcs tcpcs vp ixsm eop dd ERR: rxe ipe tcpe ce SPECIAL: cfi VLAN=000 PRI=0
00:02:07.027576 0000000035494340: Address=        DC150000 Length=0175 Csum=C140
00:02:07.027576         STA: pif ipcs tcpcs vp ixsm eop dd ERR: rxe ipe tcpe ce SPECIAL: cfi VLAN=000 PRI=0
00:02:07.027577 0000000035494350: Address=        DC150800 Length=0175 Csum=A19C
00:02:07.027577         STA: pif ipcs tcpcs vp ixsm eop dd ERR: rxe ipe tcpe ce SPECIAL: cfi VLAN=000 PRI=0
00:02:07.027579 0000000035494360: Address=        DC151000 Length=0175 Csum=5614
00:02:07.027579         STA: pif ipcs tcpcs vp ixsm eop dd ERR: rxe ipe tcpe ce SPECIAL: cfi VLAN=000 PRI=0
00:02:07.027580 0000000035494370: Address=        DC151800 Length=0175 Csum=5866
00:02:07.027580         STA: pif ipcs tcpcs vp ixsm eop dd ERR: rxe ipe tcpe ce SPECIAL: cfi VLAN=000 PRI=0
00:02:07.027582 0000000035494380: Address=        DC152000 Length=017E Csum=6B44
00:02:07.027582         STA: pif ipcs tcpcs vp ixsm eop dd ERR: rxe ipe tcpe ce SPECIAL: cfi VLAN=000 PRI=0
00:02:07.027583 0000000035494390: Address=        DC152800 Length=017E Csum=FFFC
00:02:07.027583         STA: pif ipcs tcpcs vp ixsm eop dd ERR: rxe ipe tcpe ce SPECIAL: cfi VLAN=000 PRI=0
00:02:07.027585 00000000354943a0: Address=        DC153000 Length=017E Csum=AA95
00:02:07.027585         STA: pif ipcs tcpcs vp ixsm eop dd ERR: rxe ipe tcpe ce SPECIAL: cfi VLAN=000 PRI=0
00:02:07.027586 00000000354943b0: Address=        DC153800 Length=017E Csum=872D
00:02:07.027586         STA: pif ipcs tcpcs vp ixsm eop dd ERR: rxe ipe tcpe ce SPECIAL: cfi VLAN=000 PRI=0
00:02:07.027588 00000000354943c0: Address=        DC154000 Length=01B5 Csum=1F80
00:02:07.027588         STA: pif ipcs tcpcs vp ixsm eop dd ERR: rxe ipe tcpe ce SPECIAL: cfi VLAN=000 PRI=0
00:02:07.027589 00000000354943d0: Address=        DC154800 Length=01B5 Csum=C1FB
00:02:07.027590         STA: pif ipcs tcpcs vp ixsm eop dd ERR: rxe ipe tcpe ce SPECIAL: cfi VLAN=000 PRI=0
00:02:07.027591 00000000354943e0: Address=        DC155000 Length=01B5 Csum=E854
00:02:07.027591         STA: pif ipcs tcpcs vp ixsm eop dd ERR: rxe ipe tcpe ce SPECIAL: cfi VLAN=000 PRI=0
00:02:07.027592 00000000354943f0: Address=        DC156800 Length=01B5 Csum=766F
00:02:07.027593         STA: pif ipcs tcpcs vp ixsm eop dd ERR: rxe ipe tcpe ce SPECIAL: cfi VLAN=000 PRI=0
00:02:07.027594 0000000035494400: Address=        DC158800 Length=0243 Csum=D422
00:02:07.027594         STA: pif ipcs tcpcs vp ixsm eop dd ERR: rxe ipe tcpe ce SPECIAL: cfi VLAN=000 PRI=0
00:02:07.027595 0000000035494410: Address=        DC010800 Length=0040 Csum=6678
00:02:07.027595         STA: pif ipcs tcpcs vp ixsm eop dd ERR: rxe ipe tcpe ce SPECIAL: cfi VLAN=000 PRI=0
00:02:07.027597 0000000035494420: Address=        DC159000 Length=01BF Csum=1604
00:02:07.027597         STA: pif ipcs tcpcs vp ixsm eop dd ERR: rxe ipe tcpe ce SPECIAL: cfi VLAN=000 PRI=0
00:02:07.027598 0000000035494430: Address=        DC159800 Length=01BF Csum=98B2
00:02:07.027598         STA: pif ipcs tcpcs vp ixsm eop dd ERR: rxe ipe tcpe ce SPECIAL: cfi VLAN=000 PRI=0
00:02:07.027600 0000000035494440: Address=        DC15A000 Length=01BF Csum=283E
00:02:07.027600         STA: pif ipcs tcpcs vp ixsm eop dd ERR: rxe ipe tcpe ce SPECIAL: cfi VLAN=000 PRI=0
00:02:07.027601 0000000035494450: Address=        DC15A800 Length=01BF Csum=0836
00:02:07.027601         STA: pif ipcs tcpcs vp ixsm eop dd ERR: rxe ipe tcpe ce SPECIAL: cfi VLAN=000 PRI=0
00:02:07.027603 0000000035494460: Address=        DC013000 Length=005A Csum=CDF5
00:02:07.027603         STA: pif ipcs tcpcs vp ixsm eop dd ERR: rxe ipe tcpe ce SPECIAL: cfi VLAN=000 PRI=0
00:02:07.027604 0000000035494470: Address=        DC013800 Length=005A Csum=CDF5
00:02:07.027605         STA: pif ipcs tcpcs vp ixsm eop dd ERR: rxe ipe tcpe ce SPECIAL: cfi VLAN=000 PRI=0
00:02:07.027606 0000000035494480: Address=        DC014000 Length=005A Csum=CDF5
00:02:07.027606         STA: pif ipcs tcpcs vp ixsm eop dd ERR: rxe ipe tcpe ce SPECIAL: cfi VLAN=000 PRI=0
00:02:07.027607 0000000035494490: Address=        DC014800 Length=005A Csum=CDF5
00:02:07.027608         STA: pif ipcs tcpcs vp ixsm eop dd ERR: rxe ipe tcpe ce SPECIAL: cfi VLAN=000 PRI=0
00:02:07.027609 00000000354944a0: Address=        DC015000 Length=005A Csum=9863
00:02:07.027609         STA: pif ipcs tcpcs vp ixsm eop dd ERR: rxe ipe tcpe ce SPECIAL: cfi VLAN=000 PRI=0
00:02:07.027610 00000000354944b0: Address=        DC015800 Length=005A Csum=9863
00:02:07.027611         STA: pif ipcs tcpcs vp ixsm eop dd ERR: rxe ipe tcpe ce SPECIAL: cfi VLAN=000 PRI=0
00:02:07.027612 00000000354944c0: Address=        DC016000 Length=005A Csum=9863
00:02:07.027612         STA: pif ipcs tcpcs vp ixsm eop dd ERR: rxe ipe tcpe ce SPECIAL: cfi VLAN=000 PRI=0
00:02:07.027614 00000000354944d0: Address=        DC016800 Length=005A Csum=9863
00:02:07.027614         STA: pif ipcs tcpcs vp ixsm eop dd ERR: rxe ipe tcpe ce SPECIAL: cfi VLAN=000 PRI=0
00:02:07.027615 00000000354944e0: Address=        DC017000 Length=005A Csum=110E
00:02:07.027615         STA: pif ipcs tcpcs vp ixsm eop dd ERR: rxe ipe tcpe ce SPECIAL: cfi VLAN=000 PRI=0
00:02:07.027617 00000000354944f0: Address=        DC15E000 Length=0243 Csum=4B32
00:02:07.027617         STA: pif ipcs tcpcs vp ixsm eop dd ERR: rxe ipe tcpe ce SPECIAL: cfi VLAN=000 PRI=0
00:02:07.027618 0000000035494500: Address=        DC018000 Length=0040 Csum=BC3D
00:02:07.027618         STA: pif ipcs tcpcs vp ixsm eop dd ERR: rxe ipe tcpe ce SPECIAL: cfi VLAN=000 PRI=0
00:02:07.027619 0000000035494510: Address=        DC018800 Length=005A Csum=1C50
00:02:07.027620         STA: pif ipcs tcpcs vp ixsm eop dd ERR: rxe ipe tcpe ce SPECIAL: cfi VLAN=000 PRI=0
00:02:07.027621 0000000035494520: Address=        DC019000 Length=005A Csum=286F
00:02:07.027621         STA: pif ipcs tcpcs vp ixsm eop dd ERR: rxe ipe tcpe ce SPECIAL: cfi VLAN=000 PRI=0
00:02:07.027622 0000000035494530: Address=        DC019800 Length=005A Csum=286F
00:02:07.027623         STA: pif ipcs tcpcs vp ixsm eop dd ERR: rxe ipe tcpe ce SPECIAL: cfi VLAN=000 PRI=0
00:02:07.027624 0000000035494540: Address=        DC01A000 Length=005A Csum=286F
00:02:07.027624         STA: pif ipcs tcpcs vp ixsm eop dd ERR: rxe ipe tcpe ce SPECIAL: cfi VLAN=000 PRI=0
00:02:07.027626 0000000035494550: Address=        DC01A800 Length=005A Csum=286F
00:02:07.027626         STA: pif ipcs tcpcs vp ixsm eop dd ERR: rxe ipe tcpe ce SPECIAL: cfi VLAN=000 PRI=0
00:02:07.027627 0000000035494560: Address=        DC160000 Length=0243 Csum=076D
00:02:07.027627         STA: pif ipcs tcpcs vp ixsm eop dd ERR: rxe ipe tcpe ce SPECIAL: cfi VLAN=000 PRI=0
00:02:07.027629 0000000035494570: Address=        DC01B800 Length=0040 Csum=DC75
00:02:07.027629         STA: pif ipcs tcpcs vp ixsm eop dd ERR: rxe ipe tcpe ce SPECIAL: cfi VLAN=000 PRI=0
00:02:07.027630 0000000035494580: Address=        DC01C000 Length=0040 Csum=87D8
00:02:07.027630         STA: pif ipcs tcpcs vp ixsm eop dd ERR: rxe ipe tcpe ce SPECIAL: cfi VLAN=000 PRI=0
00:02:07.027632 0000000035494590: Address=        DC01C800 Length=005E Csum=1EB1
00:02:07.027632         STA: pif ipcs tcpcs vp ixsm eop dd ERR: rxe ipe tcpe ce SPECIAL: cfi VLAN=000 PRI=0
00:02:07.027633 00000000354945a0: Address=        DC01D000 Length=005E Csum=4B73
00:02:07.027633         STA: pif ipcs tcpcs vp ixsm eop dd ERR: rxe ipe tcpe ce SPECIAL: cfi VLAN=000 PRI=0
00:02:07.027634 00000000354945b0: Address=        DC01D800 Length=005E Csum=BBA7
00:02:07.027635         STA: pif ipcs tcpcs vp ixsm eop dd ERR: rxe ipe tcpe ce SPECIAL: cfi VLAN=000 PRI=0
00:02:07.027636 00000000354945c0: Address=        DC01E000 Length=005E Csum=AF34
00:02:07.027637         STA: pif ipcs tcpcs vp ixsm eop dd ERR: rxe ipe tcpe ce SPECIAL: cfi VLAN=000 PRI=0
00:02:07.027638 00000000354945d0: Address=        DC01E800 Length=005E Csum=9821
00:02:07.027638         STA: pif ipcs tcpcs vp ixsm eop dd ERR: rxe ipe tcpe ce SPECIAL: cfi VLAN=000 PRI=0
00:02:07.027639 00000000354945e0: Address=        DC165800 Length=0243 Csum=1914
00:02:07.027639         STA: pif ipcs tcpcs vp ixsm eop dd ERR: rxe ipe tcpe ce SPECIAL: cfi VLAN=000 PRI=0
00:02:07.027641 00000000354945f0: Address=        DC01F800 Length=0040 Csum=125F
00:02:07.027641         STA: pif ipcs tcpcs vp ixsm eop dd ERR: rxe ipe tcpe ce SPECIAL: cfi VLAN=000 PRI=0
00:02:07.027642 0000000035494600: Address=        DC020000 Length=005E Csum=EEB5
00:02:07.027643         STA: pif ipcs tcpcs vp ixsm eop dd ERR: rxe ipe tcpe ce SPECIAL: cfi VLAN=000 PRI=0
00:02:07.027644 0000000035494610: Address=        DC168000 Length=052C Csum=E654
00:02:07.027644         STA: pif ipcs tcpcs vp ixsm eop dd ERR: rxe ipe tcpe ce SPECIAL: cfi VLAN=000 PRI=0
00:02:07.027646 0000000035494620: Address=        DC021000 Length=005E Csum=554C
00:02:07.027646         STA: pif ipcs tcpcs vp ixsm eop dd ERR: rxe ipe tcpe ce SPECIAL: cfi VLAN=000 PRI=0
00:02:07.027647 0000000035494630: Address=        DC16A000 Length=0246 Csum=EDE7
00:02:07.027647         STA: pif ipcs tcpcs vp ixsm eop dd ERR: rxe ipe tcpe ce SPECIAL: cfi VLAN=000 PRI=0
00:02:07.027649 0000000035494640: Address=        DC022000 Length=0046 Csum=A6F9
00:02:07.027649         STA: pif ipcs tcpcs vp ixsm eop dd ERR: rxe ipe tcpe ce SPECIAL: cfi VLAN=000 PRI=0
00:02:07.027650 0000000035494650: Address=        DC022800 Length=0046 Csum=6D5A
00:02:07.027650         STA: pif ipcs tcpcs vp ixsm eop dd ERR: rxe ipe tcpe ce SPECIAL: cfi VLAN=000 PRI=0
00:02:07.027652 0000000035494660: Address=        DC023000 Length=0046 Csum=8BED
00:02:07.027652         STA: pif ipcs tcpcs vp ixsm eop dd ERR: rxe ipe tcpe ce SPECIAL: cfi VLAN=000 PRI=0
00:02:07.027653 0000000035494670: Address=        DC023800 Length=0046 Csum=152E
00:02:07.027653         STA: pif ipcs tcpcs vp ixsm eop dd ERR: rxe ipe tcpe ce SPECIAL: cfi VLAN=000 PRI=0
00:02:07.027654 0000000035494680: Address=        DC024000 Length=0040 Csum=DB22
00:02:07.027655         STA: pif ipcs tcpcs vp ixsm eop dd ERR: rxe ipe tcpe ce SPECIAL: cfi VLAN=000 PRI=0
00:02:07.027656 0000000035494690: Address=        DC16D000 Length=0243 Csum=35B2
00:02:07.027656         STA: pif ipcs tcpcs vp ixsm eop dd ERR: rxe ipe tcpe ce SPECIAL: cfi VLAN=000 PRI=0
00:02:07.027657 00000000354946a0: Address=        DC025000 Length=0040 Csum=0FA6
00:02:07.027658         STA: pif ipcs tcpcs vp ixsm eop dd ERR: rxe ipe tcpe ce SPECIAL: cfi VLAN=000 PRI=0
00:02:07.027659 00000000354946b0: Address=        DC025800 Length=0040 Csum=3D08
00:02:07.027659         STA: pif ipcs tcpcs vp ixsm eop dd ERR: rxe ipe tcpe ce SPECIAL: cfi VLAN=000 PRI=0
00:02:07.027660 00000000354946c0: Address=        DC026000 Length=0040 Csum=F06E
00:02:07.027661         STA: pif ipcs tcpcs vp ixsm eop dd ERR: rxe ipe tcpe ce SPECIAL: cfi VLAN=000 PRI=0
00:02:07.027662 00000000354946d0: Address=        DC16E800 Length=0246 Csum=9886
00:02:07.027662         STA: pif ipcs tcpcs vp ixsm eop dd ERR: rxe ipe tcpe ce SPECIAL: cfi VLAN=000 PRI=0
00:02:07.027663 00000000354946e0: Address=        DC16F000 Length=0249 Csum=8445
00:02:07.027664         STA: pif ipcs tcpcs vp ixsm eop dd ERR: rxe ipe tcpe ce SPECIAL: cfi VLAN=000 PRI=0
00:02:07.027665 00000000354946f0: Address=        DC172800 Length=023D Csum=A780
00:02:07.027665         STA: pif ipcs tcpcs vp ixsm eop dd ERR: rxe ipe tcpe ce SPECIAL: cfi VLAN=000 PRI=0
00:02:07.027666 0000000035494700: Address=        DC028000 Length=0040 Csum=7634
00:02:07.027667         STA: pif ipcs tcpcs vp ixsm eop dd ERR: rxe ipe tcpe ce SPECIAL: cfi VLAN=000 PRI=0
00:02:07.027668 0000000035494710: Address=        DC028800 Length=0040 Csum=D8C0
00:02:07.027668         STA: pif ipcs tcpcs vp ixsm eop dd ERR: rxe ipe tcpe ce SPECIAL: cfi VLAN=000 PRI=0
00:02:07.027669 0000000035494720: Address=        DC029000 Length=0040 Csum=5356
00:02:07.027670         STA: pif ipcs tcpcs vp ixsm eop dd ERR: rxe ipe tcpe ce SPECIAL: cfi VLAN=000 PRI=0
00:02:07.027671 0000000035494730: Address=        DC029800 Length=0040 Csum=8D61
00:02:07.027671         STA: pif ipcs tcpcs vp ixsm eop dd ERR: rxe ipe tcpe ce SPECIAL: cfi VLAN=000 PRI=0
00:02:07.027673 0000000035494740: Address=        DC02A000 Length=0040 Csum=D695
00:02:07.027673         STA: pif ipcs tcpcs vp ixsm eop dd ERR: rxe ipe tcpe ce SPECIAL: cfi VLAN=000 PRI=0
00:02:07.027674 0000000035494750: Address=        DC176000 Length=0243 Csum=BDBB
00:02:07.027675         STA: pif ipcs tcpcs vp ixsm eop dd ERR: rxe ipe tcpe ce SPECIAL: cfi VLAN=000 PRI=0
00:02:07.027676 0000000035494760: Address=        DC178800 Length=0246 Csum=A358
00:02:07.027676         STA: pif ipcs tcpcs vp ixsm eop dd ERR: rxe ipe tcpe ce SPECIAL: cfi VLAN=000 PRI=0
00:02:07.027677 0000000035494770: Address=        DC02B800 Length=0040 Csum=E0FB
00:02:07.027677         STA: pif ipcs tcpcs vp ixsm eop dd ERR: rxe ipe tcpe ce SPECIAL: cfi VLAN=000 PRI=0
00:02:07.027679 0000000035494780: Address=        DC02C000 Length=0040 Csum=FFC5
00:02:07.027679         STA: pif ipcs tcpcs vp ixsm eop dd ERR: rxe ipe tcpe ce SPECIAL: cfi VLAN=000 PRI=0
00:02:07.027680 0000000035494790: Address=        DC02C800 Length=005E Csum=440F
00:02:07.027681         STA: pif ipcs tcpcs vp ixsm eop dd ERR: rxe ipe tcpe ce SPECIAL: cfi VLAN=000 PRI=0
00:02:07.027682 00000000354947a0: Address=        DC17B000 Length=0250 Csum=ECAA
00:02:07.027682         STA: pif ipcs tcpcs vp ixsm eop dd ERR: rxe ipe tcpe ce SPECIAL: cfi VLAN=000 PRI=0
00:02:07.027683 00000000354947b0: Address=        DC02D800 Length=0040 Csum=A4D6
00:02:07.027684         STA: pif ipcs tcpcs vp ixsm eop dd ERR: rxe ipe tcpe ce SPECIAL: cfi VLAN=000 PRI=0
00:02:07.027685 00000000354947c0: Address=        DC02E000 Length=0040 Csum=BDA4
00:02:07.027685         STA: pif ipcs tcpcs vp ixsm eop dd ERR: rxe ipe tcpe ce SPECIAL: cfi VLAN=000 PRI=0
00:02:07.027686 00000000354947d0: Address=        DC17F000 Length=0243 Csum=C428
00:02:07.027687         STA: pif ipcs tcpcs vp ixsm eop dd ERR: rxe ipe tcpe ce SPECIAL: cfi VLAN=000 PRI=0
00:02:07.027688 00000000354947e0: Address=        DC02F000 Length=0040 Csum=D7D1
00:02:07.027688         STA: pif ipcs tcpcs vp ixsm eop dd ERR: rxe ipe tcpe ce SPECIAL: cfi VLAN=000 PRI=0
00:02:07.027689 00000000354947f0: Address=        DC17F800 Length=0175 Csum=2F74
00:02:07.027690         STA: pif ipcs tcpcs vp ixsm eop dd ERR: rxe ipe tcpe ce SPECIAL: cfi VLAN=000 PRI=0
00:02:07.027691 0000000035494800: Address=        DC180000 Length=0175 Csum=442D
00:02:07.027691         STA: pif ipcs tcpcs vp ixsm eop dd ERR: rxe ipe tcpe ce SPECIAL: cfi VLAN=000 PRI=0
00:02:07.027693 0000000035494810: Address=        DC180800 Length=0175 Csum=F436
00:02:07.027693         STA: pif ipcs tcpcs vp ixsm eop dd ERR: rxe ipe tcpe ce SPECIAL: cfi VLAN=000 PRI=0
00:02:07.027694 0000000035494820: Address=        DC182800 Length=0175 Csum=4679
00:02:07.027694         STA: pif ipcs tcpcs vp ixsm eop dd ERR: rxe ipe tcpe ce SPECIAL: cfi VLAN=000 PRI=0
00:02:07.027696 0000000035494830: Address=        DC031800 Length=0040 Csum=C1DC
00:02:07.027696         STA: pif ipcs tcpcs vp ixsm eop dd ERR: rxe ipe tcpe ce SPECIAL: cfi VLAN=000 PRI=0
00:02:07.027697 0000000035494840: Address=        DC0AD800 Length=0040 Csum=DA6C
00:02:07.027697         STA: pif ipcs tcpcs vp ixsm eop dd ERR: rxe ipe tcpe ce SPECIAL: cfi VLAN=000 PRI=0
00:02:07.027699 0000000035494850: Address=        DC032800 Length=0040 Csum=26B4
00:02:07.027699         STA: pif ipcs tcpcs vp ixsm eop dd ERR: rxe ipe tcpe ce SPECIAL: cfi VLAN=000 PRI=0
00:02:07.027700 0000000035494860: Address=        DC183800 Length=017E Csum=2DA0
00:02:07.027701         STA: pif ipcs tcpcs vp ixsm eop dd ERR: rxe ipe tcpe ce SPECIAL: cfi VLAN=000 PRI=0
00:02:07.027702 0000000035494870: Address=        DC184800 Length=017E Csum=4296
00:02:07.027702         STA: pif ipcs tcpcs vp ixsm eop dd ERR: rxe ipe tcpe ce SPECIAL: cfi VLAN=000 PRI=0
00:02:07.027703 0000000035494880: Address=        DC034000 Length=0040 Csum=9892
00:02:07.027704         STA: pif ipcs tcpcs vp ixsm eop dd ERR: rxe ipe tcpe ce SPECIAL: cfi VLAN=000 PRI=0
00:02:07.027705 0000000035494890: Address=        DC185000 Length=017E Csum=7A68
00:02:07.027705         STA: pif ipcs tcpcs vp ixsm eop dd ERR: rxe ipe tcpe ce SPECIAL: cfi VLAN=000 PRI=0
00:02:07.027706 00000000354948a0: Address=        DC185800 Length=017E Csum=7E09
00:02:07.027707         STA: pif ipcs tcpcs vp ixsm eop dd ERR: rxe ipe tcpe ce SPECIAL: cfi VLAN=000 PRI=0
00:02:07.027708 00000000354948b0: Address=        DC186000 Length=01B5 Csum=519C
00:02:07.027708         STA: pif ipcs tcpcs vp ixsm eop dd ERR: rxe ipe tcpe ce SPECIAL: cfi VLAN=000 PRI=0
00:02:07.027709 00000000354948c0: Address=        DC189000 Length=01B5 Csum=622A
00:02:07.027709         STA: pif ipcs tcpcs vp ixsm eop dd ERR: rxe ipe tcpe ce SPECIAL: cfi VLAN=000 PRI=0
00:02:07.027711 00000000354948d0: Address=        DC036800 Length=0040 Csum=7A71
00:02:07.027711         STA: pif ipcs tcpcs vp ixsm eop dd ERR: rxe ipe tcpe ce SPECIAL: cfi VLAN=000 PRI=0
00:02:07.027712 00000000354948e0: Address=        DC037000 Length=0040 Csum=FA02
00:02:07.027713         STA: pif ipcs tcpcs vp ixsm eop dd ERR: rxe ipe tcpe ce SPECIAL: cfi VLAN=000 PRI=0
00:02:07.027714 00000000354948f0: Address=        DC037800 Length=0040 Csum=9A52
00:02:07.027714         STA: pif ipcs tcpcs vp ixsm eop dd ERR: rxe ipe tcpe ce SPECIAL: cfi VLAN=000 PRI=0
00:02:07.027716 0000000035494900: Address=        DC038000 Length=0040 Csum=68F6
00:02:07.027716         STA: pif ipcs tcpcs vp ixsm eop dd ERR: rxe ipe tcpe ce SPECIAL: cfi VLAN=000 PRI=0
00:02:07.027717 0000000035494910: Address=        DC18C000 Length=0243 Csum=B15B
00:02:07.027717         STA: pif ipcs tcpcs vp ixsm eop dd ERR: rxe ipe tcpe ce SPECIAL: cfi VLAN=000 PRI=0
00:02:07.027719 0000000035494920: Address=        DC039000 Length=0040 Csum=79DE
00:02:07.027719         STA: pif ipcs tcpcs vp ixsm eop dd ERR: rxe ipe tcpe ce SPECIAL: cfi VLAN=000 PRI=0
00:02:07.027720 0000000035494930: Address=        DC18D800 Length=024B Csum=F730
00:02:07.027720         STA: pif ipcs tcpcs vp ixsm eop dd ERR: rxe ipe tcpe ce SPECIAL: cfi VLAN=000 PRI=0
00:02:07.027722 0000000035494940: Address=        DC18E000 Length=01B5 Csum=210A
00:02:07.027722         STA: pif ipcs tcpcs vp ixsm eop dd ERR: rxe ipe tcpe ce SPECIAL: cfi VLAN=000 PRI=0
00:02:07.027723 0000000035494950: Address=        DC18F000 Length=01B5 Csum=7B2F
00:02:07.027724         STA: pif ipcs tcpcs vp ixsm eop dd ERR: rxe ipe tcpe ce SPECIAL: cfi VLAN=000 PRI=0
00:02:07.027725 0000000035494960: Address=        DC18F800 Length=01BF Csum=42B3
00:02:07.027725         STA: pif ipcs tcpcs vp ixsm eop dd ERR: rxe ipe tcpe ce SPECIAL: cfi VLAN=000 PRI=0
00:02:07.027726 0000000035494970: Address=        DC190000 Length=01BF Csum=F13C
00:02:07.027726         STA: pif ipcs tcpcs vp ixsm eop dd ERR: rxe ipe tcpe ce SPECIAL: cfi VLAN=000 PRI=0
00:02:07.027728 0000000035494980: Address=        DC0D4000 Length=0040 Csum=11B9
00:02:07.027728         STA: pif ipcs tcpcs vp ixsm eop dd ERR: rxe ipe tcpe ce SPECIAL: cfi VLAN=000 PRI=0
00:02:07.027729 >>> 0000000035494990: Address=        DC0D4800 Length=0243 Csum=537B
00:02:07.027730         STA: pif ipcs tcpcs vp ixsm eop dd ERR: rxe ipe tcpe ce SPECIAL: cfi VLAN=000 PRI=0
00:02:07.027731 00000000354949a0: Address=        DC0D6000 Length=0246 Csum=5A72
00:02:07.027731         STA: pif ipcs tcpcs vp ixsm eop dd ERR: rxe ipe tcpe ce SPECIAL: cfi VLAN=000 PRI=0
00:02:07.027732 00000000354949b0: Address=        DC03D800 Length=0046 Csum=BF06
00:02:07.027732         STA: pif ipcs tcpcs vp ixsm eop dd ERR: rxe ipe tcpe ce SPECIAL: cfi VLAN=000 PRI=0
00:02:07.027734 00000000354949c0: Address=        DC03E000 Length=0046 Csum=545F
00:02:07.027734         STA: pif ipcs tcpcs vp ixsm eop dd ERR: rxe ipe tcpe ce SPECIAL: cfi VLAN=000 PRI=0
00:02:07.027735 00000000354949d0: Address=        DC03E800 Length=0040 Csum=3AA4
00:02:07.027735         STA: pif ipcs tcpcs vp ixsm eop dd ERR: rxe ipe tcpe ce SPECIAL: cfi VLAN=000 PRI=0
00:02:07.027737 00000000354949e0: Address=        DC0D8000 Length=0249 Csum=6174
00:02:07.027737         STA: pif ipcs tcpcs vp ixsm eop dd ERR: rxe ipe tcpe ce SPECIAL: cfi VLAN=000 PRI=0
00:02:07.027738 00000000354949f0: Address=        DC03F800 Length=0040 Csum=1357
00:02:07.027738         STA: pif ipcs tcpcs vp ixsm eop dd ERR: rxe ipe tcpe ce SPECIAL: cfi VLAN=000 PRI=0
00:02:07.027740 0000000035494a00: Address=        DC0D9000 Length=023D Csum=D874
00:02:07.027740         STA: pif ipcs tcpcs vp ixsm eop dd ERR: rxe ipe tcpe ce SPECIAL: cfi VLAN=000 PRI=0
00:02:07.027741 0000000035494a10: Address=        DC0DD000 Length=0246 Csum=75EF
00:02:07.027741         STA: pif ipcs tcpcs vp ixsm eop dd ERR: rxe ipe tcpe ce SPECIAL: cfi VLAN=000 PRI=0
00:02:07.027743 0000000035494a20: Address=        DC041000 Length=0040 Csum=020F
00:02:07.027743         STA: pif ipcs tcpcs vp ixsm eop dd ERR: rxe ipe tcpe ce SPECIAL: cfi VLAN=000 PRI=0
00:02:07.027744 0000000035494a30: Address=        DC041800 Length=0040 Csum=78B7
00:02:07.027744         STA: pif ipcs tcpcs vp ixsm eop dd ERR: rxe ipe tcpe ce SPECIAL: cfi VLAN=000 PRI=0
00:02:07.027746 0000000035494a40: Address=        DC042000 Length=0040 Csum=F32D
00:02:07.027746         STA: pif ipcs tcpcs vp ixsm eop dd ERR: rxe ipe tcpe ce SPECIAL: cfi VLAN=000 PRI=0
00:02:07.027747 0000000035494a50: Address=        DC042800 Length=0040 Csum=8988
00:02:07.027748         STA: pif ipcs tcpcs vp ixsm eop dd ERR: rxe ipe tcpe ce SPECIAL: cfi VLAN=000 PRI=0
00:02:07.027749 0000000035494a60: Address=        DC043000 Length=0040 Csum=460D
00:02:07.027749         STA: pif ipcs tcpcs vp ixsm eop dd ERR: rxe ipe tcpe ce SPECIAL: cfi VLAN=000 PRI=0
00:02:07.027750 0000000035494a70: Address=        DC0E0800 Length=0243 Csum=C9E1
00:02:07.027751         STA: pif ipcs tcpcs vp ixsm eop dd ERR: rxe ipe tcpe ce SPECIAL: cfi VLAN=000 PRI=0
00:02:07.027752 0000000035494a80: Address=        DC0E3000 Length=0246 Csum=CD32
00:02:07.027752         STA: pif ipcs tcpcs vp ixsm eop dd ERR: rxe ipe tcpe ce SPECIAL: cfi VLAN=000 PRI=0
00:02:07.027753 0000000035494a90: Address=        DC044800 Length=0040 Csum=F348
00:02:07.027754         STA: pif ipcs tcpcs vp ixsm eop dd ERR: rxe ipe tcpe ce SPECIAL: cfi VLAN=000 PRI=0
00:02:07.027755 0000000035494aa0: Address=        DC045000 Length=0040 Csum=5C3F
00:02:07.027755         STA: pif ipcs tcpcs vp ixsm eop dd ERR: rxe ipe tcpe ce SPECIAL: cfi VLAN=000 PRI=0
00:02:07.027756 0000000035494ab0: Address=        DC045800 Length=005E Csum=1BB8
00:02:07.027756         STA: pif ipcs tcpcs vp ixsm eop dd ERR: rxe ipe tcpe ce SPECIAL: cfi VLAN=000 PRI=0
00:02:07.027758 0000000035494ac0: Address=        DC046000 Length=005E Csum=DD3F
00:02:07.027758         STA: pif ipcs tcpcs vp ixsm eop dd ERR: rxe ipe tcpe ce SPECIAL: cfi VLAN=000 PRI=0
00:02:07.027759 0000000035494ad0: Address=        DC046800 Length=005E Csum=29FD
00:02:07.027759         STA: pif ipcs tcpcs vp ixsm eop dd ERR: rxe ipe tcpe ce SPECIAL: cfi VLAN=000 PRI=0
00:02:07.027760 0000000035494ae0: Address=        DC047000 Length=0046 Csum=B68C
00:02:07.027761         STA: pif ipcs tcpcs vp ixsm eop dd ERR: rxe ipe tcpe ce SPECIAL: cfi VLAN=000 PRI=0
00:02:07.027762 0000000035494af0: Address=        DC047800 Length=0040 Csum=9686
00:02:07.027762         STA: pif ipcs tcpcs vp ixsm eop dd ERR: rxe ipe tcpe ce SPECIAL: cfi VLAN=000 PRI=0
00:02:07.027764 0000000035494b00: Address=        DC048000 Length=005E Csum=3962
00:02:07.027764         STA: pif ipcs tcpcs vp ixsm eop dd ERR: rxe ipe tcpe ce SPECIAL: cfi VLAN=000 PRI=0
00:02:07.027765 0000000035494b10: Address=        DC048800 Length=005E Csum=CCB9
00:02:07.027765         STA: pif ipcs tcpcs vp ixsm eop dd ERR: rxe ipe tcpe ce SPECIAL: cfi VLAN=000 PRI=0
00:02:07.027766 0000000035494b20: Address=        DC049000 Length=005E Csum=5918
00:02:07.027767         STA: pif ipcs tcpcs vp ixsm eop dd ERR: rxe ipe tcpe ce SPECIAL: cfi VLAN=000 PRI=0
00:02:07.027768 0000000035494b30: Address=        DC049800 Length=005E Csum=E478
00:02:07.027768         STA: pif ipcs tcpcs vp ixsm eop dd ERR: rxe ipe tcpe ce SPECIAL: cfi VLAN=000 PRI=0
00:02:07.027769 0000000035494b40: Address=        DC04A000 Length=005E Csum=5CD8
00:02:07.027770         STA: pif ipcs tcpcs vp ixsm eop dd ERR: rxe ipe tcpe ce SPECIAL: cfi VLAN=000 PRI=0
00:02:07.027771 0000000035494b50: Address=        DC04A800 Length=005E Csum=1EE9
00:02:07.027771         STA: pif ipcs tcpcs vp ixsm eop dd ERR: rxe ipe tcpe ce SPECIAL: cfi VLAN=000 PRI=0
00:02:07.027773 0000000035494b60: Address=        DC04B000 Length=005E Csum=9CD3
00:02:07.027773         STA: pif ipcs tcpcs vp ixsm eop dd ERR: rxe ipe tcpe ce SPECIAL: cfi VLAN=000 PRI=0
00:02:07.027775 0000000035494b70: Address=        DC04B800 Length=005E Csum=5504
00:02:07.027775         STA: pif ipcs tcpcs vp ixsm eop dd ERR: rxe ipe tcpe ce SPECIAL: cfi VLAN=000 PRI=0
00:02:07.027776 0000000035494b80: Address=        DC04C000 Length=0040 Csum=87D8
00:02:07.027777         STA: pif ipcs tcpcs vp ixsm eop dd ERR: rxe ipe tcpe ce SPECIAL: cfi VLAN=000 PRI=0
00:02:07.027778 0000000035494b90: Address=        DC04C800 Length=005E Csum=EF1E
00:02:07.027778         STA: pif ipcs tcpcs vp ixsm eop dd ERR: rxe ipe tcpe ce SPECIAL: cfi VLAN=000 PRI=0
00:02:07.027779 0000000035494ba0: Address=        DC0EB800 Length=0251 Csum=73B2
00:02:07.027780         STA: pif ipcs tcpcs vp ixsm eop dd ERR: rxe ipe tcpe ce SPECIAL: cfi VLAN=000 PRI=0
00:02:07.027781 0000000035494bb0: Address=        DC04D800 Length=0040 Csum=9C7E
00:02:07.027781         STA: pif ipcs tcpcs vp ixsm eop dd ERR: rxe ipe tcpe ce SPECIAL: cfi VLAN=000 PRI=0
00:02:07.027782 0000000035494bc0: Address=        DC04E000 Length=005E Csum=B583
00:02:07.027783         STA: pif ipcs tcpcs vp ixsm eop dd ERR: rxe ipe tcpe ce SPECIAL: cfi VLAN=000 PRI=0
00:02:07.027784 0000000035494bd0: Address=        DC04E800 Length=005E Csum=1E25
00:02:07.027784         STA: pif ipcs tcpcs vp ixsm eop dd ERR: rxe ipe tcpe ce SPECIAL: cfi VLAN=000 PRI=0
00:02:07.027785 0000000035494be0: Address=        DC04F000 Length=005E Csum=2CC4
00:02:07.027786         STA: pif ipcs tcpcs vp ixsm eop dd ERR: rxe ipe tcpe ce SPECIAL: cfi VLAN=000 PRI=0
00:02:07.027787 0000000035494bf0: Address=        DC04F800 Length=005E Csum=1EB6
00:02:07.027787         STA: pif ipcs tcpcs vp ixsm eop dd ERR: rxe ipe tcpe ce SPECIAL: cfi VLAN=000 PRI=0
00:02:07.027788 0000000035494c00: Address=        DC050000 Length=005E Csum=B756
00:02:07.027789         STA: pif ipcs tcpcs vp ixsm eop dd ERR: rxe ipe tcpe ce SPECIAL: cfi VLAN=000 PRI=0
00:02:07.027790 0000000035494c10: Address=        DC050800 Length=005E Csum=B869
00:02:07.027790         STA: pif ipcs tcpcs vp ixsm eop dd ERR: rxe ipe tcpe ce SPECIAL: cfi VLAN=000 PRI=0
00:02:07.027791 0000000035494c20: Address=        DC051000 Length=005E Csum=5556
00:02:07.027792         STA: pif ipcs tcpcs vp ixsm eop dd ERR: rxe ipe tcpe ce SPECIAL: cfi VLAN=000 PRI=0
00:02:07.027793 0000000035494c30: Address=        DC051800 Length=005E Csum=65B9
00:02:07.027793         STA: pif ipcs tcpcs vp ixsm eop dd ERR: rxe ipe tcpe ce SPECIAL: cfi VLAN=000 PRI=0
00:02:07.027794 0000000035494c40: Address=        DC0F3000 Length=0243 Csum=2653
00:02:07.027795         STA: pif ipcs tcpcs vp ixsm eop dd ERR: rxe ipe tcpe ce SPECIAL: cfi VLAN=000 PRI=0
00:02:07.027796 0000000035494c50: Address=        DC052800 Length=0040 Csum=9063
00:02:07.027796         STA: pif ipcs tcpcs vp ixsm eop dd ERR: rxe ipe tcpe ce SPECIAL: cfi VLAN=000 PRI=0
00:02:07.027797 0000000035494c60: Address=        DC0F5800 Length=024C Csum=69C6
00:02:07.027798         STA: pif ipcs tcpcs vp ixsm eop dd ERR: rxe ipe tcpe ce SPECIAL: cfi VLAN=000 PRI=0
00:02:07.027799 0000000035494c70: Address=        DC0F8800 Length=0243 Csum=976D
00:02:07.027799         STA: pif ipcs tcpcs vp ixsm eop dd ERR: rxe ipe tcpe ce SPECIAL: cfi VLAN=000 PRI=0
00:02:07.027801 0000000035494c80: Address=        DC054000 Length=0040 Csum=1C3F
00:02:07.027801         STA: pif ipcs tcpcs vp ixsm eop dd ERR: rxe ipe tcpe ce SPECIAL: cfi VLAN=000 PRI=0
00:02:07.027802 0000000035494c90: Address=        DC054800 Length=005E Csum=E601
00:02:07.027802         STA: pif ipcs tcpcs vp ixsm eop dd ERR: rxe ipe tcpe ce SPECIAL: cfi VLAN=000 PRI=0
00:02:07.027804 0000000035494ca0: Address=        DC0FB000 Length=0243 Csum=941F
00:02:07.027804         STA: pif ipcs tcpcs vp ixsm eop dd ERR: rxe ipe tcpe ce SPECIAL: cfi VLAN=000 PRI=0
00:02:07.027805 0000000035494cb0: Address=        DC055800 Length=0040 Csum=F924
00:02:07.027805         STA: pif ipcs tcpcs vp ixsm eop dd ERR: rxe ipe tcpe ce SPECIAL: cfi VLAN=000 PRI=0
00:02:07.027807 0000000035494cc0: Address=        DC056000 Length=0040 Csum=5DD4
00:02:07.027807         STA: pif ipcs tcpcs vp ixsm eop dd ERR: rxe ipe tcpe ce SPECIAL: cfi VLAN=000 PRI=0
00:02:07.027808 0000000035494cd0: Address=        DC056800 Length=0040 Csum=0066
00:02:07.027808         STA: pif ipcs tcpcs vp ixsm eop dd ERR: rxe ipe tcpe ce SPECIAL: cfi VLAN=000 PRI=0
00:02:07.027810 0000000035494ce0: Address=        DC057000 Length=0040 Csum=D22A
00:02:07.027810         STA: pif ipcs tcpcs vp ixsm eop dd ERR: rxe ipe tcpe ce SPECIAL: cfi VLAN=000 PRI=0
00:02:07.027811 0000000035494cf0: Address=        DC057800 Length=0040 Csum=D136
00:02:07.027812         STA: pif ipcs tcpcs vp ixsm eop dd ERR: rxe ipe tcpe ce SPECIAL: cfi VLAN=000 PRI=0
00:02:07.027813 0000000035494d00: Address=        DC058000 Length=005E Csum=4080
00:02:07.027813         STA: pif ipcs tcpcs vp ixsm eop dd ERR: rxe ipe tcpe ce SPECIAL: cfi VLAN=000 PRI=0
00:02:07.027814 0000000035494d10: Address=        DC058800 Length=005E Csum=7A11
00:02:07.027815         STA: pif ipcs tcpcs vp ixsm eop dd ERR: rxe ipe tcpe ce SPECIAL: cfi VLAN=000 PRI=0
00:02:07.027816 0000000035494d20: Address=        DC059000 Length=005E Csum=7C45
00:02:07.027816         STA: pif ipcs tcpcs vp ixsm eop dd ERR: rxe ipe tcpe ce SPECIAL: cfi VLAN=000 PRI=0
00:02:07.027817 0000000035494d30: Address=        DC059800 Length=005E Csum=0B78
00:02:07.027818         STA: pif ipcs tcpcs vp ixsm eop dd ERR: rxe ipe tcpe ce SPECIAL: cfi VLAN=000 PRI=0
00:02:07.027819 0000000035494d40: Address=        DC05A000 Length=005E Csum=2767
00:02:07.027819         STA: pif ipcs tcpcs vp ixsm eop dd ERR: rxe ipe tcpe ce SPECIAL: cfi VLAN=000 PRI=0
00:02:07.027820 0000000035494d50: Address=        DC05A800 Length=005E Csum=6E5E
00:02:07.027821         STA: pif ipcs tcpcs vp ixsm eop dd ERR: rxe ipe tcpe ce SPECIAL: cfi VLAN=000 PRI=0
00:02:07.027822 0000000035494d60: Address=        DC05B000 Length=005E Csum=F80B
00:02:07.027822         STA: pif ipcs tcpcs vp ixsm eop dd ERR: rxe ipe tcpe ce SPECIAL: cfi VLAN=000 PRI=0
00:02:07.027823 0000000035494d70: Address=        DC106000 Length=0175 Csum=6913
00:02:07.027824         STA: pif ipcs tcpcs vp ixsm eop dd ERR: rxe ipe tcpe ce SPECIAL: cfi VLAN=000 PRI=0
00:02:07.027825 0000000035494d80: Address=        DC106800 Length=0175 Csum=4231
00:02:07.027825         STA: pif ipcs tcpcs vp ixsm eop dd ERR: rxe ipe tcpe ce SPECIAL: cfi VLAN=000 PRI=0
00:02:07.027827 0000000035494d90: Address=        DC107000 Length=0175 Csum=CFCB
00:02:07.027827         STA: pif ipcs tcpcs vp ixsm eop dd ERR: rxe ipe tcpe ce SPECIAL: cfi VLAN=000 PRI=0
00:02:07.027828 0000000035494da0: Address=        DC107800 Length=0175 Csum=14F6
00:02:07.027829         STA: pif ipcs tcpcs vp ixsm eop dd ERR: rxe ipe tcpe ce SPECIAL: cfi VLAN=000 PRI=0
00:02:07.027830 0000000035494db0: Address=        DC05D800 Length=005E Csum=ACA7
00:02:07.027830         STA: pif ipcs tcpcs vp ixsm eop dd ERR: rxe ipe tcpe ce SPECIAL: cfi VLAN=000 PRI=0
00:02:07.027831 0000000035494dc0: Address=        DC05E000 Length=005E Csum=3C31
00:02:07.027832         STA: pif ipcs tcpcs vp ixsm eop dd ERR: rxe ipe tcpe ce SPECIAL: cfi VLAN=000 PRI=0
00:02:07.027833 0000000035494dd0: Address=        DC05E800 Length=005E Csum=D005
00:02:07.027833         STA: pif ipcs tcpcs vp ixsm eop dd ERR: rxe ipe tcpe ce SPECIAL: cfi VLAN=000 PRI=0
00:02:07.027834 0000000035494de0: Address=        DC05F000 Length=005E Csum=4DB2
00:02:07.027835         STA: pif ipcs tcpcs vp ixsm eop dd ERR: rxe ipe tcpe ce SPECIAL: cfi VLAN=000 PRI=0
00:02:07.027836 0000000035494df0: Address=        DC05F800 Length=005E Csum=B2A8
00:02:07.027836         STA: pif ipcs tcpcs vp ixsm eop dd ERR: rxe ipe tcpe ce SPECIAL: cfi VLAN=000 PRI=0
00:02:07.027837 0000000035494e00: Address=        DC108000 Length=017E Csum=EF57
00:02:07.027838         STA: pif ipcs tcpcs vp ixsm eop dd ERR: rxe ipe tcpe ce SPECIAL: cfi VLAN=000 PRI=0
00:02:07.027839 0000000035494e10: Address=        DC108800 Length=017E Csum=2C0E
00:02:07.027839         STA: pif ipcs tcpcs vp ixsm eop dd ERR: rxe ipe tcpe ce SPECIAL: cfi VLAN=000 PRI=0
00:02:07.027840 0000000035494e20: Address=        DC109000 Length=017E Csum=A52B
00:02:07.027841         STA: pif ipcs tcpcs vp ixsm eop dd ERR: rxe ipe tcpe ce SPECIAL: cfi VLAN=000 PRI=0
00:02:07.027842 0000000035494e30: Address=        DC109800 Length=017E Csum=FF70
00:02:07.027842         STA: pif ipcs tcpcs vp ixsm eop dd ERR: rxe ipe tcpe ce SPECIAL: cfi VLAN=000 PRI=0
00:02:07.027844 0000000035494e40: Address=        DC10A000 Length=01B5 Csum=0DD3
00:02:07.027844         STA: pif ipcs tcpcs vp ixsm eop dd ERR: rxe ipe tcpe ce SPECIAL: cfi VLAN=000 PRI=0
00:02:07.027845 0000000035494e50: Address=        DC10A800 Length=01B5 Csum=29D1
00:02:07.027845         STA: pif ipcs tcpcs vp ixsm eop dd ERR: rxe ipe tcpe ce SPECIAL: cfi VLAN=000 PRI=0
00:02:07.027847 0000000035494e60: Address=        DC10B000 Length=01B5 Csum=EEBF
00:02:07.027847         STA: pif ipcs tcpcs vp ixsm eop dd ERR: rxe ipe tcpe ce SPECIAL: cfi VLAN=000 PRI=0
00:02:07.027848 0000000035494e70: Address=        DC10B800 Length=01B5 Csum=6657
00:02:07.027848         STA: pif ipcs tcpcs vp ixsm eop dd ERR: rxe ipe tcpe ce SPECIAL: cfi VLAN=000 PRI=0
00:02:07.027850 0000000035494e80: Address=        DC10C000 Length=01BF Csum=48CE
00:02:07.027850         STA: pif ipcs tcpcs vp ixsm eop dd ERR: rxe ipe tcpe ce SPECIAL: cfi VLAN=000 PRI=0
00:02:07.027851 0000000035494e90: Address=        DC10C800 Length=01BF Csum=1342
00:02:07.027851         STA: pif ipcs tcpcs vp ixsm eop dd ERR: rxe ipe tcpe ce SPECIAL: cfi VLAN=000 PRI=0
00:02:07.027852 0000000035494ea0: Address=        DC10D000 Length=01BF Csum=A9DA
00:02:07.027853         STA: pif ipcs tcpcs vp ixsm eop dd ERR: rxe ipe tcpe ce SPECIAL: cfi VLAN=000 PRI=0
00:02:07.027854 0000000035494eb0: Address=        DC10E000 Length=01BF Csum=A729
00:02:07.027854         STA: pif ipcs tcpcs vp ixsm eop dd ERR: rxe ipe tcpe ce SPECIAL: cfi VLAN=000 PRI=0
00:02:07.027855 0000000035494ec0: Address=        DC066000 Length=005E Csum=2262
00:02:07.027855         STA: pif ipcs tcpcs vp ixsm eop dd ERR: rxe ipe tcpe ce SPECIAL: cfi VLAN=000 PRI=0
00:02:07.027857 0000000035494ed0: Address=        DC066800 Length=005E Csum=B56F
00:02:07.027857         STA: pif ipcs tcpcs vp ixsm eop dd ERR: rxe ipe tcpe ce SPECIAL: cfi VLAN=000 PRI=0
00:02:07.027858 0000000035494ee0: Address=        DC067000 Length=0040 Csum=AA9B
00:02:07.027858         STA: pif ipcs tcpcs vp ixsm eop dd ERR: rxe ipe tcpe ce SPECIAL: cfi VLAN=000 PRI=0
00:02:07.027860 0000000035494ef0: Address=        DC067800 Length=0040 Csum=1D5A
00:02:07.027860         STA: pif ipcs tcpcs vp ixsm eop dd ERR: rxe ipe tcpe ce SPECIAL: cfi VLAN=000 PRI=0
00:02:07.027861 0000000035494f00: Address=        DC068000 Length=0040 Csum=E2F0
00:02:07.027861         STA: pif ipcs tcpcs vp ixsm eop dd ERR: rxe ipe tcpe ce SPECIAL: cfi VLAN=000 PRI=0
00:02:07.027863 0000000035494f10: Address=        DC068800 Length=0040 Csum=FE56
00:02:07.027863         STA: pif ipcs tcpcs vp ixsm eop dd ERR: rxe ipe tcpe ce SPECIAL: cfi VLAN=000 PRI=0
00:02:07.027864 0000000035494f20: Address=        DC114000 Length=0243 Csum=2309
00:02:07.027864         STA: pif ipcs tcpcs vp ixsm eop dd ERR: rxe ipe tcpe ce SPECIAL: cfi VLAN=000 PRI=0
00:02:07.027865 0000000035494f30: Address=        DC069800 Length=0040 Csum=4461
00:02:07.027866         STA: pif ipcs tcpcs vp ixsm eop dd ERR: rxe ipe tcpe ce SPECIAL: cfi VLAN=000 PRI=0
00:02:07.027867 0000000035494f40: Address=        DC06A000 Length=0040 Csum=E799
00:02:07.027867         STA: pif ipcs tcpcs vp ixsm eop dd ERR: rxe ipe tcpe ce SPECIAL: cfi VLAN=000 PRI=0
00:02:07.027869 0000000035494f50: Address=        DC118000 Length=0243 Csum=8641
00:02:07.027869         STA: pif ipcs tcpcs vp ixsm eop dd ERR: rxe ipe tcpe ce SPECIAL: cfi VLAN=000 PRI=0
00:02:07.027870 0000000035494f60: Address=        DC06B000 Length=0040 Csum=8AED
00:02:07.027870         STA: pif ipcs tcpcs vp ixsm eop dd ERR: rxe ipe tcpe ce SPECIAL: cfi VLAN=000 PRI=0
00:02:07.027871 0000000035494f70: Address=        DC06B800 Length=0040 Csum=20C1
00:02:07.027872         STA: pif ipcs tcpcs vp ixsm eop dd ERR: rxe ipe tcpe ce SPECIAL: cfi VLAN=000 PRI=0
00:02:07.027873 0000000035494f80: Address=        DC11A000 Length=0251 Csum=A2C2
00:02:07.027873         STA: pif ipcs tcpcs vp ixsm eop dd ERR: rxe ipe tcpe ce SPECIAL: cfi VLAN=000 PRI=0
00:02:07.027874 0000000035494f90: Address=        DC06C800 Length=0040 Csum=3238
00:02:07.027875         STA: pif ipcs tcpcs vp ixsm eop dd ERR: rxe ipe tcpe ce SPECIAL: cfi VLAN=000 PRI=0
00:02:07.027876 0000000035494fa0: Address=        DC11D800 Length=0243 Csum=8AE6
00:02:07.027876         STA: pif ipcs tcpcs vp ixsm eop dd ERR: rxe ipe tcpe ce SPECIAL: cfi VLAN=000 PRI=0
00:02:07.027877 0000000035494fb0: Address=        DC06D800 Length=0040 Csum=1AA3
00:02:07.027878         STA: pif ipcs tcpcs vp ixsm eop dd ERR: rxe ipe tcpe ce SPECIAL: cfi VLAN=000 PRI=0
00:02:07.027879 0000000035494fc0: Address=        DC11F800 Length=0250 Csum=13BE
00:02:07.027879         STA: pif ipcs tcpcs vp ixsm eop dd ERR: rxe ipe tcpe ce SPECIAL: cfi VLAN=000 PRI=0
00:02:07.027881 0000000035494fd0: Address=        DC06E800 Length=0040 Csum=2295
00:02:07.027881         STA: pif ipcs tcpcs vp ixsm eop dd ERR: rxe ipe tcpe ce SPECIAL: cfi VLAN=000 PRI=0
00:02:07.027882 0000000035494fe0: Address=        DC123000 Length=0243 Csum=E1A3
00:02:07.027882         STA: pif ipcs tcpcs vp ixsm eop dd ERR: rxe ipe tcpe ce SPECIAL: cfi VLAN=000 PRI=0
00:02:07.027884 0000000035494ff0: Address=        DC06F800 Length=0040 Csum=234A
00:02:07.027884         STA: pif ipcs tcpcs vp ixsm eop dd ERR: rxe ipe tcpe ce SPECIAL: cfi VLAN=000 PRI=0
00:02:07.027885 
00:02:07.027885 -- Receive Descriptors in Cache (at 9 (RDH 153)/ fetched 16 / max 16) --
00:02:07.027886 0000000035494900: Address=        DC038000 Length=0040 Csum=68F6
00:02:07.027886         STA: pif ipcs tcpcs vp IXSM EOP DD ERR: rxe ipe tcpe ce SPECIAL: cfi VLAN=000 PRI=0
00:02:07.027887 0000000035494910: Address=        DC038800 Length=0243 Csum=B15B
00:02:07.027888         STA: pif ipcs tcpcs vp IXSM EOP DD ERR: rxe ipe tcpe ce SPECIAL: cfi VLAN=000 PRI=0
00:02:07.027889 0000000035494920: Address=        DC039000 Length=0040 Csum=79DE
00:02:07.027889         STA: pif ipcs tcpcs vp IXSM EOP DD ERR: rxe ipe tcpe ce SPECIAL: cfi VLAN=000 PRI=0
00:02:07.027890 0000000035494930: Address=        DC039800 Length=024B Csum=F730
00:02:07.027890         STA: pif ipcs tcpcs vp IXSM EOP DD ERR: rxe ipe tcpe ce SPECIAL: cfi VLAN=000 PRI=0
00:02:07.027891 0000000035494940: Address=        DC03A000 Length=01B5 Csum=210A
00:02:07.027892         STA: pif ipcs tcpcs vp IXSM EOP DD ERR: rxe ipe tcpe ce SPECIAL: cfi VLAN=000 PRI=0
00:02:07.027893 0000000035494950: Address=        DC0D1000 Length=01B5 Csum=7B2F
00:02:07.027893         STA: pif ipcs tcpcs vp IXSM EOP DD ERR: rxe ipe tcpe ce SPECIAL: cfi VLAN=000 PRI=0
00:02:07.027894 0000000035494960: Address=        DC0D3800 Length=01BF Csum=42B3
00:02:07.027894         STA: pif ipcs tcpcs vp IXSM EOP DD ERR: rxe ipe tcpe ce SPECIAL: cfi VLAN=000 PRI=0
00:02:07.027895 0000000035494970: Address=        DC03B800 Length=01BF Csum=F13C
00:02:07.027896         STA: pif ipcs tcpcs vp IXSM EOP DD ERR: rxe ipe tcpe ce SPECIAL: cfi VLAN=000 PRI=0
00:02:07.027897 0000000035494980: Address=        DC0D4000 Length=0040 Csum=11B9
00:02:07.027897         STA: pif ipcs tcpcs vp IXSM EOP DD ERR: rxe ipe tcpe ce SPECIAL: cfi VLAN=000 PRI=0
00:02:07.027898 >>> 0000000035494990: Address=        DC0D4800 Length=0243 Csum=537B
00:02:07.027898         STA: pif ipcs tcpcs vp ixsm eop dd ERR: rxe ipe tcpe ce SPECIAL: cfi VLAN=000 PRI=0
00:02:07.027899 00000000354949a0: Address=        DC0D6000 Length=0246 Csum=5A72
00:02:07.027900         STA: pif ipcs tcpcs vp ixsm eop dd ERR: rxe ipe tcpe ce SPECIAL: cfi VLAN=000 PRI=0
00:02:07.027901 00000000354949b0: Address=        DC03D800 Length=0046 Csum=BF06
00:02:07.027901         STA: pif ipcs tcpcs vp ixsm eop dd ERR: rxe ipe tcpe ce SPECIAL: cfi VLAN=000 PRI=0
00:02:07.027902 00000000354949c0: Address=        DC03E000 Length=0046 Csum=545F
00:02:07.027902         STA: pif ipcs tcpcs vp ixsm eop dd ERR: rxe ipe tcpe ce SPECIAL: cfi VLAN=000 PRI=0
00:02:07.027903 00000000354949d0: Address=        DC03E800 Length=0040 Csum=3AA4
00:02:07.027904         STA: pif ipcs tcpcs vp ixsm eop dd ERR: rxe ipe tcpe ce SPECIAL: cfi VLAN=000 PRI=0
00:02:07.027905 00000000354949e0: Address=        DC0D8000 Length=0249 Csum=6174
00:02:07.027905         STA: pif ipcs tcpcs vp ixsm eop dd ERR: rxe ipe tcpe ce SPECIAL: cfi VLAN=000 PRI=0
00:02:07.027906 00000000354949f0: Address=        DC03F800 Length=0040 Csum=1357
00:02:07.027906         STA: pif ipcs tcpcs vp ixsm eop dd ERR: rxe ipe tcpe ce SPECIAL: cfi VLAN=000 PRI=0
00:02:07.027907 
00:02:07.027908 -- Transmit Descriptors (256 total) --
00:02:07.027908 0000000035493000: Type=Context
00:02:07.027909         IPCSS=00 IPCSO=00 IPCSE=0000 TUCSS=22 TUCSO=28 TUCSE=0000
00:02:07.027909         TUCMD: IPv6 UDP PAYLEN=0000 HDRLEN=0000 MSS=0000 STA: 
00:02:07.027911 0000000035493010: Type=Data Address=        DC148000 DTALEN=0005A
00:02:07.027911         DCMD: IDE RS IFCS EOP STA: POPTS: SPECIAL:cfi VLAN=000 PRI=0
00:02:07.027914 0000000035493020: Type=Context
00:02:07.027914         IPCSS=00 IPCSO=00 IPCSE=0000 TUCSS=22 TUCSO=32 TUCSE=0000
00:02:07.027914         TUCMD: IPv6 TCP PAYLEN=0000 HDRLEN=0000 MSS=0000 STA: 
00:02:07.027915 0000000035493030: Type=Data Address=        DC148800 DTALEN=0003C
00:02:07.027916         DCMD: IDE RS IFCS EOP STA: POPTS: SPECIAL:cfi VLAN=000 PRI=0
00:02:07.027917 0000000035493040: Type=Context
00:02:07.027917         IPCSS=0E IPCSO=18 IPCSE=0021 TUCSS=22 TUCSO=32 TUCSE=0000
00:02:07.027917         TUCMD: TSE IPv4 TCP PAYLEN=0d22 HDRLEN=0000 MSS=0000 STA: 
00:02:07.027918 0000000035493050: Type=Data Address=        DC149000 DTALEN=005C6
00:02:07.027919         DCMD: TSE IFCS STA: POPTS: SPECIAL:cfi VLAN=000 PRI=0
00:02:07.027920 0000000035493060: Type=Data Address=        DC149800 DTALEN=0078E
00:02:07.027920         DCMD: TSE IFCS STA: POPTS: SPECIAL:cfi VLAN=000 PRI=0
00:02:07.027922 0000000035493070: Type=Data Address=        DC14A000 DTALEN=00004
00:02:07.027922         DCMD: IDE RS TSE IFCS EOP STA: POPTS: SPECIAL:cfi VLAN=000 PRI=0
00:02:07.027923 0000000035493080: Type=Context
00:02:07.027923         IPCSS=00 IPCSO=00 IPCSE=0000 TUCSS=22 TUCSO=28 TUCSE=0000
00:02:07.027924         TUCMD: IPv6 UDP PAYLEN=0000 HDRLEN=0000 MSS=0000 STA: 
00:02:07.027925 0000000035493090: Type=Data Address=        DC14B000 DTALEN=00056
00:02:07.027925         DCMD: IFCS STA: POPTS: SPECIAL:cfi VLAN=000 PRI=0
00:02:07.027926 00000000354930a0: Type=Data Address=        DC14B800 DTALEN=00004
00:02:07.027926         DCMD: IDE RS IFCS EOP STA: POPTS: SPECIAL:cfi VLAN=000 PRI=0
00:02:07.027928 00000000354930b0: Type=Context
00:02:07.027928         IPCSS=00 IPCSO=00 IPCSE=0000 TUCSS=22 TUCSO=28 TUCSE=0000
00:02:07.027928         TUCMD: IPv6 UDP PAYLEN=0000 HDRLEN=0000 MSS=0000 STA: 
00:02:07.027929 00000000354930c0: Type=Data Address=        DC14C000 DTALEN=0005A
00:02:07.027929         DCMD: IDE RS IFCS EOP STA: POPTS: SPECIAL:cfi VLAN=000 PRI=0
00:02:07.027930 00000000354930d0: Type=Context
00:02:07.027930         IPCSS=00 IPCSO=00 IPCSE=0000 TUCSS=22 TUCSO=28 TUCSE=0000
00:02:07.027931         TUCMD: IPv6 UDP PAYLEN=0000 HDRLEN=0000 MSS=0000 STA: 
00:02:07.027932 00000000354930e0: Type=Data Address=        DC14C800 DTALEN=0005A
00:02:07.027932         DCMD: IDE RS IFCS EOP STA: POPTS: SPECIAL:cfi VLAN=000 PRI=0
00:02:07.027933 00000000354930f0: Type=Legacy Address=        DC14D000 DTALEN=0003C
00:02:07.027933         CMD: IDE RS IFCS EOP STA: CSO=00 CSS=00 SPECIAL:cfi VLAN=000 PRI=0
00:02:07.027935 0000000035493100: Type=Context
00:02:07.027935         IPCSS=00 IPCSO=00 IPCSE=0000 TUCSS=22 TUCSO=32 TUCSE=0000
00:02:07.027935         TUCMD: IPv6 TCP PAYLEN=0000 HDRLEN=0000 MSS=0000 STA: 
00:02:07.027936 0000000035493110: Type=Data Address=        DC14D800 DTALEN=0003C
00:02:07.027937         DCMD: IDE RS IFCS EOP STA: POPTS: SPECIAL:cfi VLAN=000 PRI=0
00:02:07.027938 0000000035493120: Type=Context
00:02:07.027938         IPCSS=0E IPCSO=18 IPCSE=0021 TUCSS=22 TUCSO=32 TUCSE=0000
00:02:07.027938         TUCMD: TSE IPv4 TCP PAYLEN=0d22 HDRLEN=0000 MSS=0000 STA: 
00:02:07.027939 0000000035493130: Type=Data Address=        DC14E000 DTALEN=005C6
00:02:07.027940         DCMD: TSE IFCS STA: POPTS: SPECIAL:cfi VLAN=000 PRI=0
00:02:07.027941 0000000035493140: Type=Data Address=        DC14E800 DTALEN=0078E
00:02:07.027941         DCMD: TSE IFCS STA: POPTS: SPECIAL:cfi VLAN=000 PRI=0
00:02:07.027942 0000000035493150: Type=Data Address=        DC14F000 DTALEN=00004
00:02:07.027942         DCMD: IDE RS TSE IFCS EOP STA: POPTS: SPECIAL:cfi VLAN=000 PRI=0
00:02:07.027943 0000000035493160: Type=Context
00:02:07.027943         IPCSS=00 IPCSO=00 IPCSE=0000 TUCSS=22 TUCSO=32 TUCSE=0000
00:02:07.027944         TUCMD: IPv6 TCP PAYLEN=0000 HDRLEN=0000 MSS=0000 STA: 
00:02:07.027945 0000000035493170: Type=Data Address=        DC155800 DTALEN=00038
00:02:07.027945         DCMD: IFCS STA: POPTS: SPECIAL:cfi VLAN=000 PRI=0
00:02:07.027946 0000000035493180: Type=Data Address=        DC156000 DTALEN=00004
00:02:07.027946         DCMD: IDE RS IFCS EOP STA: POPTS: SPECIAL:cfi VLAN=000 PRI=0
00:02:07.027947 0000000035493190: Type=Context
00:02:07.027947         IPCSS=0E IPCSO=18 IPCSE=0021 TUCSS=22 TUCSO=32 TUCSE=0000
00:02:07.027948         TUCMD: TSE IPv4 TCP PAYLEN=0d22 HDRLEN=0000 MSS=0000 STA: 
00:02:07.027949 00000000354931a0: Type=Data Address=        DC157000 DTALEN=005C6
00:02:07.027949         DCMD: TSE IFCS STA: POPTS: SPECIAL:cfi VLAN=000 PRI=0
00:02:07.027950 00000000354931b0: Type=Data Address=        DC157800 DTALEN=0078E
00:02:07.027950         DCMD: TSE IFCS STA: POPTS: SPECIAL:cfi VLAN=000 PRI=0
00:02:07.027951 00000000354931c0: Type=Data Address=        DC158000 DTALEN=00004
00:02:07.027952         DCMD: IDE RS TSE IFCS EOP STA: POPTS: SPECIAL:cfi VLAN=000 PRI=0
00:02:07.027953 00000000354931d0: Type=Legacy Address=        DC15B000 DTALEN=00052
00:02:07.027953         CMD: IFCS STA: CSO=00 CSS=00 SPECIAL:cfi VLAN=000 PRI=0
00:02:07.027954 00000000354931e0: Type=Legacy Address=        DC15B800 DTALEN=00004
00:02:07.027954         CMD: IDE RS IFCS EOP STA: CSO=00 CSS=00 SPECIAL:cfi VLAN=000 PRI=0
00:02:07.027956 00000000354931f0: Type=Context
00:02:07.027956         IPCSS=00 IPCSO=00 IPCSE=0000 TUCSS=22 TUCSO=32 TUCSE=0000
00:02:07.027956         TUCMD: IPv6 TCP PAYLEN=0000 HDRLEN=0000 MSS=0000 STA: 
00:02:07.027957 0000000035493200: Type=Data Address=        DC15C000 DTALEN=0003C
00:02:07.027957         DCMD: IDE RS IFCS EOP STA: POPTS: SPECIAL:cfi VLAN=000 PRI=0
00:02:07.027958 0000000035493210: Type=Context
00:02:07.027959         IPCSS=0E IPCSO=18 IPCSE=0021 TUCSS=22 TUCSO=32 TUCSE=0000
00:02:07.027959         TUCMD: TSE IPv4 TCP PAYLEN=0d22 HDRLEN=0000 MSS=0000 STA: 
00:02:07.027960 0000000035493220: Type=Data Address=        DC15C800 DTALEN=005C6
00:02:07.027960         DCMD: TSE IFCS STA: POPTS: SPECIAL:cfi VLAN=000 PRI=0
00:02:07.027961 0000000035493230: Type=Data Address=        DC15D000 DTALEN=0078E
00:02:07.027962         DCMD: TSE IFCS STA: POPTS: SPECIAL:cfi VLAN=000 PRI=0
00:02:07.027963 0000000035493240: Type=Data Address=        DC15D800 DTALEN=00004
00:02:07.027963         DCMD: IDE RS TSE IFCS EOP STA: POPTS: SPECIAL:cfi VLAN=000 PRI=0
00:02:07.027964 0000000035493250: Type=Context
00:02:07.027964         IPCSS=0E IPCSO=18 IPCSE=0021 TUCSS=22 TUCSO=32 TUCSE=0000
00:02:07.027964         TUCMD: TSE IPv4 TCP PAYLEN=0d22 HDRLEN=0000 MSS=0000 STA: 
00:02:07.027965 0000000035493260: Type=Data Address=        DC15E800 DTALEN=005C6
00:02:07.027966         DCMD: TSE IFCS STA: POPTS: SPECIAL:cfi VLAN=000 PRI=0
00:02:07.027967 0000000035493270: Type=Data Address=        DC15F000 DTALEN=0078E
00:02:07.027967         DCMD: TSE IFCS STA: POPTS: SPECIAL:cfi VLAN=000 PRI=0
00:02:07.027968 0000000035493280: Type=Data Address=        DC15F800 DTALEN=00004
00:02:07.027968         DCMD: IDE RS TSE IFCS EOP STA: POPTS: SPECIAL:cfi VLAN=000 PRI=0
00:02:07.027969 0000000035493290: Type=Context
00:02:07.027969         IPCSS=00 IPCSO=00 IPCSE=0000 TUCSS=22 TUCSO=28 TUCSE=0000
00:02:07.027970         TUCMD: IPv6 UDP PAYLEN=0000 HDRLEN=0000 MSS=0000 STA: 
00:02:07.027971 00000000354932a0: Type=Data Address=        DC160800 DTALEN=00056
00:02:07.027971         DCMD: IFCS STA: POPTS: SPECIAL:cfi VLAN=000 PRI=0
00:02:07.027972 00000000354932b0: Type=Data Address=        DC161000 DTALEN=00004
00:02:07.027972         DCMD: IDE RS IFCS EOP STA: POPTS: SPECIAL:cfi VLAN=000 PRI=0
00:02:07.027973 00000000354932c0: Type=Context
00:02:07.027973         IPCSS=00 IPCSO=00 IPCSE=0000 TUCSS=22 TUCSO=28 TUCSE=0000
00:02:07.027974         TUCMD: IPv6 UDP PAYLEN=0000 HDRLEN=0000 MSS=0000 STA: 
00:02:07.027975 00000000354932d0: Type=Data Address=        DC161800 DTALEN=0005A
00:02:07.027975         DCMD: IDE RS IFCS EOP STA: POPTS: SPECIAL:cfi VLAN=000 PRI=0
00:02:07.027976 00000000354932e0: Type=Context
00:02:07.027976         IPCSS=00 IPCSO=00 IPCSE=0000 TUCSS=22 TUCSO=28 TUCSE=0000
00:02:07.027976         TUCMD: IPv6 UDP PAYLEN=0000 HDRLEN=0000 MSS=0000 STA: 
00:02:07.027977 00000000354932f0: Type=Data Address=        DC162000 DTALEN=0005A
00:02:07.027978         DCMD: IDE RS IFCS EOP STA: POPTS: SPECIAL:cfi VLAN=000 PRI=0
00:02:07.027979 0000000035493300: Type=Context
00:02:07.027979         IPCSS=00 IPCSO=00 IPCSE=0000 TUCSS=22 TUCSO=28 TUCSE=0000
00:02:07.027979         TUCMD: IPv6 UDP PAYLEN=0000 HDRLEN=0000 MSS=0000 STA: 
00:02:07.027980 0000000035493310: Type=Data Address=        DC162800 DTALEN=0005A
00:02:07.027980         DCMD: IDE RS IFCS EOP STA: POPTS: SPECIAL:cfi VLAN=000 PRI=0
00:02:07.027981 0000000035493320: Type=Context
00:02:07.027982         IPCSS=00 IPCSO=00 IPCSE=0000 TUCSS=22 TUCSO=28 TUCSE=0000
00:02:07.027982         TUCMD: IPv6 UDP PAYLEN=0000 HDRLEN=0000 MSS=0000 STA: 
00:02:07.027983 0000000035493330: Type=Data Address=        DC163000 DTALEN=0005A
00:02:07.027983         DCMD: IDE RS IFCS EOP STA: POPTS: SPECIAL:cfi VLAN=000 PRI=0
00:02:07.027984 0000000035493340: Type=Context
00:02:07.027985         IPCSS=00 IPCSO=00 IPCSE=0000 TUCSS=22 TUCSO=32 TUCSE=0000
00:02:07.027985         TUCMD: IPv6 TCP PAYLEN=0000 HDRLEN=0000 MSS=0000 STA: 
00:02:07.027986 0000000035493350: Type=Data Address=        DC163800 DTALEN=0003C
00:02:07.027986         DCMD: IDE RS IFCS EOP STA: POPTS: SPECIAL:cfi VLAN=000 PRI=0
00:02:07.027987 0000000035493360: Type=Context
00:02:07.027987         IPCSS=0E IPCSO=18 IPCSE=0021 TUCSS=22 TUCSO=32 TUCSE=0000
00:02:07.027988         TUCMD: TSE IPv4 TCP PAYLEN=0d22 HDRLEN=0000 MSS=0000 STA: 
00:02:07.027989 0000000035493370: Type=Data Address=        DC164000 DTALEN=005C6
00:02:07.027989         DCMD: TSE IFCS STA: POPTS: SPECIAL:cfi VLAN=000 PRI=0
00:02:07.027990 0000000035493380: Type=Data Address=        DC164800 DTALEN=0078E
00:02:07.027990         DCMD: TSE IFCS STA: POPTS: SPECIAL:cfi VLAN=000 PRI=0
00:02:07.027991 0000000035493390: Type=Data Address=        DC165000 DTALEN=00004
00:02:07.027992         DCMD: IDE RS TSE IFCS EOP STA: POPTS: SPECIAL:cfi VLAN=000 PRI=0
00:02:07.027993 00000000354933a0: Type=Context
00:02:07.027993         IPCSS=00 IPCSO=00 IPCSE=0000 TUCSS=22 TUCSO=28 TUCSE=0000
00:02:07.027993         TUCMD: IPv6 UDP PAYLEN=0000 HDRLEN=0000 MSS=0000 STA: 
00:02:07.027994 00000000354933b0: Type=Data Address=        DC166000 DTALEN=00056
00:02:07.027994         DCMD: IFCS STA: POPTS: SPECIAL:cfi VLAN=000 PRI=0
00:02:07.027996 00000000354933c0: Type=Data Address=        DC166800 DTALEN=00004
00:02:07.027996         DCMD: IDE RS IFCS EOP STA: POPTS: SPECIAL:cfi VLAN=000 PRI=0
00:02:07.027997 00000000354933d0: Type=Context
00:02:07.027997         IPCSS=00 IPCSO=00 IPCSE=0000 TUCSS=22 TUCSO=28 TUCSE=0000
00:02:07.027997         TUCMD: IPv6 UDP PAYLEN=0000 HDRLEN=0000 MSS=0000 STA: 
00:02:07.027998 00000000354933e0: Type=Data Address=        DC167000 DTALEN=0005A
00:02:07.027999         DCMD: IDE RS IFCS EOP STA: POPTS: SPECIAL:cfi VLAN=000 PRI=0
00:02:07.028000 00000000354933f0: Type=Context
00:02:07.028000         IPCSS=00 IPCSO=00 IPCSE=0000 TUCSS=22 TUCSO=32 TUCSE=0000
00:02:07.028000         TUCMD: IPv6 TCP PAYLEN=0000 HDRLEN=0000 MSS=0000 STA: 
00:02:07.028001 0000000035493400: Type=Data Address=        DC167800 DTALEN=0003C
00:02:07.028002         DCMD: IDE RS IFCS EOP STA: POPTS: SPECIAL:cfi VLAN=000 PRI=0
00:02:07.028003 0000000035493410: Type=Context
00:02:07.028003         IPCSS=00 IPCSO=00 IPCSE=0000 TUCSS=22 TUCSO=32 TUCSE=0000
00:02:07.028003         TUCMD: IPv6 TCP PAYLEN=0000 HDRLEN=0000 MSS=0000 STA: 
00:02:07.028004 0000000035493420: Type=Data Address=        DC168800 DTALEN=001AB
00:02:07.028004         DCMD: IDE RS IFCS EOP STA: POPTS: SPECIAL:cfi VLAN=000 PRI=0
00:02:07.028005 0000000035493430: Type=Context
00:02:07.028005         IPCSS=00 IPCSO=00 IPCSE=0000 TUCSS=22 TUCSO=32 TUCSE=0000
00:02:07.028006         TUCMD: IPv6 TCP PAYLEN=0000 HDRLEN=0000 MSS=0000 STA: 
00:02:07.028007 0000000035493440: Type=Data Address=        DC169000 DTALEN=0003C
00:02:07.028007         DCMD: IDE RS IFCS EOP STA: POPTS: SPECIAL:cfi VLAN=000 PRI=0
00:02:07.028008 0000000035493450: Type=Context
00:02:07.028008         IPCSS=00 IPCSO=00 IPCSE=0000 TUCSS=22 TUCSO=32 TUCSE=0000
00:02:07.028009         TUCMD: IPv6 TCP PAYLEN=0000 HDRLEN=0000 MSS=0000 STA: 
00:02:07.028009 0000000035493460: Type=Data Address=        DC169800 DTALEN=00042
00:02:07.028010         DCMD: IDE RS IFCS EOP STA: POPTS: SPECIAL:cfi VLAN=000 PRI=0
00:02:07.028011 0000000035493470: Type=Context
00:02:07.028011         IPCSS=00 IPCSO=00 IPCSE=0000 TUCSS=22 TUCSO=32 TUCSE=0000
00:02:07.028011         TUCMD: IPv6 TCP PAYLEN=0000 HDRLEN=0000 MSS=0000 STA: 
00:02:07.028012 0000000035493480: Type=Data Address=        DC16A800 DTALEN=00042
00:02:07.028012         DCMD: IDE RS IFCS EOP STA: POPTS: SPECIAL:cfi VLAN=000 PRI=0
00:02:07.028013 0000000035493490: Type=Context
00:02:07.028014         IPCSS=00 IPCSO=00 IPCSE=0000 TUCSS=22 TUCSO=32 TUCSE=0000
00:02:07.028014         TUCMD: IPv6 TCP PAYLEN=0000 HDRLEN=0000 MSS=0000 STA: 
00:02:07.028015 00000000354934a0: Type=Data Address=        DC16B000 DTALEN=00042
00:02:07.028015         DCMD: IDE RS IFCS EOP STA: POPTS: SPECIAL:cfi VLAN=000 PRI=0
00:02:07.028016 00000000354934b0: Type=Context
00:02:07.028016         IPCSS=00 IPCSO=00 IPCSE=0000 TUCSS=22 TUCSO=32 TUCSE=0000
00:02:07.028017         TUCMD: IPv6 TCP PAYLEN=0000 HDRLEN=0000 MSS=0000 STA: 
00:02:07.028018 00000000354934c0: Type=Data Address=        DC16B800 DTALEN=00042
00:02:07.028018         DCMD: IDE RS IFCS EOP STA: POPTS: SPECIAL:cfi VLAN=000 PRI=0
00:02:07.028019 00000000354934d0: Type=Context
00:02:07.028019         IPCSS=00 IPCSO=00 IPCSE=0000 TUCSS=22 TUCSO=32 TUCSE=0000
00:02:07.028019         TUCMD: IPv6 TCP PAYLEN=0000 HDRLEN=0000 MSS=0000 STA: 
00:02:07.028020 00000000354934e0: Type=Data Address=        DC16C000 DTALEN=0003C
00:02:07.028021         DCMD: IDE RS IFCS EOP STA: POPTS: SPECIAL:cfi VLAN=000 PRI=0
00:02:07.028022 00000000354934f0: Type=Context
00:02:07.028022         IPCSS=00 IPCSO=00 IPCSE=0000 TUCSS=22 TUCSO=32 TUCSE=0000
00:02:07.028022         TUCMD: IPv6 TCP PAYLEN=0000 HDRLEN=0000 MSS=0000 STA: 
00:02:07.028023 0000000035493500: Type=Data Address=        DC16C800 DTALEN=0003C
00:02:07.028023         DCMD: IDE RS IFCS EOP STA: POPTS: SPECIAL:cfi VLAN=000 PRI=0
00:02:07.028024 0000000035493510: Type=Context
00:02:07.028025         IPCSS=00 IPCSO=00 IPCSE=0000 TUCSS=22 TUCSO=32 TUCSE=0000
00:02:07.028025         TUCMD: IPv6 TCP PAYLEN=0000 HDRLEN=0000 MSS=0000 STA: 
00:02:07.028026 0000000035493520: Type=Data Address=        DC16D800 DTALEN=0003C
00:02:07.028026         DCMD: IDE RS IFCS EOP STA: POPTS: SPECIAL:cfi VLAN=000 PRI=0
00:02:07.028027 0000000035493530: Type=Context
00:02:07.028027         IPCSS=00 IPCSO=00 IPCSE=0000 TUCSS=22 TUCSO=32 TUCSE=0000
00:02:07.028028         TUCMD: IPv6 TCP PAYLEN=0000 HDRLEN=0000 MSS=0000 STA: 
00:02:07.028029 0000000035493540: Type=Data Address=        DC16E000 DTALEN=0003C
00:02:07.028029         DCMD: IDE RS IFCS EOP STA: POPTS: SPECIAL:cfi VLAN=000 PRI=0
00:02:07.028030 0000000035493550: Type=Context
00:02:07.028030         IPCSS=00 IPCSO=00 IPCSE=0000 TUCSS=22 TUCSO=32 TUCSE=0000
00:02:07.028030         TUCMD: IPv6 TCP PAYLEN=0000 HDRLEN=0000 MSS=0000 STA: 
00:02:07.028031 0000000035493560: Type=Data Address=        DC16F800 DTALEN=001BE
00:02:07.028032         DCMD: IDE RS IFCS EOP STA: POPTS: SPECIAL:cfi VLAN=000 PRI=0
00:02:07.028033 0000000035493570: Type=Context
00:02:07.028033         IPCSS=0E IPCSO=18 IPCSE=0021 TUCSS=22 TUCSO=32 TUCSE=0000
00:02:07.028033         TUCMD: TSE IPv4 TCP PAYLEN=06d1 HDRLEN=0000 MSS=0000 STA: 
00:02:07.028034 0000000035493580: Type=Data Address=        DC170000 DTALEN=005C6
00:02:07.028035         DCMD: TSE IFCS STA: POPTS: SPECIAL:cfi VLAN=000 PRI=0
00:02:07.028035 0000000035493590: Type=Data Address=        DC170800 DTALEN=0013D
00:02:07.028036         DCMD: TSE IFCS STA: POPTS: SPECIAL:cfi VLAN=000 PRI=0
00:02:07.028037 00000000354935a0: Type=Data Address=        DC171000 DTALEN=00004
00:02:07.028037         DCMD: IDE RS TSE IFCS EOP STA: POPTS: SPECIAL:cfi VLAN=000 PRI=0
00:02:07.028038 00000000354935b0: Type=Context
00:02:07.028038         IPCSS=00 IPCSO=00 IPCSE=0000 TUCSS=22 TUCSO=32 TUCSE=0000
00:02:07.028038         TUCMD: IPv6 TCP PAYLEN=0000 HDRLEN=0000 MSS=0000 STA: 
00:02:07.028040 00000000354935c0: Type=Data Address=        DC171800 DTALEN=0025A
00:02:07.028040         DCMD: IFCS STA: POPTS: SPECIAL:cfi VLAN=000 PRI=0
00:02:07.028041 00000000354935d0: Type=Data Address=        DC172000 DTALEN=00004
00:02:07.028041         DCMD: IDE RS IFCS EOP STA: POPTS: SPECIAL:cfi VLAN=000 PRI=0
00:02:07.028042 00000000354935e0: Type=Context
00:02:07.028042         IPCSS=00 IPCSO=00 IPCSE=0000 TUCSS=22 TUCSO=32 TUCSE=0000
00:02:07.028043         TUCMD: IPv6 TCP PAYLEN=0000 HDRLEN=0000 MSS=0000 STA: 
00:02:07.028044 00000000354935f0: Type=Data Address=        DC173000 DTALEN=0053A
00:02:07.028044         DCMD: IDE RS IFCS EOP STA: POPTS: SPECIAL:cfi VLAN=000 PRI=0
00:02:07.028045 0000000035493600: Type=Context
00:02:07.028045         IPCSS=0E IPCSO=18 IPCSE=0021 TUCSS=22 TUCSO=32 TUCSE=0000
00:02:07.028045         TUCMD: TSE IPv4 TCP PAYLEN=0d23 HDRLEN=0000 MSS=0000 STA: 
00:02:07.028046 0000000035493610: Type=Data Address=        DC173800 DTALEN=005C6
00:02:07.028047         DCMD: TSE IFCS STA: POPTS: SPECIAL:cfi VLAN=000 PRI=0
00:02:07.028048 0000000035493620: Type=Data Address=        DC174000 DTALEN=0078F
00:02:07.028048         DCMD: TSE IFCS STA: POPTS: SPECIAL:cfi VLAN=000 PRI=0
00:02:07.028049 0000000035493630: Type=Data Address=        DC174800 DTALEN=00004
00:02:07.028049         DCMD: IDE RS TSE IFCS EOP STA: POPTS: SPECIAL:cfi VLAN=000 PRI=0
00:02:07.028050 0000000035493640: Type=Context
00:02:07.028051         IPCSS=00 IPCSO=00 IPCSE=0000 TUCSS=22 TUCSO=32 TUCSE=0000
00:02:07.028051         TUCMD: IPv6 TCP PAYLEN=0000 HDRLEN=0000 MSS=0000 STA: 
00:02:07.028052 0000000035493650: Type=Data Address=        DC175000 DTALEN=00038
00:02:07.028052         DCMD: IFCS STA: POPTS: SPECIAL:cfi VLAN=000 PRI=0
00:02:07.028053 0000000035493660: Type=Data Address=        DC175800 DTALEN=00004
00:02:07.028053         DCMD: IDE RS IFCS EOP STA: POPTS: SPECIAL:cfi VLAN=000 PRI=0
00:02:07.028055 0000000035493670: Type=Context
00:02:07.028055         IPCSS=00 IPCSO=00 IPCSE=0000 TUCSS=22 TUCSO=32 TUCSE=0000
00:02:07.028055         TUCMD: IPv6 TCP PAYLEN=0000 HDRLEN=0000 MSS=0000 STA: 
00:02:07.028056 0000000035493680: Type=Data Address=        DC176800 DTALEN=0053A
00:02:07.028056         DCMD: IDE RS IFCS EOP STA: POPTS: SPECIAL:cfi VLAN=000 PRI=0
00:02:07.028057 0000000035493690: Type=Context
00:02:07.028058         IPCSS=0E IPCSO=18 IPCSE=0021 TUCSS=22 TUCSO=32 TUCSE=0000
00:02:07.028058         TUCMD: TSE IPv4 TCP PAYLEN=0d22 HDRLEN=0000 MSS=0000 STA: 
00:02:07.028059 00000000354936a0: Type=Data Address=        DC177000 DTALEN=005C6
00:02:07.028059         DCMD: TSE IFCS STA: POPTS: SPECIAL:cfi VLAN=000 PRI=0
00:02:07.028060 00000000354936b0: Type=Data Address=        DC177800 DTALEN=0078E
00:02:07.028061         DCMD: TSE IFCS STA: POPTS: SPECIAL:cfi VLAN=000 PRI=0
00:02:07.028062 00000000354936c0: Type=Data Address=        DC178000 DTALEN=00004
00:02:07.028062         DCMD: IDE RS TSE IFCS EOP STA: POPTS: SPECIAL:cfi VLAN=000 PRI=0
00:02:07.028063 00000000354936d0: Type=Context
00:02:07.028063         IPCSS=00 IPCSO=00 IPCSE=0000 TUCSS=22 TUCSO=28 TUCSE=0000
00:02:07.028063         TUCMD: IPv6 UDP PAYLEN=0000 HDRLEN=0000 MSS=0000 STA: 
00:02:07.028064 00000000354936e0: Type=Data Address=        DC179000 DTALEN=00056
00:02:07.028065         DCMD: IFCS STA: POPTS: SPECIAL:cfi VLAN=000 PRI=0
00:02:07.028066 00000000354936f0: Type=Data Address=        DC179800 DTALEN=00004
00:02:07.028066         DCMD: IDE RS IFCS EOP STA: POPTS: SPECIAL:cfi VLAN=000 PRI=0
00:02:07.028067 0000000035493700: Type=Context
00:02:07.028067         IPCSS=00 IPCSO=00 IPCSE=0000 TUCSS=22 TUCSO=32 TUCSE=0000
00:02:07.028068         TUCMD: IPv6 TCP PAYLEN=0000 HDRLEN=0000 MSS=0000 STA: 
00:02:07.028068 0000000035493710: Type=Data Address=        DC17A000 DTALEN=0003C
00:02:07.028069         DCMD: IDE RS IFCS EOP STA: POPTS: SPECIAL:cfi VLAN=000 PRI=0
00:02:07.028070 0000000035493720: Type=Context
00:02:07.028070         IPCSS=00 IPCSO=00 IPCSE=0000 TUCSS=22 TUCSO=32 TUCSE=0000
00:02:07.028070         TUCMD: IPv6 TCP PAYLEN=0000 HDRLEN=0000 MSS=0000 STA: 
00:02:07.028071 0000000035493730: Type=Data Address=        DC17A800 DTALEN=0026F
00:02:07.028071         DCMD: IDE RS IFCS EOP STA: POPTS: SPECIAL:cfi VLAN=000 PRI=0
00:02:07.028072 0000000035493740: Type=Legacy Address=        DC17B800 DTALEN=0003C
00:02:07.028073         CMD: IDE RS IFCS EOP STA: CSO=00 CSS=00 SPECIAL:cfi VLAN=000 PRI=0
00:02:07.028074 0000000035493750: Type=Context
00:02:07.028074         IPCSS=00 IPCSO=00 IPCSE=0000 TUCSS=22 TUCSO=32 TUCSE=0000
00:02:07.028074         TUCMD: IPv6 TCP PAYLEN=0000 HDRLEN=0000 MSS=0000 STA: 
00:02:07.028075 0000000035493760: Type=Data Address=        DC17C000 DTALEN=0003C
00:02:07.028075         DCMD: IDE RS IFCS EOP STA: POPTS: SPECIAL:cfi VLAN=000 PRI=0
00:02:07.028077 0000000035493770: Type=Context
00:02:07.028077         IPCSS=0E IPCSO=18 IPCSE=0021 TUCSS=22 TUCSO=32 TUCSE=0000
00:02:07.028077         TUCMD: TSE IPv4 TCP PAYLEN=0b68 HDRLEN=0000 MSS=0000 STA: 
00:02:07.028078 0000000035493780: Type=Data Address=        DC17C800 DTALEN=005C6
00:02:07.028078         DCMD: TSE IFCS STA: POPTS: SPECIAL:cfi VLAN=000 PRI=0
00:02:07.028079 0000000035493790: Type=Data Address=        DC17D000 DTALEN=005D4
00:02:07.028080         DCMD: TSE IFCS STA: POPTS: SPECIAL:cfi VLAN=000 PRI=0
00:02:07.028081 00000000354937a0: Type=Data Address=        DC17D800 DTALEN=00004
00:02:07.028081         DCMD: IDE RS TSE IFCS EOP STA: POPTS: SPECIAL:cfi VLAN=000 PRI=0
00:02:07.028082 00000000354937b0: Type=Context
00:02:07.028082         IPCSS=00 IPCSO=00 IPCSE=0000 TUCSS=22 TUCSO=32 TUCSE=0000
00:02:07.028082         TUCMD: IPv6 TCP PAYLEN=0000 HDRLEN=0000 MSS=0000 STA: 
00:02:07.028083 00000000354937c0: Type=Data Address=        DC17E000 DTALEN=00036
00:02:07.028084         DCMD: IFCS STA: POPTS: SPECIAL:cfi VLAN=000 PRI=0
00:02:07.028085 00000000354937d0: Type=Data Address=        DC17E800 DTALEN=001BA
00:02:07.028085         DCMD: IDE RS IFCS EOP STA: POPTS: SPECIAL:cfi VLAN=000 PRI=0
00:02:07.028086 00000000354937e0: Type=Context
00:02:07.028086         IPCSS=00 IPCSO=00 IPCSE=0000 TUCSS=22 TUCSO=32 TUCSE=0000
00:02:07.028086         TUCMD: IPv6 TCP PAYLEN=0000 HDRLEN=0000 MSS=0000 STA: 
00:02:07.028087 00000000354937f0: Type=Data Address=        DC181000 DTALEN=00038
00:02:07.028088         DCMD: IFCS STA: POPTS: SPECIAL:cfi VLAN=000 PRI=0
00:02:07.028089 0000000035493800: Type=Data Address=        DC181800 DTALEN=00004
00:02:07.028089         DCMD: IDE RS IFCS EOP STA: POPTS: SPECIAL:cfi VLAN=000 PRI=0
00:02:07.028090 0000000035493810: Type=Context
00:02:07.028090         IPCSS=00 IPCSO=00 IPCSE=0000 TUCSS=22 TUCSO=32 TUCSE=0000
00:02:07.028090         TUCMD: IPv6 TCP PAYLEN=0000 HDRLEN=0000 MSS=0000 STA: 
00:02:07.028091 0000000035493820: Type=Data Address=        DC182000 DTALEN=0003C
00:02:07.028092         DCMD: IDE RS IFCS EOP STA: POPTS: SPECIAL:cfi VLAN=000 PRI=0
00:02:07.028093 0000000035493830: Type=Context
00:02:07.028093         IPCSS=00 IPCSO=00 IPCSE=0000 TUCSS=22 TUCSO=32 TUCSE=0000
00:02:07.028093         TUCMD: IPv6 TCP PAYLEN=0000 HDRLEN=0000 MSS=0000 STA: 
00:02:07.028094 0000000035493840: Type=Data Address=        DC183000 DTALEN=0003C
00:02:07.028094         DCMD: IDE RS IFCS EOP STA: POPTS: SPECIAL:cfi VLAN=000 PRI=0
00:02:07.028095 0000000035493850: Type=Context
00:02:07.028096         IPCSS=00 IPCSO=00 IPCSE=0000 TUCSS=22 TUCSO=32 TUCSE=0000
00:02:07.028096         TUCMD: IPv6 TCP PAYLEN=0000 HDRLEN=0000 MSS=0000 STA: 
00:02:07.028097 0000000035493860: Type=Data Address=        DC184000 DTALEN=0003C
00:02:07.028097         DCMD: IDE RS IFCS EOP STA: POPTS: SPECIAL:cfi VLAN=000 PRI=0
00:02:07.028098 0000000035493870: Type=Context
00:02:07.028099         IPCSS=00 IPCSO=00 IPCSE=0000 TUCSS=22 TUCSO=32 TUCSE=0000
00:02:07.028099         TUCMD: IPv6 TCP PAYLEN=0000 HDRLEN=0000 MSS=0000 STA: 
00:02:07.028100 0000000035493880: Type=Data Address=        DC186800 DTALEN=0003C
00:02:07.028100         DCMD: IDE RS IFCS EOP STA: POPTS: SPECIAL:cfi VLAN=000 PRI=0
00:02:07.028101 0000000035493890: Type=Context
00:02:07.028101         IPCSS=00 IPCSO=00 IPCSE=0000 TUCSS=22 TUCSO=32 TUCSE=0000
00:02:07.028102         TUCMD: IPv6 TCP PAYLEN=0000 HDRLEN=0000 MSS=0000 STA: 
00:02:07.028128 00000000354938a0: Type=Data Address=        DC187000 DTALEN=0003C
00:02:07.028128         DCMD: IDE RS IFCS EOP STA: POPTS: SPECIAL:cfi VLAN=000 PRI=0
00:02:07.028129 00000000354938b0: Type=Context
00:02:07.028130         IPCSS=00 IPCSO=00 IPCSE=0000 TUCSS=22 TUCSO=32 TUCSE=0000
00:02:07.028130         TUCMD: IPv6 TCP PAYLEN=0000 HDRLEN=0000 MSS=0000 STA: 
00:02:07.028131 00000000354938c0: Type=Data Address=        DC187800 DTALEN=0003C
00:02:07.028131         DCMD: IDE RS IFCS EOP STA: POPTS: SPECIAL:cfi VLAN=000 PRI=0
00:02:07.028132 00000000354938d0: Type=Context
00:02:07.028132         IPCSS=00 IPCSO=00 IPCSE=0000 TUCSS=22 TUCSO=32 TUCSE=0000
00:02:07.028133         TUCMD: IPv6 TCP PAYLEN=0000 HDRLEN=0000 MSS=0000 STA: 
00:02:07.028134 00000000354938e0: Type=Data Address=        DC188000 DTALEN=0003C
00:02:07.028134         DCMD: IDE RS IFCS EOP STA: POPTS: SPECIAL:cfi VLAN=000 PRI=0
00:02:07.028135 00000000354938f0: Type=Context
00:02:07.028135         IPCSS=00 IPCSO=00 IPCSE=0000 TUCSS=22 TUCSO=32 TUCSE=0000
00:02:07.028136         TUCMD: IPv6 TCP PAYLEN=0000 HDRLEN=0000 MSS=0000 STA: 
00:02:07.028137 0000000035493900: Type=Data Address=        DC188800 DTALEN=0003C
00:02:07.028137         DCMD: IDE RS IFCS EOP STA: POPTS: SPECIAL:cfi VLAN=000 PRI=0
00:02:07.028138 0000000035493910: Type=Context
00:02:07.028138         IPCSS=0E IPCSO=18 IPCSE=0021 TUCSS=22 TUCSO=32 TUCSE=0000
00:02:07.028138         TUCMD: TSE IPv4 TCP PAYLEN=0b68 HDRLEN=0000 MSS=0000 STA: 
00:02:07.028139 0000000035493920: Type=Data Address=        DC189800 DTALEN=005C6
00:02:07.028140         DCMD: TSE IFCS STA: POPTS: SPECIAL:cfi VLAN=000 PRI=0
00:02:07.028141 0000000035493930: Type=Data Address=        DC18A000 DTALEN=005D4
00:02:07.028141         DCMD: TSE IFCS STA: POPTS: SPECIAL:cfi VLAN=000 PRI=0
00:02:07.028142 0000000035493940: Type=Data Address=        DC18A800 DTALEN=00004
00:02:07.028142         DCMD: IDE RS TSE IFCS EOP STA: POPTS: SPECIAL:cfi VLAN=000 PRI=0
00:02:07.028143 0000000035493950: Type=Context
00:02:07.028143         IPCSS=00 IPCSO=00 IPCSE=0000 TUCSS=22 TUCSO=32 TUCSE=0000
00:02:07.028144         TUCMD: IPv6 TCP PAYLEN=0000 HDRLEN=0000 MSS=0000 STA: 
00:02:07.028145 0000000035493960: Type=Data Address=        DC18B000 DTALEN=00036
00:02:07.028145         DCMD: IFCS STA: POPTS: SPECIAL:cfi VLAN=000 PRI=0
00:02:07.028146 0000000035493970: Type=Data Address=        DC18B800 DTALEN=001BA
00:02:07.028146         DCMD: IDE RS IFCS EOP STA: POPTS: SPECIAL:cfi VLAN=000 PRI=0
00:02:07.028147 0000000035493980: Type=Context
00:02:07.028148         IPCSS=00 IPCSO=00 IPCSE=0000 TUCSS=22 TUCSO=32 TUCSE=0000
00:02:07.028148         TUCMD: IPv6 TCP PAYLEN=0000 HDRLEN=0000 MSS=0000 STA: 
00:02:07.028149 0000000035493990: Type=Data Address=        DC18C800 DTALEN=00038
00:02:07.028149         DCMD: IFCS STA: POPTS: SPECIAL:cfi VLAN=000 PRI=0
00:02:07.028150 00000000354939a0: Type=Data Address=        DC18D000 DTALEN=00004
00:02:07.028150         DCMD: IDE RS IFCS EOP STA: POPTS: SPECIAL:cfi VLAN=000 PRI=0
00:02:07.028151 00000000354939b0: Type=Context
00:02:07.028152         IPCSS=00 IPCSO=00 IPCSE=0000 TUCSS=22 TUCSO=32 TUCSE=0000
00:02:07.028152         TUCMD: IPv6 TCP PAYLEN=0000 HDRLEN=0000 MSS=0000 STA: 
00:02:07.028153 00000000354939c0: Type=Data Address=        DC18E800 DTALEN=001A0
00:02:07.028153         DCMD: IDE RS IFCS EOP STA: POPTS: SPECIAL:cfi VLAN=000 PRI=0
00:02:07.028154 >>> 00000000354939d0: Type=Data Address=        DC118800 DTALEN=00038
00:02:07.028154         DCMD: IFCS STA: POPTS: SPECIAL:cfi VLAN=000 PRI=0
00:02:07.028156 00000000354939e0: Type=Data Address=        DC119000 DTALEN=00004
00:02:07.028156         DCMD: IDE RS IFCS EOP STA: POPTS: SPECIAL:cfi VLAN=000 PRI=0
00:02:07.028157 00000000354939f0: Type=Context
00:02:07.028157         IPCSS=00 IPCSO=00 IPCSE=0000 TUCSS=22 TUCSO=32 TUCSE=0000
00:02:07.028157         TUCMD: IPv6 TCP PAYLEN=0000 HDRLEN=0000 MSS=0000 STA: 
00:02:07.028158 0000000035493a00: Type=Data Address=        DC119800 DTALEN=004A4
00:02:07.028159         DCMD: IDE RS IFCS EOP STA: POPTS: SPECIAL:cfi VLAN=000 PRI=0
00:02:07.028160 0000000035493a10: Type=Context
00:02:07.028160         IPCSS=00 IPCSO=00 IPCSE=0000 TUCSS=22 TUCSO=32 TUCSE=0000
00:02:07.028160         TUCMD: IPv6 TCP PAYLEN=0000 HDRLEN=0000 MSS=0000 STA: 
00:02:07.028161 0000000035493a20: Type=Data Address=        DC11A800 DTALEN=0003C
00:02:07.028161         DCMD: IDE RS IFCS EOP STA: POPTS: SPECIAL:cfi VLAN=000 PRI=0
00:02:07.028162 0000000035493a30: Type=Context
00:02:07.028163         IPCSS=0E IPCSO=18 IPCSE=0021 TUCSS=22 TUCSO=32 TUCSE=0000
00:02:07.028163         TUCMD: TSE IPv4 TCP PAYLEN=0b68 HDRLEN=0000 MSS=0000 STA: 
00:02:07.028164 0000000035493a40: Type=Data Address=        DC11B000 DTALEN=005C6
00:02:07.028164         DCMD: TSE IFCS STA: POPTS: SPECIAL:cfi VLAN=000 PRI=0
00:02:07.028165 0000000035493a50: Type=Data Address=        DC11B800 DTALEN=005D4
00:02:07.028165         DCMD: TSE IFCS STA: POPTS: SPECIAL:cfi VLAN=000 PRI=0
00:02:07.028166 0000000035493a60: Type=Data Address=        DC11C000 DTALEN=00004
00:02:07.028167         DCMD: IDE RS TSE IFCS EOP STA: POPTS: SPECIAL:cfi VLAN=000 PRI=0
00:02:07.028168 0000000035493a70: Type=Context
00:02:07.028168         IPCSS=00 IPCSO=00 IPCSE=0000 TUCSS=22 TUCSO=32 TUCSE=0000
00:02:07.028168         TUCMD: IPv6 TCP PAYLEN=0000 HDRLEN=0000 MSS=0000 STA: 
00:02:07.028169 0000000035493a80: Type=Data Address=        DC11C800 DTALEN=00036
00:02:07.028170         DCMD: IFCS STA: POPTS: SPECIAL:cfi VLAN=000 PRI=0
00:02:07.028171 0000000035493a90: Type=Data Address=        DC11D000 DTALEN=001BA
00:02:07.028171         DCMD: IDE RS IFCS EOP STA: POPTS: SPECIAL:cfi VLAN=000 PRI=0
00:02:07.028172 0000000035493aa0: Type=Context
00:02:07.028172         IPCSS=00 IPCSO=00 IPCSE=0000 TUCSS=22 TUCSO=32 TUCSE=0000
00:02:07.028172         TUCMD: IPv6 TCP PAYLEN=0000 HDRLEN=0000 MSS=0000 STA: 
00:02:07.028173 0000000035493ab0: Type=Data Address=        DC11E000 DTALEN=00038
00:02:07.028174         DCMD: IFCS STA: POPTS: SPECIAL:cfi VLAN=000 PRI=0
00:02:07.028175 0000000035493ac0: Type=Data Address=        DC11E800 DTALEN=00004
00:02:07.028175         DCMD: IDE RS IFCS EOP STA: POPTS: SPECIAL:cfi VLAN=000 PRI=0
00:02:07.028176 0000000035493ad0: Type=Context
00:02:07.028176         IPCSS=00 IPCSO=00 IPCSE=0000 TUCSS=22 TUCSO=32 TUCSE=0000
00:02:07.028176         TUCMD: IPv6 TCP PAYLEN=0000 HDRLEN=0000 MSS=0000 STA: 
00:02:07.028178 0000000035493ae0: Type=Data Address=        DC11F000 DTALEN=0026F
00:02:07.028178         DCMD: IDE RS IFCS EOP STA: POPTS: SPECIAL:cfi VLAN=000 PRI=0
00:02:07.028179 0000000035493af0: Type=Context
00:02:07.028179         IPCSS=00 IPCSO=00 IPCSE=0000 TUCSS=22 TUCSO=32 TUCSE=0000
00:02:07.028179         TUCMD: IPv6 TCP PAYLEN=0000 HDRLEN=0000 MSS=0000 STA: 
00:02:07.028181 0000000035493b00: Type=Data Address=        DC120000 DTALEN=0003C
00:02:07.028181         DCMD: IDE RS IFCS EOP STA: POPTS: SPECIAL:cfi VLAN=000 PRI=0
00:02:07.028182 0000000035493b10: Type=Context
00:02:07.028182         IPCSS=0E IPCSO=18 IPCSE=0021 TUCSS=22 TUCSO=32 TUCSE=0000
00:02:07.028182         TUCMD: TSE IPv4 TCP PAYLEN=0b68 HDRLEN=0000 MSS=0000 STA: 
00:02:07.028183 0000000035493b20: Type=Data Address=        DC120800 DTALEN=005C6
00:02:07.028184         DCMD: TSE IFCS STA: POPTS: SPECIAL:cfi VLAN=000 PRI=0
00:02:07.028185 0000000035493b30: Type=Data Address=        DC121000 DTALEN=005D4
00:02:07.028185         DCMD: TSE IFCS STA: POPTS: SPECIAL:cfi VLAN=000 PRI=0
00:02:07.028186 0000000035493b40: Type=Data Address=        DC121800 DTALEN=00004
00:02:07.028186         DCMD: IDE RS TSE IFCS EOP STA: POPTS: SPECIAL:cfi VLAN=000 PRI=0
00:02:07.028187 0000000035493b50: Type=Context
00:02:07.028187         IPCSS=00 IPCSO=00 IPCSE=0000 TUCSS=22 TUCSO=32 TUCSE=0000
00:02:07.028188         TUCMD: IPv6 TCP PAYLEN=0000 HDRLEN=0000 MSS=0000 STA: 
00:02:07.028189 0000000035493b60: Type=Data Address=        DC122000 DTALEN=00036
00:02:07.028189         DCMD: IFCS STA: POPTS: SPECIAL:cfi VLAN=000 PRI=0
00:02:07.028190 0000000035493b70: Type=Data Address=        DC122800 DTALEN=001BA
00:02:07.028190         DCMD: IDE RS IFCS EOP STA: POPTS: SPECIAL:cfi VLAN=000 PRI=0
00:02:07.028191 0000000035493b80: Type=Context
00:02:07.028191         IPCSS=00 IPCSO=00 IPCSE=0000 TUCSS=22 TUCSO=32 TUCSE=0000
00:02:07.028192         TUCMD: IPv6 TCP PAYLEN=0000 HDRLEN=0000 MSS=0000 STA: 
00:02:07.028193 0000000035493b90: Type=Data Address=        DC123800 DTALEN=00038
00:02:07.028193         DCMD: IFCS STA: POPTS: SPECIAL:cfi VLAN=000 PRI=0
00:02:07.028194 0000000035493ba0: Type=Data Address=        DC124000 DTALEN=00004
00:02:07.028194         DCMD: IDE RS IFCS EOP STA: POPTS: SPECIAL:cfi VLAN=000 PRI=0
00:02:07.028195 0000000035493bb0: Type=Context
00:02:07.028195         IPCSS=00 IPCSO=00 IPCSE=0000 TUCSS=22 TUCSO=32 TUCSE=0000
00:02:07.028196         TUCMD: IPv6 TCP PAYLEN=0000 HDRLEN=0000 MSS=0000 STA: 
00:02:07.028197 0000000035493bc0: Type=Data Address=        DC124800 DTALEN=003B8
00:02:07.028197         DCMD: IDE RS IFCS EOP STA: POPTS: SPECIAL:cfi VLAN=000 PRI=0
00:02:07.028198 0000000035493bd0: Type=Context
00:02:07.028198         IPCSS=0E IPCSO=18 IPCSE=0021 TUCSS=22 TUCSO=32 TUCSE=0000
00:02:07.028198         TUCMD: TSE IPv4 TCP PAYLEN=0b68 HDRLEN=0000 MSS=0000 STA: 
00:02:07.028199 0000000035493be0: Type=Data Address=        DC125800 DTALEN=005C6
00:02:07.028200         DCMD: TSE IFCS STA: POPTS: SPECIAL:cfi VLAN=000 PRI=0
00:02:07.028201 0000000035493bf0: Type=Data Address=        DC126000 DTALEN=005D4
00:02:07.028201         DCMD: TSE IFCS STA: POPTS: SPECIAL:cfi VLAN=000 PRI=0
00:02:07.028202 0000000035493c00: Type=Data Address=        DC126800 DTALEN=00004
00:02:07.028202         DCMD: IDE RS TSE IFCS EOP STA: POPTS: SPECIAL:cfi VLAN=000 PRI=0
00:02:07.028203 0000000035493c10: Type=Context
00:02:07.028203         IPCSS=00 IPCSO=00 IPCSE=0000 TUCSS=22 TUCSO=32 TUCSE=0000
00:02:07.028204         TUCMD: IPv6 TCP PAYLEN=0000 HDRLEN=0000 MSS=0000 STA: 
00:02:07.028205 0000000035493c20: Type=Data Address=        DC127000 DTALEN=00036
00:02:07.028205         DCMD: IFCS STA: POPTS: SPECIAL:cfi VLAN=000 PRI=0
00:02:07.028206 0000000035493c30: Type=Data Address=        DC127800 DTALEN=00494
00:02:07.028206         DCMD: IDE RS IFCS EOP STA: POPTS: SPECIAL:cfi VLAN=000 PRI=0
00:02:07.028207 0000000035493c40: Type=Context
00:02:07.028207         IPCSS=00 IPCSO=00 IPCSE=0000 TUCSS=22 TUCSO=32 TUCSE=0000
00:02:07.028208         TUCMD: IPv6 TCP PAYLEN=0000 HDRLEN=0000 MSS=0000 STA: 
00:02:07.028208 0000000035493c50: Type=Data Address=        DC128800 DTALEN=00038
00:02:07.028209         DCMD: IFCS STA: POPTS: SPECIAL:cfi VLAN=000 PRI=0
00:02:07.028210 0000000035493c60: Type=Data Address=        DC129000 DTALEN=00004
00:02:07.028210         DCMD: IDE RS IFCS EOP STA: POPTS: SPECIAL:cfi VLAN=000 PRI=0
00:02:07.028211 0000000035493c70: Type=Context
00:02:07.028211         IPCSS=00 IPCSO=00 IPCSE=0000 TUCSS=22 TUCSO=32 TUCSE=0000
00:02:07.028211         TUCMD: IPv6 TCP PAYLEN=0000 HDRLEN=0000 MSS=0000 STA: 
00:02:07.028212 0000000035493c80: Type=Data Address=        DC12A000 DTALEN=00042
00:02:07.028213         DCMD: IDE RS IFCS EOP STA: POPTS: SPECIAL:cfi VLAN=000 PRI=0
00:02:07.028214 0000000035493c90: Type=Context
00:02:07.028214         IPCSS=00 IPCSO=00 IPCSE=0000 TUCSS=22 TUCSO=32 TUCSE=0000
00:02:07.028214         TUCMD: IPv6 TCP PAYLEN=0000 HDRLEN=0000 MSS=0000 STA: 
00:02:07.028215 0000000035493ca0: Type=Data Address=        DC12B000 DTALEN=00042
00:02:07.028215         DCMD: IDE RS IFCS EOP STA: POPTS: SPECIAL:cfi VLAN=000 PRI=0
00:02:07.028216 0000000035493cb0: Type=Context
00:02:07.028217         IPCSS=00 IPCSO=00 IPCSE=0000 TUCSS=22 TUCSO=32 TUCSE=0000
00:02:07.028217         TUCMD: IPv6 TCP PAYLEN=0000 HDRLEN=0000 MSS=0000 STA: 
00:02:07.028218 0000000035493cc0: Type=Data Address=        DC12B800 DTALEN=0003C
00:02:07.028218         DCMD: IDE RS IFCS EOP STA: POPTS: SPECIAL:cfi VLAN=000 PRI=0
00:02:07.028219 0000000035493cd0: Type=Context
00:02:07.028219         IPCSS=00 IPCSO=00 IPCSE=0000 TUCSS=22 TUCSO=32 TUCSE=0000
00:02:07.028219         TUCMD: IPv6 TCP PAYLEN=0000 HDRLEN=0000 MSS=0000 STA: 
00:02:07.028221 0000000035493ce0: Type=Data Address=        DC12C000 DTALEN=0003C
00:02:07.028221         DCMD: IDE RS IFCS EOP STA: POPTS: SPECIAL:cfi VLAN=000 PRI=0
00:02:07.028222 0000000035493cf0: Type=Context
00:02:07.028222         IPCSS=0E IPCSO=18 IPCSE=0021 TUCSS=22 TUCSO=32 TUCSE=0000
00:02:07.028222         TUCMD: TSE IPv4 TCP PAYLEN=0b68 HDRLEN=0000 MSS=0000 STA: 
00:02:07.028223 0000000035493d00: Type=Data Address=        DC12D000 DTALEN=005C6
00:02:07.028224         DCMD: TSE IFCS STA: POPTS: SPECIAL:cfi VLAN=000 PRI=0
00:02:07.028225 0000000035493d10: Type=Data Address=        DC12D800 DTALEN=005D4
00:02:07.028225         DCMD: TSE IFCS STA: POPTS: SPECIAL:cfi VLAN=000 PRI=0
00:02:07.028226 0000000035493d20: Type=Data Address=        DC12E000 DTALEN=00004
00:02:07.028226         DCMD: IDE RS TSE IFCS EOP STA: POPTS: SPECIAL:cfi VLAN=000 PRI=0
00:02:07.028228 0000000035493d30: Type=Context
00:02:07.028228         IPCSS=0E IPCSO=18 IPCSE=0021 TUCSS=22 TUCSO=32 TUCSE=0000
00:02:07.028228         TUCMD: TSE IPv4 TCP PAYLEN=09e5 HDRLEN=0000 MSS=0000 STA: 
00:02:07.028229 0000000035493d40: Type=Data Address=        DC12E800 DTALEN=00036
00:02:07.028229         DCMD: TSE IFCS STA: POPTS: SPECIAL:cfi VLAN=000 PRI=0
00:02:07.028230 0000000035493d50: Type=Data Address=        DC12F000 DTALEN=009E1
00:02:07.028230         DCMD: TSE IFCS STA: POPTS: SPECIAL:cfi VLAN=000 PRI=0
00:02:07.028232 0000000035493d60: Type=Data Address=        DC130000 DTALEN=00004
00:02:07.028232         DCMD: IDE RS TSE IFCS EOP STA: POPTS: SPECIAL:cfi VLAN=000 PRI=0
00:02:07.028233 0000000035493d70: Type=Context
00:02:07.028233         IPCSS=0E IPCSO=18 IPCSE=0021 TUCSS=22 TUCSO=32 TUCSE=0000
00:02:07.028233         TUCMD: TSE IPv4 TCP PAYLEN=154e HDRLEN=0000 MSS=0000 STA: 
00:02:07.028234 0000000035493d80: Type=Data Address=        DC130800 DTALEN=005C6
00:02:07.028235         DCMD: TSE IFCS STA: POPTS: SPECIAL:cfi VLAN=000 PRI=0
00:02:07.028236 0000000035493d90: Type=Data Address=        DC131000 DTALEN=00FBA
00:02:07.028236         DCMD: TSE IFCS STA: POPTS: SPECIAL:cfi VLAN=000 PRI=0
00:02:07.028237 0000000035493da0: Type=Data Address=        DC132000 DTALEN=00004
00:02:07.028237         DCMD: IDE RS TSE IFCS EOP STA: POPTS: SPECIAL:cfi VLAN=000 PRI=0
00:02:07.028238 0000000035493db0: Type=Context
00:02:07.028239         IPCSS=00 IPCSO=00 IPCSE=0000 TUCSS=22 TUCSO=32 TUCSE=0000
00:02:07.028239         TUCMD: IPv6 TCP PAYLEN=0000 HDRLEN=0000 MSS=0000 STA: 
00:02:07.028240 0000000035493dc0: Type=Data Address=        DC133000 DTALEN=003B5
00:02:07.028240         DCMD: IFCS STA: POPTS: SPECIAL:cfi VLAN=000 PRI=0
00:02:07.028241 0000000035493dd0: Type=Data Address=        DC133800 DTALEN=00004
00:02:07.028241         DCMD: IDE RS IFCS EOP STA: POPTS: SPECIAL:cfi VLAN=000 PRI=0
00:02:07.028242 0000000035493de0: Type=Context
00:02:07.028242         IPCSS=00 IPCSO=00 IPCSE=0000 TUCSS=22 TUCSO=32 TUCSE=0000
00:02:07.028243         TUCMD: IPv6 TCP PAYLEN=0000 HDRLEN=0000 MSS=0000 STA: 
00:02:07.028244 0000000035493df0: Type=Data Address=        DC134000 DTALEN=003B9
00:02:07.028244         DCMD: IDE RS IFCS EOP STA: POPTS: SPECIAL:cfi VLAN=000 PRI=0
00:02:07.028245 0000000035493e00: Type=Context
00:02:07.028245         IPCSS=00 IPCSO=00 IPCSE=0000 TUCSS=22 TUCSO=32 TUCSE=0000
00:02:07.028246         TUCMD: IPv6 TCP PAYLEN=0000 HDRLEN=0000 MSS=0000 STA: 
00:02:07.028247 0000000035493e10: Type=Data Address=        DC13C800 DTALEN=0003C
00:02:07.028247         DCMD: IDE RS IFCS EOP STA: POPTS: SPECIAL:cfi VLAN=000 PRI=0
00:02:07.028248 0000000035493e20: Type=Context
00:02:07.028248         IPCSS=0E IPCSO=18 IPCSE=0021 TUCSS=22 TUCSO=32 TUCSE=0000
00:02:07.028248         TUCMD: TSE IPv4 TCP PAYLEN=0b68 HDRLEN=0000 MSS=0000 STA: 
00:02:07.028250 0000000035493e30: Type=Data Address=        DC13D000 DTALEN=005C6
00:02:07.028250         DCMD: TSE IFCS STA: POPTS: SPECIAL:cfi VLAN=000 PRI=0
00:02:07.028251 0000000035493e40: Type=Data Address=        DC13D800 DTALEN=005D4
00:02:07.028251         DCMD: TSE IFCS STA: POPTS: SPECIAL:cfi VLAN=000 PRI=0
00:02:07.028252 0000000035493e50: Type=Data Address=        DC13E000 DTALEN=00004
00:02:07.028252         DCMD: IDE RS TSE IFCS EOP STA: POPTS: SPECIAL:cfi VLAN=000 PRI=0
00:02:07.028253 0000000035493e60: Type=Context
00:02:07.028254         IPCSS=00 IPCSO=00 IPCSE=0000 TUCSS=22 TUCSO=32 TUCSE=0000
00:02:07.028254         TUCMD: IPv6 TCP PAYLEN=0000 HDRLEN=0000 MSS=0000 STA: 
00:02:07.028255 0000000035493e70: Type=Data Address=        DC13E800 DTALEN=00036
00:02:07.028255         DCMD: IFCS STA: POPTS: SPECIAL:cfi VLAN=000 PRI=0
00:02:07.028256 0000000035493e80: Type=Data Address=        DC13F000 DTALEN=001BA
00:02:07.028256         DCMD: IDE RS IFCS EOP STA: POPTS: SPECIAL:cfi VLAN=000 PRI=0
00:02:07.028257 0000000035493e90: Type=Context
00:02:07.028257         IPCSS=00 IPCSO=00 IPCSE=0000 TUCSS=22 TUCSO=32 TUCSE=0000
00:02:07.028258         TUCMD: IPv6 TCP PAYLEN=0000 HDRLEN=0000 MSS=0000 STA: 
00:02:07.028259 0000000035493ea0: Type=Data Address=        DC140000 DTALEN=00038
00:02:07.028259         DCMD: IFCS STA: POPTS: SPECIAL:cfi VLAN=000 PRI=0
00:02:07.028260 0000000035493eb0: Type=Data Address=        DC140800 DTALEN=00004
00:02:07.028260         DCMD: IDE RS IFCS EOP STA: POPTS: SPECIAL:cfi VLAN=000 PRI=0
00:02:07.028262 0000000035493ec0: Type=Context
00:02:07.028262         IPCSS=00 IPCSO=00 IPCSE=0000 TUCSS=22 TUCSO=32 TUCSE=0000
00:02:07.028262         TUCMD: IPv6 TCP PAYLEN=0000 HDRLEN=0000 MSS=0000 STA: 
00:02:07.028263 0000000035493ed0: Type=Data Address=        DC141000 DTALEN=0003C
00:02:07.028263         DCMD: IDE RS IFCS EOP STA: POPTS: SPECIAL:cfi VLAN=000 PRI=0
00:02:07.028264 0000000035493ee0: Type=Context
00:02:07.028264         IPCSS=00 IPCSO=00 IPCSE=0000 TUCSS=22 TUCSO=32 TUCSE=0000
00:02:07.028265         TUCMD: IPv6 TCP PAYLEN=0000 HDRLEN=0000 MSS=0000 STA: 
00:02:07.028266 0000000035493ef0: Type=Data Address=        DC141800 DTALEN=0003C
00:02:07.028266         DCMD: IDE RS IFCS EOP STA: POPTS: SPECIAL:cfi VLAN=000 PRI=0
00:02:07.028267 0000000035493f00: Type=Legacy Address=        DC142000 DTALEN=0003C
00:02:07.028267         CMD: IDE RS IFCS EOP STA: CSO=00 CSS=00 SPECIAL:cfi VLAN=000 PRI=0
00:02:07.028268 0000000035493f10: Type=Legacy Address=        DC142800 DTALEN=0003C
00:02:07.028269         CMD: IDE RS IFCS EOP STA: CSO=00 CSS=00 SPECIAL:cfi VLAN=000 PRI=0
00:02:07.028270 0000000035493f20: Type=Context
00:02:07.028270         IPCSS=00 IPCSO=00 IPCSE=0000 TUCSS=22 TUCSO=32 TUCSE=0000
00:02:07.028270         TUCMD: IPv6 TCP PAYLEN=0000 HDRLEN=0000 MSS=0000 STA: 
00:02:07.028271 0000000035493f30: Type=Data Address=        DC143000 DTALEN=0003C
00:02:07.028272         DCMD: IDE RS IFCS EOP STA: POPTS: SPECIAL:cfi VLAN=000 PRI=0
00:02:07.028273 0000000035493f40: Type=Context
00:02:07.028273         IPCSS=00 IPCSO=00 IPCSE=0000 TUCSS=22 TUCSO=32 TUCSE=0000
00:02:07.028273         TUCMD: IPv6 TCP PAYLEN=0000 HDRLEN=0000 MSS=0000 STA: 
00:02:07.028274 0000000035493f50: Type=Data Address=        DC143800 DTALEN=0003C
00:02:07.028274         DCMD: IDE RS IFCS EOP STA: POPTS: SPECIAL:cfi VLAN=000 PRI=0
00:02:07.028275 0000000035493f60: Type=Context
00:02:07.028276         IPCSS=0E IPCSO=18 IPCSE=0021 TUCSS=22 TUCSO=32 TUCSE=0000
00:02:07.028276         TUCMD: TSE IPv4 TCP PAYLEN=0b68 HDRLEN=0000 MSS=0000 STA: 
00:02:07.028277 0000000035493f70: Type=Data Address=        DC144000 DTALEN=005C6
00:02:07.028277         DCMD: TSE IFCS STA: POPTS: SPECIAL:cfi VLAN=000 PRI=0
00:02:07.028278 0000000035493f80: Type=Data Address=        DC144800 DTALEN=005D4
00:02:07.028278         DCMD: TSE IFCS STA: POPTS: SPECIAL:cfi VLAN=000 PRI=0
00:02:07.028280 0000000035493f90: Type=Data Address=        DC145000 DTALEN=00004
00:02:07.028280         DCMD: IDE RS TSE IFCS EOP STA: POPTS: SPECIAL:cfi VLAN=000 PRI=0
00:02:07.028281 0000000035493fa0: Type=Context
00:02:07.028281         IPCSS=00 IPCSO=00 IPCSE=0000 TUCSS=22 TUCSO=32 TUCSE=0000
00:02:07.028281         TUCMD: IPv6 TCP PAYLEN=0000 HDRLEN=0000 MSS=0000 STA: 
00:02:07.028282 0000000035493fb0: Type=Data Address=        DC145800 DTALEN=00036
00:02:07.028283         DCMD: IFCS STA: POPTS: SPECIAL:cfi VLAN=000 PRI=0
00:02:07.028284 0000000035493fc0: Type=Data Address=        DC146000 DTALEN=001BA
00:02:07.028284         DCMD: IDE RS IFCS EOP STA: POPTS: SPECIAL:cfi VLAN=000 PRI=0
00:02:07.028285 0000000035493fd0: Type=Context
00:02:07.028285         IPCSS=00 IPCSO=00 IPCSE=0000 TUCSS=22 TUCSO=28 TUCSE=0000
00:02:07.028285         TUCMD: IPv6 UDP PAYLEN=0000 HDRLEN=0000 MSS=0000 STA: 
00:02:07.028286 0000000035493fe0: Type=Data Address=        DC147000 DTALEN=00056
00:02:07.028287         DCMD: IFCS STA: POPTS: SPECIAL:cfi VLAN=000 PRI=0
00:02:07.028288 0000000035493ff0: Type=Data Address=        DC147800 DTALEN=00004
00:02:07.028288         DCMD: IDE RS IFCS EOP STA: POPTS: SPECIAL:cfi VLAN=000 PRI=0
00:02:07.028289 
00:02:07.028289 -- Transmit Descriptors in Cache (at 0 (TDH 157)/ fetched 0 / max 64) --
00:02:07.028290 Interrupt attempts: 965
00:02:07.028290 Interrupts raised : 583
00:02:07.028290 Interrupts lowered: 16
00:02:07.028290 ICR outside ISR   : 0
00:02:07.028291 IMS raised ints   : 23
00:02:07.028291 Interrupts skipped: 333
00:02:07.028291 Masked interrupts : 49
00:02:07.028291 Early interrupts  : 0
00:02:07.028291 Late interrupts   : 19
00:02:07.028292 Lost interrupts   : 0
00:02:07.028292 Interrupts by RX  : 409
00:02:07.028292 Interrupts by TX  : 279
00:02:07.028292 Interrupts by ICS : 45
00:02:07.028292 Interrupts by RDTR: 0
00:02:07.028293 Interrupts by RDMT: 0
00:02:07.028293 Interrupts by TXQE: 0
00:02:07.028293 TX int delay asked: 0
00:02:07.028293 TX delayed:         0
00:02:07.028293 TX delayed expired: 0
00:02:07.028294 TX no report asked: 390
00:02:07.028294 TX abs timer expd : 0
00:02:07.028294 TX int timer expd : 0
00:02:07.028294 RX abs timer expd : 0
00:02:07.028294 RX int timer expd : 0
00:02:07.028294 TX CTX descriptors: 260
00:02:07.028295 TX DAT descriptors: 389
00:02:07.028295 TX LEG descriptors: 20
00:02:07.028295 Received frames   : 409
00:02:07.028295 Transmitted frames: 279
00:02:07.028295 TX frames up to 1514: 240
00:02:07.028296 TX frames up to 2962: 6
00:02:07.028296 TX frames up to 4410: 25
00:02:07.028296 TX frames up to 5858: 1
00:02:07.028296 TX frames up to 7306: 1
00:02:07.028297 TX frames up to 8754: 4
00:02:07.028297 TX frames up to 16384: 2
00:02:07.028297 TX frames up to 32768: 0
00:02:07.028297 Larger TX frames    : 0
00:02:07.028298 !!
00:02:07.028298 !! {exits}
00:02:07.028298 !!
00:02:07.028300 CPU[0]: VM-exit history:
00:02:07.028301    Exit No.:     TSC timestamp / delta    RIP (Flat/*)      Exit    Name
00:02:07.028302    12586212: 0x0000030335648188/+0        00007f5887ffb647  0x01001 VMX_EXIT_EXT_INT - 1 - External interrupt.
00:02:07.028304    12586211: 0x00000303351d1266/-4681506  00007f5887ffb840  0x01001 VMX_EXIT_EXT_INT - 1 - External interrupt.
00:02:07.028306    12586210: 0x00000303350b1e7a/-1176556  000000000041f53b  0x01001 VMX_EXIT_EXT_INT - 1 - External interrupt.
00:02:07.028307    12586209: 0x0000030334f60476/-1382916  ffffffffffffffff  0x01034 VMX_EXIT_PREEMPT_TIMER - 52 - VMX-preemption timer expired.
00:02:07.028309    12586208: 0x0000030334f4b89e/-84952    ffffffffffffffff  0x01034 VMX_EXIT_PREEMPT_TIMER - 52 - VMX-preemption timer expired.
00:02:07.028310    12586207: 0x0000030334f36ce4/-84922    ffffffffffffffff  0x01034 VMX_EXIT_PREEMPT_TIMER - 52 - VMX-preemption timer expired.
00:02:07.028311    12586206: 0x0000030334eb9528/-513980   00007f5887ffa413  0x01001 VMX_EXIT_EXT_INT - 1 - External interrupt.
00:02:07.028312    12586205: 0x0000030334dd9310/-918040   ffffffffc051a9ff  0x40002 I/O port write
00:02:07.028313    12586204: 0x0000030334dd826e/-4258     ffffffff9c072cd4  0x01020 VMX_EXIT_WRMSR - 32 - WRMSR instruction.
00:02:07.028314    12586203: 0x0000030334dd645c/-7698     ffffffff9c067dcd  0x01020 VMX_EXIT_WRMSR - 32 - WRMSR instruction.
00:02:07.028315    12586202: 0x0000030334dd3a2e/-10798    00007f58875c9d0f  0x01001 VMX_EXIT_EXT_INT - 1 - External interrupt.
00:02:07.028316    12586201: 0x0000030334dce8ae/-20864    ffffffffffffffff  0x01034 VMX_EXIT_PREEMPT_TIMER - 52 - VMX-preemption timer expired.
00:02:07.028317    12586200: 0x0000030334cb6e20/-1145486  ffffffff9c072cd4  0x01020 VMX_EXIT_WRMSR - 32 - WRMSR instruction.
00:02:07.028318    12586199: 0x0000030334cb60a8/-3448     ffffffff9c067dcd  0x01020 VMX_EXIT_WRMSR - 32 - WRMSR instruction.
00:02:07.028319    12586198: 0x0000030334cb340a/-11422    00007f5887ffb7e5  0x01001 VMX_EXIT_EXT_INT - 1 - External interrupt.
00:02:07.028320    12586197: 0x0000030334cadac8/-22850    00007f5887ffa691  0x01001 VMX_EXIT_EXT_INT - 1 - External interrupt.
00:02:07.028321    12586196: 0x0000030334837cde/-4677098  00007f5887c00273  0x01001 VMX_EXIT_EXT_INT - 1 - External interrupt.
00:02:07.028322    12586195: 0x00000303345f2660/-2381438  00007f58875c9c96  0x01001 VMX_EXIT_EXT_INT - 1 - External interrupt.
00:02:07.028323    12586194: 0x0000030334482bfa/-1505894  ffffffffc051a9ff  0x40002 I/O port write
00:02:07.028324    12586193: 0x0000030334481404/-6134     ffffffff9c072cd4  0x01020 VMX_EXIT_WRMSR - 32 - WRMSR instruction.
00:02:07.028325    12586192: 0x000003033447fc7e/-6022     ffffffff9c067dcd  0x01020 VMX_EXIT_WRMSR - 32 - WRMSR instruction.
00:02:07.028326    12586191: 0x000003033447d160/-11038    00007f58891ca925  0x01034 VMX_EXIT_PREEMPT_TIMER - 52 - VMX-preemption timer expired.
00:02:07.028327    12586190: 0x000003033446887e/-84194    ffffffffffffffff  0x01034 VMX_EXIT_PREEMPT_TIMER - 52 - VMX-preemption timer expired.
00:02:07.028328    12586189: 0x0000030334453f94/-84202    ffffffffffffffff  0x01034 VMX_EXIT_PREEMPT_TIMER - 52 - VMX-preemption timer expired.
00:02:07.028329    12586188: 0x000003033443f5bc/-84440    ffffffffffffffff  0x01034 VMX_EXIT_PREEMPT_TIMER - 52 - VMX-preemption timer expired.
00:02:07.028329    12586187: 0x000003033442acc2/-84218    ffffffffffffffff  0x01034 VMX_EXIT_PREEMPT_TIMER - 52 - VMX-preemption timer expired.
00:02:07.028330    12586186: 0x00000303344163ec/-84182    ffffffffffffffff  0x01034 VMX_EXIT_PREEMPT_TIMER - 52 - VMX-preemption timer expired.
00:02:07.028331    12586185: 0x0000030334401afa/-84210    ffffffffffffffff  0x01034 VMX_EXIT_PREEMPT_TIMER - 52 - VMX-preemption timer expired.
00:02:07.028332    12586184: 0x00000303343ed172/-84360    ffffffffffffffff  0x01034 VMX_EXIT_PREEMPT_TIMER - 52 - VMX-preemption timer expired.
00:02:07.028333    12586183: 0x00000303343d8880/-84210    ffffffffffffffff  0x01034 VMX_EXIT_PREEMPT_TIMER - 52 - VMX-preemption timer expired.
00:02:07.028334    12586182: 0x00000303343c1e30/-92752    000000000041f55b  0x01001 VMX_EXIT_EXT_INT - 1 - External interrupt.
00:02:07.028335    12586181: 0x00000303343b0796/-71322    ffffffffffffffff  0x01034 VMX_EXIT_PREEMPT_TIMER - 52 - VMX-preemption timer expired.
00:02:07.028336    12586180: 0x000003033439bea2/-84212    ffffffffffffffff  0x01034 VMX_EXIT_PREEMPT_TIMER - 52 - VMX-preemption timer expired.
00:02:07.028336    12586179: 0x00000303343875c6/-84188    ffffffffffffffff  0x01034 VMX_EXIT_PREEMPT_TIMER - 52 - VMX-preemption timer expired.
00:02:07.028337    12586178: 0x0000030334372cbe/-84232    ffffffffffffffff  0x01034 VMX_EXIT_PREEMPT_TIMER - 52 - VMX-preemption timer expired.
00:02:07.028338    12586177: 0x000003033435e3be/-84224    ffffffffffffffff  0x01034 VMX_EXIT_PREEMPT_TIMER - 52 - VMX-preemption timer expired.
00:02:07.028339    12586176: 0x0000030334349a8a/-84276    ffffffffffffffff  0x01034 VMX_EXIT_PREEMPT_TIMER - 52 - VMX-preemption timer expired.
00:02:07.028340    12586175: 0x0000030334335196/-84212    ffffffffffffffff  0x01034 VMX_EXIT_PREEMPT_TIMER - 52 - VMX-preemption timer expired.
00:02:07.028341    12586174: 0x00000303343208bc/-84186    ffffffffffffffff  0x01034 VMX_EXIT_PREEMPT_TIMER - 52 - VMX-preemption timer expired.
00:02:07.028342    12586173: 0x000003033430bfc2/-84218    ffffffffffffffff  0x01034 VMX_EXIT_PREEMPT_TIMER - 52 - VMX-preemption timer expired.
00:02:07.028343    12586172: 0x00000303342f767a/-84296    ffffffffffffffff  0x01034 VMX_EXIT_PREEMPT_TIMER - 52 - VMX-preemption timer expired.
00:02:07.028344    12586171: 0x000003033424ca58/-699426   ffffffff9c072cd4  0x01020 VMX_EXIT_WRMSR - 32 - WRMSR instruction.
00:02:07.028345    12586170: 0x000003033424bdb0/-3240     ffffffff9c067dcd  0x01020 VMX_EXIT_WRMSR - 32 - WRMSR instruction.
00:02:07.028346    12586169: 0x0000030334248dba/-12278    00007f588938ac7e  0x01001 VMX_EXIT_EXT_INT - 1 - External interrupt.
00:02:07.028347    12586168: 0x0000030334235412/-80296    ffffffffffffffff  0x01034 VMX_EXIT_PREEMPT_TIMER - 52 - VMX-preemption timer expired.
00:02:07.028347    12586167: 0x0000030334220ad0/-84290    ffffffffffffffff  0x01034 VMX_EXIT_PREEMPT_TIMER - 52 - VMX-preemption timer expired.
00:02:07.028348    12586166: 0x00000303341ffbb4/-134940   ffffffffffffffff  0x01034 VMX_EXIT_PREEMPT_TIMER - 52 - VMX-preemption timer expired.
00:02:07.028349    12586165: 0x0000030333f4b2fc/-2836664  00007f588938ad13  0x01001 VMX_EXIT_EXT_INT - 1 - External interrupt.
00:02:07.028350    12586164: 0x0000030333f3b77c/-64384    ffffffffffffffff  0x01034 VMX_EXIT_PREEMPT_TIMER - 52 - VMX-preemption timer expired.
00:02:07.028351    12586163: 0x0000030333f26ec6/-84150    ffffffffffffffff  0x01034 VMX_EXIT_PREEMPT_TIMER - 52 - VMX-preemption timer expired.
00:02:07.028352    12586162: 0x0000030333f12616/-84144    ffffffffffffffff  0x01034 VMX_EXIT_PREEMPT_TIMER - 52 - VMX-preemption timer expired.
00:02:07.028353    12586161: 0x0000030333efdd7e/-84120    ffffffffffffffff  0x01034 VMX_EXIT_PREEMPT_TIMER - 52 - VMX-preemption timer expired.
00:02:07.028354    12586160: 0x0000030333ee943c/-84290    ffffffffffffffff  0x01034 VMX_EXIT_PREEMPT_TIMER - 52 - VMX-preemption timer expired.
00:02:07.028355    12586159: 0x0000030333ed4bd2/-84074    ffffffffffffffff  0x01034 VMX_EXIT_PREEMPT_TIMER - 52 - VMX-preemption timer expired.
00:02:07.028355    12586158: 0x0000030333ec032a/-84136    ffffffffffffffff  0x01034 VMX_EXIT_PREEMPT_TIMER - 52 - VMX-preemption timer expired.
00:02:07.028356    12586157: 0x0000030333eaba0e/-84252    ffffffffffffffff  0x01034 VMX_EXIT_PREEMPT_TIMER - 52 - VMX-preemption timer expired.
00:02:07.028357    12586156: 0x0000030333e97166/-84136    ffffffffffffffff  0x01034 VMX_EXIT_PREEMPT_TIMER - 52 - VMX-preemption timer expired.
00:02:07.028358    12586155: 0x0000030333e828b4/-84146    ffffffffffffffff  0x01034 VMX_EXIT_PREEMPT_TIMER - 52 - VMX-preemption timer expired.
00:02:07.028359    12586154: 0x0000030333e6df30/-84356    ffffffffffffffff  0x01034 VMX_EXIT_PREEMPT_TIMER - 52 - VMX-preemption timer expired.
00:02:07.028360    12586153: 0x0000030333d6bff0/-1056576  ffffffff9c067dcd  0x01020 VMX_EXIT_WRMSR - 32 - WRMSR instruction.
00:02:07.028361    12586152: 0x0000030333d69ac0/-9520     00007f5887bfdb8e  0x01001 VMX_EXIT_EXT_INT - 1 - External interrupt.
00:02:07.028362    12586151: 0x0000030333d6707c/-10820    ffffffff9c067dcd  0x01020 VMX_EXIT_WRMSR - 32 - WRMSR instruction.
00:02:07.028363    12586150: 0x0000030333d648f4/-10120    000000000041f520  0x01001 VMX_EXIT_EXT_INT - 1 - External interrupt.
00:02:07.028363    12586149: 0x0000030333d61ca8/-11340    ffffffff9c067dcd  0x01020 VMX_EXIT_WRMSR - 32 - WRMSR instruction.
00:02:07.028364    12586148: 0x0000030333d5f73a/-9582     000000000041f53b  0x01001 VMX_EXIT_EXT_INT - 1 - External interrupt.
00:02:07.028365    12586147: 0x0000030333d5c898/-11938    ffffffff9c067dcd  0x01020 VMX_EXIT_WRMSR - 32 - WRMSR instruction.
00:02:07.028366    12586146: 0x0000030333d5a37a/-9502     000000000041f4c8  0x01001 VMX_EXIT_EXT_INT - 1 - External interrupt.
00:02:07.028367    12586145: 0x0000030333d57906/-10868    ffffffff9c067dcd  0x01020 VMX_EXIT_WRMSR - 32 - WRMSR instruction.
00:02:07.028368    12586144: 0x0000030333d551b6/-10064    000000000041f55b  0x01001 VMX_EXIT_EXT_INT - 1 - External interrupt.
00:02:07.028369    12586143: 0x0000030333d52598/-11294    ffffffff9c067dcd  0x01020 VMX_EXIT_WRMSR - 32 - WRMSR instruction.
00:02:07.028370    12586142: 0x0000030333d5002c/-9580     000000000041f505  0x01001 VMX_EXIT_EXT_INT - 1 - External interrupt.
00:02:07.028371    12586141: 0x0000030333d4d076/-12214    ffffffff9c067dcd  0x01020 VMX_EXIT_WRMSR - 32 - WRMSR instruction.
00:02:07.028372    12586140: 0x0000030333d4ab88/-9454     00007f5887bfdb4e  0x01001 VMX_EXIT_EXT_INT - 1 - External interrupt.
00:02:07.028373    12586139: 0x0000030333d480e8/-10912    ffffffff9c067dcd  0x01020 VMX_EXIT_WRMSR - 32 - WRMSR instruction.
00:02:07.028373    12586138: 0x0000030333d4598c/-10076    00007f588938aa28  0x01001 VMX_EXIT_EXT_INT - 1 - External interrupt.
00:02:07.028374    12586137: 0x0000030333d42d1a/-11378    ffffffff9c067dcd  0x01020 VMX_EXIT_WRMSR - 32 - WRMSR instruction.
00:02:07.028375    12586136: 0x0000030333d407ce/-9548     00007f5887c0ac8c  0x01001 VMX_EXIT_EXT_INT - 1 - External interrupt.
00:02:07.028376    12586135: 0x0000030333d3d8f8/-11990    ffffffff9c067dcd  0x01020 VMX_EXIT_WRMSR - 32 - WRMSR instruction.
00:02:07.028377    12586134: 0x0000030333d3b372/-9606     000000000041f55b  0x01001 VMX_EXIT_EXT_INT - 1 - External interrupt.
00:02:07.028378    12586133: 0x0000030333d3887c/-10998    ffffffff9c067dcd  0x01020 VMX_EXIT_WRMSR - 32 - WRMSR instruction.
00:02:07.028379    12586132: 0x0000030333d36040/-10300    00007f5889425d43  0x01001 VMX_EXIT_EXT_INT - 1 - External interrupt.
00:02:07.028380    12586131: 0x0000030333d33384/-11452    ffffffff9c067dcd  0x01020 VMX_EXIT_WRMSR - 32 - WRMSR instruction.
00:02:07.028381    12586130: 0x0000030333d30e1a/-9578     00007f5887bfe81f  0x01001 VMX_EXIT_EXT_INT - 1 - External interrupt.
00:02:07.028382    12586129: 0x0000030333d2dfd4/-11846    ffffffff9c067dcd  0x01020 VMX_EXIT_WRMSR - 32 - WRMSR instruction.
00:02:07.028382    12586128: 0x0000030333d2b9f8/-9692     00007f588773bc4e  0x01001 VMX_EXIT_EXT_INT - 1 - External interrupt.
00:02:07.028383    12586127: 0x0000030333d28eee/-11018    ffffffff9c067dcd  0x01020 VMX_EXIT_WRMSR - 32 - WRMSR instruction.
00:02:07.028384    12586126: 0x0000030333d2675c/-10130    00007f5886eb2d2d  0x01001 VMX_EXIT_EXT_INT - 1 - External interrupt.
00:02:07.028385    12586125: 0x0000030333d23b46/-11286    ffffffff9c067dcd  0x01020 VMX_EXIT_WRMSR - 32 - WRMSR instruction.
00:02:07.028386    12586124: 0x0000030333d2156c/-9690     00007f5887ffa4da  0x01001 VMX_EXIT_EXT_INT - 1 - External interrupt.
00:02:07.028387    12586123: 0x0000030333d1e510/-12380    ffffffff9c067dcd  0x01020 VMX_EXIT_WRMSR - 32 - WRMSR instruction.
00:02:07.028388    12586122: 0x0000030333d1bf1c/-9716     000000000041f53b  0x01001 VMX_EXIT_EXT_INT - 1 - External interrupt.
00:02:07.028389    12586121: 0x0000030333d19582/-10650    ffffffff9c067dcd  0x01020 VMX_EXIT_WRMSR - 32 - WRMSR instruction.
00:02:07.028390    12586120: 0x0000030333d16da6/-10204    00007f5887ffb628  0x01001 VMX_EXIT_EXT_INT - 1 - External interrupt.
00:02:07.028391    12586119: 0x0000030333d1422a/-11132    ffffffff9c067dcd  0x01020 VMX_EXIT_WRMSR - 32 - WRMSR instruction.
00:02:07.028392    12586118: 0x0000030333d11c58/-9682     00007f58875c9e1e  0x01001 VMX_EXIT_EXT_INT - 1 - External interrupt.
00:02:07.028393    12586117: 0x0000030333d0ede8/-11888    ffffffff9c067dcd  0x01020 VMX_EXIT_WRMSR - 32 - WRMSR instruction.
00:02:07.028393    12586116: 0x0000030333d0c84c/-9628     00007f588827fcf1  0x01001 VMX_EXIT_EXT_INT - 1 - External interrupt.
00:02:07.028394    12586115: 0x0000030333d09d34/-11032    ffffffff9c067dcd  0x01020 VMX_EXIT_WRMSR - 32 - WRMSR instruction.
00:02:07.028395    12586114: 0x0000030333d075aa/-10122    00007f5887bfd275  0x01001 VMX_EXIT_EXT_INT - 1 - External interrupt.
00:02:07.028396    12586113: 0x0000030333d04a6e/-11068    ffffffff9c067dcd  0x01020 VMX_EXIT_WRMSR - 32 - WRMSR instruction.
00:02:07.028397    12586112: 0x0000030333d024d6/-9624     000000000041f4be  0x01001 VMX_EXIT_EXT_INT - 1 - External interrupt.
00:02:07.028398    12586111: 0x0000030333cff692/-11844    ffffffff9c067dcd  0x01020 VMX_EXIT_WRMSR - 32 - WRMSR instruction.
00:02:07.028399    12586110: 0x0000030333cfd130/-9570     000000000041f48b  0x01001 VMX_EXIT_EXT_INT - 1 - External interrupt.
00:02:07.028400    12586109: 0x0000030333cfa6ac/-10884    ffffffff9c067dcd  0x01020 VMX_EXIT_WRMSR - 32 - WRMSR instruction.
00:02:07.028401    12586108: 0x0000030333cf7eba/-10226    00007f5887bfe81f  0x01001 VMX_EXIT_EXT_INT - 1 - External interrupt.
00:02:07.028402    12586107: 0x0000030333cf5340/-11130    ffffffff9c067dcd  0x01020 VMX_EXIT_WRMSR - 32 - WRMSR instruction.
00:02:07.028403    12586106: 0x0000030333cf2d98/-9640     00007f5887ffa346  0x01001 VMX_EXIT_EXT_INT - 1 - External interrupt.
00:02:07.028404    12586105: 0x0000030333cefe12/-12166    ffffffff9c067dcd  0x01020 VMX_EXIT_WRMSR - 32 - WRMSR instruction.
00:02:07.028404    12586104: 0x0000030333ced878/-9626     00007f5886eb108c  0x01001 VMX_EXIT_EXT_INT - 1 - External interrupt.
00:02:07.028405    12586103: 0x0000030333cead2e/-11082    ffffffff9c067dcd  0x01020 VMX_EXIT_WRMSR - 32 - WRMSR instruction.
00:02:07.028406    12586102: 0x0000030333ce84fe/-10288    000000000041f53b  0x01001 VMX_EXIT_EXT_INT - 1 - External interrupt.
00:02:07.028407    12586101: 0x0000030333ce58fe/-11264    ffffffff9c067dcd  0x01020 VMX_EXIT_WRMSR - 32 - WRMSR instruction.
00:02:07.028408    12586100: 0x0000030333ce3334/-9674     00007f5887c0adbc  0x01001 VMX_EXIT_EXT_INT - 1 - External interrupt.
00:02:07.028409    12586099: 0x0000030333ce047a/-11962    ffffffff9c067dcd  0x01020 VMX_EXIT_WRMSR - 32 - WRMSR instruction.
00:02:07.028410    12586098: 0x0000030333cddcc4/-10166    000000000041f520  0x01001 VMX_EXIT_EXT_INT - 1 - External interrupt.
00:02:07.028411    12586097: 0x0000030333cdb254/-10864    ffffffff9c067dcd  0x01020 VMX_EXIT_WRMSR - 32 - WRMSR instruction.
00:02:07.028412    12586096: 0x0000030333cd8aa2/-10162    00007f58875c5bce  0x01001 VMX_EXIT_EXT_INT - 1 - External interrupt.
00:02:07.028412    12586095: 0x0000030333cd5eaa/-11256    ffffffff9c067dcd  0x01020 VMX_EXIT_WRMSR - 32 - WRMSR instruction.
00:02:07.028413    12586094: 0x0000030333cd38da/-9680     00007f5887ffb886  0x01001 VMX_EXIT_EXT_INT - 1 - External interrupt.
00:02:07.028414    12586093: 0x0000030333cd090e/-12236    ffffffff9c067dcd  0x01020 VMX_EXIT_WRMSR - 32 - WRMSR instruction.
00:02:07.028415    12586092: 0x0000030333cce2f0/-9758     00007f588938ad09  0x01001 VMX_EXIT_EXT_INT - 1 - External interrupt.
00:02:07.028416    12586091: 0x0000030333ccb84a/-10918    ffffffff9c067dcd  0x01020 VMX_EXIT_WRMSR - 32 - WRMSR instruction.
00:02:07.028417    12586090: 0x0000030333cc90ae/-10140    000000000041f53b  0x01001 VMX_EXIT_EXT_INT - 1 - External interrupt.
00:02:07.028418    12586089: 0x0000030333cc6424/-11402    ffffffff9c067dcd  0x01020 VMX_EXIT_WRMSR - 32 - WRMSR instruction.
00:02:07.028419    12586088: 0x0000030333cc3f32/-9458     000000000041f4c8  0x01001 VMX_EXIT_EXT_INT - 1 - External interrupt.
00:02:07.028420    12586087: 0x0000030333cc11a0/-11666    ffffffff9c067dcd  0x01020 VMX_EXIT_WRMSR - 32 - WRMSR instruction.
00:02:07.028420    12586086: 0x0000030333cbeba2/-9726     00007f5887ffb7e5  0x01001 VMX_EXIT_EXT_INT - 1 - External interrupt.
00:02:07.028421    12586085: 0x0000030333cbc0ce/-10964    ffffffff9c067dcd  0x01020 VMX_EXIT_WRMSR - 32 - WRMSR instruction.
00:02:07.028422    12586084: 0x0000030333cb9952/-10108    00007f5887c0af77  0x01001 VMX_EXIT_EXT_INT - 1 - External interrupt.
00:02:07.028423    12586083: 0x0000030333cb6bc2/-11664    ffffffff9c067dcd  0x01020 VMX_EXIT_WRMSR - 32 - WRMSR instruction.
00:02:07.028424    12586082: 0x0000030333cb46bc/-9478     000000000041f53b  0x01001 VMX_EXIT_EXT_INT - 1 - External interrupt.
00:02:07.028425    12586081: 0x0000030333cb1904/-11704    ffffffff9c067dcd  0x01020 VMX_EXIT_WRMSR - 32 - WRMSR instruction.
00:02:07.028426    12586080: 0x0000030333caf3e2/-9506     000000000041f55b  0x01001 VMX_EXIT_EXT_INT - 1 - External interrupt.
00:02:07.028427    12586079: 0x0000030333cac8d2/-11024    ffffffff9c067dcd  0x01020 VMX_EXIT_WRMSR - 32 - WRMSR instruction.
00:02:07.028428    12586078: 0x0000030333caa148/-10122    00007f588938a689  0x01001 VMX_EXIT_EXT_INT - 1 - External interrupt.
00:02:07.028429    12586077: 0x0000030333ca7658/-10992    ffffffff9c067dcd  0x01020 VMX_EXIT_WRMSR - 32 - WRMSR instruction.
00:02:07.028429    12586076: 0x0000030333ca50a8/-9648     00007f5889425da9  0x01001 VMX_EXIT_EXT_INT - 1 - External interrupt.
00:02:07.028430    12586075: 0x0000030333ca1f10/-12696    ffffffff9c067dcd  0x01020 VMX_EXIT_WRMSR - 32 - WRMSR instruction.
00:02:07.028431    12586074: 0x0000030333c9f9ca/-9542     00007f5887c0acb9  0x01001 VMX_EXIT_EXT_INT - 1 - External interrupt.
00:02:07.028432    12586073: 0x0000030333c9d2da/-9968     ffffffff9c067dcd  0x01020 VMX_EXIT_WRMSR - 32 - WRMSR instruction.
00:02:07.028433    12586072: 0x0000030333c9aa4c/-10382    00007f5887c0af6c  0x01001 VMX_EXIT_EXT_INT - 1 - External interrupt.
00:02:07.028434    12586071: 0x0000030333c97fce/-10878    ffffffff9c067dcd  0x01020 VMX_EXIT_WRMSR - 32 - WRMSR instruction.
00:02:07.028435    12586070: 0x0000030333c95876/-10072    00007f5889425d67  0x01001 VMX_EXIT_EXT_INT - 1 - External interrupt.
00:02:07.028436    12586069: 0x0000030333c927f0/-12422    ffffffff9c067dcd  0x01020 VMX_EXIT_WRMSR - 32 - WRMSR instruction.
00:02:07.028437    12586068: 0x0000030333c9027a/-9590     00007f5886eb2cee  0x01001 VMX_EXIT_EXT_INT - 1 - External interrupt.
00:02:07.028438    12586067: 0x0000030333c8da84/-10230    ffffffff9c067dcd  0x01020 VMX_EXIT_WRMSR - 32 - WRMSR instruction.
00:02:07.028439    12586066: 0x0000030333c8b18a/-10490    000000000041f53b  0x01001 VMX_EXIT_EXT_INT - 1 - External interrupt.
00:02:07.028440    12586065: 0x0000030333c887d6/-10676    ffffffff9c067dcd  0x01020 VMX_EXIT_WRMSR - 32 - WRMSR instruction.
00:02:07.028440    12586064: 0x0000030333c86194/-9794     00007f5887c0cd57  0x01001 VMX_EXIT_EXT_INT - 1 - External interrupt.
00:02:07.028441    12586063: 0x0000030333c82eaa/-13034    ffffffff9c067dcd  0x01020 VMX_EXIT_WRMSR - 32 - WRMSR instruction.
00:02:07.028442    12586062: 0x0000030333c809ce/-9436     000000000041b6ae  0x01001 VMX_EXIT_EXT_INT - 1 - External interrupt.
00:02:07.028443    12586061: 0x0000030333c7e544/-9354     ffffffff9c067dcd  0x01020 VMX_EXIT_WRMSR - 32 - WRMSR instruction.
00:02:07.028444    12586060: 0x0000030333c7b72c/-11800    00007f5887ffb7bc  0x01001 VMX_EXIT_EXT_INT - 1 - External interrupt.
00:02:07.028445    12586059: 0x0000030333c78b9a/-11154    ffffffff9c067dcd  0x01020 VMX_EXIT_WRMSR - 32 - WRMSR instruction.
00:02:07.028446    12586058: 0x0000030333c765ac/-9710     000000000041f564  0x01001 VMX_EXIT_EXT_INT - 1 - External interrupt.
00:02:07.028447    12586057: 0x0000030333c736f8/-11956    ffffffff9c067dcd  0x01020 VMX_EXIT_WRMSR - 32 - WRMSR instruction.
00:02:07.028448    12586056: 0x0000030333c710a6/-9810     00007f5886eb2d4e  0x01001 VMX_EXIT_EXT_INT - 1 - External interrupt.
00:02:07.028449    12586055: 0x0000030333c6d820/-14470    ffffffff9c067dcd  0x01020 VMX_EXIT_WRMSR - 32 - WRMSR instruction.
00:02:07.028450    12586054: 0x0000030333c6af12/-10510    00007f58894c62e8  0x01001 VMX_EXIT_EXT_INT - 1 - External interrupt.
00:02:07.028451    12586053: 0x0000030333c4a31a/-134136   ffffffff9c067dcd  0x01020 VMX_EXIT_WRMSR - 32 - WRMSR instruction.
00:02:07.028451    12586052: 0x0000030333c478c4/-10838    000000000041f4d2  0x01001 VMX_EXIT_EXT_INT - 1 - External interrupt.
00:02:07.028452    12586051: 0x0000030333c44bca/-11514    ffffffffffffffff  0x01034 VMX_EXIT_PREEMPT_TIMER - 52 - VMX-preemption timer expired.
00:02:07.028453    12586050: 0x0000030333c2d3ac/-96286    ffffffffc051a9ff  0x40002 I/O port write
00:02:07.028454    12586049: 0x0000030333c2856c/-20032    ffffffff9c072cd4  0x01020 VMX_EXIT_WRMSR - 32 - WRMSR instruction.
00:02:07.028455    12586048: 0x0000030333c26bd6/-6550     ffffffff9c067dcd  0x01020 VMX_EXIT_WRMSR - 32 - WRMSR instruction.
00:02:07.028456    12586047: 0x0000030333c25604/-5586     ffffffffffffffff  0x01034 VMX_EXIT_PREEMPT_TIMER - 52 - VMX-preemption timer expired.
00:02:07.028457    12586046: 0x0000030333c10cd4/-84272    ffffffffffffffff  0x01034 VMX_EXIT_PREEMPT_TIMER - 52 - VMX-preemption timer expired.
00:02:07.028458    12586045: 0x0000030333bfc2ec/-84456    ffffffffffffffff  0x01034 VMX_EXIT_PREEMPT_TIMER - 52 - VMX-preemption timer expired.
00:02:07.028459    12586044: 0x0000030333be7a38/-84148    ffffffffffffffff  0x01034 VMX_EXIT_PREEMPT_TIMER - 52 - VMX-preemption timer expired.
00:02:07.028460    12586043: 0x0000030333bd315a/-84190    ffffffffffffffff  0x01034 VMX_EXIT_PREEMPT_TIMER - 52 - VMX-preemption timer expired.
00:02:07.028460    12586042: 0x0000030333bbe832/-84264    ffffffffffffffff  0x01034 VMX_EXIT_PREEMPT_TIMER - 52 - VMX-preemption timer expired.
00:02:07.028461    12586041: 0x0000030333ba9e98/-84378    ffffffffffffffff  0x01034 VMX_EXIT_PREEMPT_TIMER - 52 - VMX-preemption timer expired.
00:02:07.028462    12586040: 0x0000030333b955be/-84186    ffffffffffffffff  0x01034 VMX_EXIT_PREEMPT_TIMER - 52 - VMX-preemption timer expired.
00:02:07.028463    12586039: 0x0000030333b80cbc/-84226    ffffffffffffffff  0x01034 VMX_EXIT_PREEMPT_TIMER - 52 - VMX-preemption timer expired.
00:02:07.028464    12586038: 0x0000030333b6c30e/-84398    ffffffffffffffff  0x01034 VMX_EXIT_PREEMPT_TIMER - 52 - VMX-preemption timer expired.
00:02:07.028465    12586037: 0x0000030333b57a0c/-84226    ffffffffffffffff  0x01034 VMX_EXIT_PREEMPT_TIMER - 52 - VMX-preemption timer expired.
00:02:07.028466    12586036: 0x0000030333b430dc/-84272    ffffffffffffffff  0x01034 VMX_EXIT_PREEMPT_TIMER - 52 - VMX-preemption timer expired.
00:02:07.028467    12586035: 0x0000030333b2e7f0/-84204    ffffffffffffffff  0x01034 VMX_EXIT_PREEMPT_TIMER - 52 - VMX-preemption timer expired.
00:02:07.028468    12586034: 0x0000030333b19eac/-84292    ffffffffffffffff  0x01034 VMX_EXIT_PREEMPT_TIMER - 52 - VMX-preemption timer expired.
00:02:07.028468    12586033: 0x0000030333b055f8/-84148    ffffffffffffffff  0x01034 VMX_EXIT_PREEMPT_TIMER - 52 - VMX-preemption timer expired.
00:02:07.028469    12586032: 0x0000030333af094a/-85166    ffffffffffffffff  0x01034 VMX_EXIT_PREEMPT_TIMER - 52 - VMX-preemption timer expired.
00:02:07.028470    12586031: 0x0000030333a27940/-823306   00007f5887bfd2b1  0x01001 VMX_EXIT_EXT_INT - 1 - External interrupt.
00:02:07.028471    12586030: 0x0000030333a122f6/-87626    ffffffffffffffff  0x01034 VMX_EXIT_PREEMPT_TIMER - 52 - VMX-preemption timer expired.
00:02:07.028472    12586029: 0x00000303339fd9c4/-84274    ffffffffffffffff  0x01034 VMX_EXIT_PREEMPT_TIMER - 52 - VMX-preemption timer expired.
00:02:07.028473    12586028: 0x00000303339e902a/-84378    ffffffffffffffff  0x01034 VMX_EXIT_PREEMPT_TIMER - 52 - VMX-preemption timer expired.
00:02:07.028474    12586027: 0x00000303339d475e/-84172    ffffffffffffffff  0x01034 VMX_EXIT_PREEMPT_TIMER - 52 - VMX-preemption timer expired.
00:02:07.028475    12586026: 0x00000303339bfe4c/-84242    ffffffffffffffff  0x01034 VMX_EXIT_PREEMPT_TIMER - 52 - VMX-preemption timer expired.
00:02:07.028476    12586025: 0x00000303339ab56c/-84192    ffffffffffffffff  0x01034 VMX_EXIT_PREEMPT_TIMER - 52 - VMX-preemption timer expired.
00:02:07.028476    12586024: 0x0000030333996c78/-84212    ffffffffffffffff  0x01034 VMX_EXIT_PREEMPT_TIMER - 52 - VMX-preemption timer expired.
00:02:07.028477    12586023: 0x0000030333982386/-84210    ffffffffffffffff  0x01034 VMX_EXIT_PREEMPT_TIMER - 52 - VMX-preemption timer expired.
00:02:07.028478    12586022: 0x000003033396da90/-84214    ffffffffffffffff  0x01034 VMX_EXIT_PREEMPT_TIMER - 52 - VMX-preemption timer expired.
00:02:07.028479    12586021: 0x0000030333959124/-84332    ffffffffffffffff  0x01034 VMX_EXIT_PREEMPT_TIMER - 52 - VMX-preemption timer expired.
00:02:07.028480    12586020: 0x0000030333944826/-84222    ffffffffffffffff  0x01034 VMX_EXIT_PREEMPT_TIMER - 52 - VMX-preemption timer expired.
00:02:07.028481    12586019: 0x000003033392feb4/-84338    ffffffffffffffff  0x01034 VMX_EXIT_PREEMPT_TIMER - 52 - VMX-preemption timer expired.
00:02:07.028482    12586018: 0x00000303335b1a80/-3662900  00007f5887c0af83  0x01001 VMX_EXIT_EXT_INT - 1 - External interrupt.
00:02:07.028483    12586017: 0x0000030333501de2/-720030   000000000041f4e8  0x01034 VMX_EXIT_PREEMPT_TIMER - 52 - VMX-preemption timer expired.
00:02:07.028484    12586016: 0x00000303334ecdde/-86020    ffffffffffffffff  0x01034 VMX_EXIT_PREEMPT_TIMER - 52 - VMX-preemption timer expired.
00:02:07.028484    12586015: 0x00000303334d8532/-84140    ffffffffffffffff  0x01034 VMX_EXIT_PREEMPT_TIMER - 52 - VMX-preemption timer expired.
00:02:07.028485    12586014: 0x00000303334c3c8a/-84136    ffffffffffffffff  0x01034 VMX_EXIT_PREEMPT_TIMER - 52 - VMX-preemption timer expired.
00:02:07.028486    12586013: 0x00000303334af34a/-84288    ffffffffffffffff  0x01034 VMX_EXIT_PREEMPT_TIMER - 52 - VMX-preemption timer expired.
00:02:07.028487    12586012: 0x000003033349aad2/-84088    ffffffffffffffff  0x01034 VMX_EXIT_PREEMPT_TIMER - 52 - VMX-preemption timer expired.
00:02:07.028488    12586011: 0x0000030333486238/-84122    ffffffffffffffff  0x01034 VMX_EXIT_PREEMPT_TIMER - 52 - VMX-preemption timer expired.
00:02:07.028489    12586010: 0x000003033347193e/-84218    ffffffffffffffff  0x01034 VMX_EXIT_PREEMPT_TIMER - 52 - VMX-preemption timer expired.
00:02:07.028490    12586009: 0x000003033345d090/-84142    ffffffffffffffff  0x01034 VMX_EXIT_PREEMPT_TIMER - 52 - VMX-preemption timer expired.
00:02:07.028491    12586008: 0x00000303334487e8/-84136    ffffffffffffffff  0x01034 VMX_EXIT_PREEMPT_TIMER - 52 - VMX-preemption timer expired.
00:02:07.028491    12586007: 0x0000030333433a3c/-85420    ffffffffffffffff  0x01034 VMX_EXIT_PREEMPT_TIMER - 52 - VMX-preemption timer expired.
00:02:07.028492    12586006: 0x000003033327253e/-1840382  ffffffffffffffff  0x01034 VMX_EXIT_PREEMPT_TIMER - 52 - VMX-preemption timer expired.
00:02:07.028493    12586005: 0x000003033325d00e/-87344    ffffffffffffffff  0x01034 VMX_EXIT_PREEMPT_TIMER - 52 - VMX-preemption timer expired.
00:02:07.028494    12586004: 0x0000030333248732/-84188    ffffffffffffffff  0x01034 VMX_EXIT_PREEMPT_TIMER - 52 - VMX-preemption timer expired.
00:02:07.028495    12586003: 0x0000030333233dee/-84292    ffffffffffffffff  0x01034 VMX_EXIT_PREEMPT_TIMER - 52 - VMX-preemption timer expired.
00:02:07.028496    12586002: 0x000003033321f514/-84186    ffffffffffffffff  0x01034 VMX_EXIT_PREEMPT_TIMER - 52 - VMX-preemption timer expired.
00:02:07.028497    12586001: 0x000003033320ab92/-84354    ffffffffffffffff  0x01034 VMX_EXIT_PREEMPT_TIMER - 52 - VMX-preemption timer expired.
00:02:07.028498    12586000: 0x00000303331f61fe/-84372    ffffffffffffffff  0x01034 VMX_EXIT_PREEMPT_TIMER - 52 - VMX-preemption timer expired.
00:02:07.028499    12585999: 0x00000303331e190c/-84210    ffffffffffffffff  0x01034 VMX_EXIT_PREEMPT_TIMER - 52 - VMX-preemption timer expired.
00:02:07.028499    12585998: 0x00000303331ccfe2/-84266    ffffffffffffffff  0x01034 VMX_EXIT_PREEMPT_TIMER - 52 - VMX-preemption timer expired.
00:02:07.028500    12585997: 0x00000303331b8680/-84322    ffffffffffffffff  0x01034 VMX_EXIT_PREEMPT_TIMER - 52 - VMX-preemption timer expired.
00:02:07.028501    12585996: 0x00000303331a3d84/-84220    ffffffffffffffff  0x01034 VMX_EXIT_PREEMPT_TIMER - 52 - VMX-preemption timer expired.
00:02:07.028502    12585995: 0x000003033318f456/-84270    ffffffffffffffff  0x01034 VMX_EXIT_PREEMPT_TIMER - 52 - VMX-preemption timer expired.
00:02:07.028503    12585994: 0x000003033317aa90/-84422    ffffffffffffffff  0x01034 VMX_EXIT_PREEMPT_TIMER - 52 - VMX-preemption timer expired.
00:02:07.028504    12585993: 0x000003033316617e/-84242    ffffffffffffffff  0x01034 VMX_EXIT_PREEMPT_TIMER - 52 - VMX-preemption timer expired.
00:02:07.028505    12585992: 0x0000030333151896/-84200    ffffffffffffffff  0x01034 VMX_EXIT_PREEMPT_TIMER - 52 - VMX-preemption timer expired.
00:02:07.028506    12585991: 0x000003033313aa00/-93846    00007f588938a86f  0x01001 VMX_EXIT_EXT_INT - 1 - External interrupt.
00:02:07.028506    12585990: 0x0000030333135eb8/-19272    ffffffffffffffff  0x01034 VMX_EXIT_PREEMPT_TIMER - 52 - VMX-preemption timer expired.
00:02:07.028507    12585989: 0x00000303331215ca/-84206    ffffffffffffffff  0x01034 VMX_EXIT_PREEMPT_TIMER - 52 - VMX-preemption timer expired.
00:02:07.028508    12585988: 0x000003033310ccac/-84254    ffffffffffffffff  0x01034 VMX_EXIT_PREEMPT_TIMER - 52 - VMX-preemption timer expired.
00:02:07.028509    12585987: 0x00000303330f8342/-84330    ffffffffffffffff  0x01034 VMX_EXIT_PREEMPT_TIMER - 52 - VMX-preemption timer expired.
00:02:07.028510    12585986: 0x00000303330e39c8/-84346    ffffffffffffffff  0x01034 VMX_EXIT_PREEMPT_TIMER - 52 - VMX-preemption timer expired.
00:02:07.028511    12585985: 0x00000303330cf0fa/-84174    ffffffffffffffff  0x01034 VMX_EXIT_PREEMPT_TIMER - 52 - VMX-preemption timer expired.
00:02:07.028512    12585984: 0x00000303330ba7b4/-84294    ffffffffffffffff  0x01034 VMX_EXIT_PREEMPT_TIMER - 52 - VMX-preemption timer expired.
00:02:07.028513    12585983: 0x00000303330a5d92/-84514    ffffffffffffffff  0x01034 VMX_EXIT_PREEMPT_TIMER - 52 - VMX-preemption timer expired.
00:02:07.028513    12585982: 0x00000303330912d0/-84674    ffffffffffffffff  0x01034 VMX_EXIT_PREEMPT_TIMER - 52 - VMX-preemption timer expired.
00:02:07.028514    12585981: 0x000003033307c882/-84558    ffffffffffffffff  0x01034 VMX_EXIT_PREEMPT_TIMER - 52 - VMX-preemption timer expired.
00:02:07.028515    12585980: 0x0000030332fd22ee/-697748   ffffffffc051a9ff  0x40002 I/O port write
00:02:07.028516    12585979: 0x0000030332fd1304/-4074     ffffffff9c072cd4  0x01020 VMX_EXIT_WRMSR - 32 - WRMSR instruction.
00:02:07.028517    12585978: 0x0000030332fcf282/-8322     ffffffff9c067dcd  0x01020 VMX_EXIT_WRMSR - 32 - WRMSR instruction.
00:02:07.028518    12585977: 0x0000030332fccddc/-9382     ffffffffffffffff  0x01034 VMX_EXIT_PREEMPT_TIMER - 52 - VMX-preemption timer expired.
00:02:07.028519    12585976: 0x0000030332fb84ec/-84208    ffffffffffffffff  0x01034 VMX_EXIT_PREEMPT_TIMER - 52 - VMX-preemption timer expired.
00:02:07.028520    12585975: 0x0000030332fa3bd8/-84244    ffffffffffffffff  0x01034 VMX_EXIT_PREEMPT_TIMER - 52 - VMX-preemption timer expired.
00:02:07.028521    12585974: 0x0000030332f8f2f6/-84194    ffffffffffffffff  0x01034 VMX_EXIT_PREEMPT_TIMER - 52 - VMX-preemption timer expired.
00:02:07.028522    12585973: 0x0000030332f7a9de/-84248    ffffffffffffffff  0x01034 VMX_EXIT_PREEMPT_TIMER - 52 - VMX-preemption timer expired.
00:02:07.028522    12585972: 0x0000030332f6603e/-84384    ffffffffffffffff  0x01034 VMX_EXIT_PREEMPT_TIMER - 52 - VMX-preemption timer expired.
00:02:07.028523    12585971: 0x0000030332f51738/-84230    ffffffffffffffff  0x01034 VMX_EXIT_PREEMPT_TIMER - 52 - VMX-preemption timer expired.
00:02:07.028524    12585970: 0x0000030332f3ce1a/-84254    ffffffffffffffff  0x01034 VMX_EXIT_PREEMPT_TIMER - 52 - VMX-preemption timer expired.
00:02:07.028525    12585969: 0x0000030332f28524/-84214    ffffffffffffffff  0x01034 VMX_EXIT_PREEMPT_TIMER - 52 - VMX-preemption timer expired.
00:02:07.028526    12585968: 0x0000030332f13c3a/-84202    ffffffffffffffff  0x01034 VMX_EXIT_PREEMPT_TIMER - 52 - VMX-preemption timer expired.
00:02:07.028527    12585967: 0x0000030332eff34a/-84208    ffffffffffffffff  0x01034 VMX_EXIT_PREEMPT_TIMER - 52 - VMX-preemption timer expired.
00:02:07.028528    12585966: 0x0000030332eeaa4a/-84224    ffffffffffffffff  0x01034 VMX_EXIT_PREEMPT_TIMER - 52 - VMX-preemption timer expired.
00:02:07.028529    12585965: 0x0000030332ed6166/-84196    ffffffffffffffff  0x01034 VMX_EXIT_PREEMPT_TIMER - 52 - VMX-preemption timer expired.
00:02:07.028530    12585964: 0x0000030332ec185e/-84232    ffffffffffffffff  0x01034 VMX_EXIT_PREEMPT_TIMER - 52 - VMX-preemption timer expired.
00:02:07.028531    12585963: 0x0000030332eacf7c/-84194    ffffffffffffffff  0x01034 VMX_EXIT_PREEMPT_TIMER - 52 - VMX-preemption timer expired.
00:02:07.028531    12585962: 0x0000030332e98686/-84214    ffffffffffffffff  0x01034 VMX_EXIT_PREEMPT_TIMER - 52 - VMX-preemption timer expired.
00:02:07.028532    12585961: 0x0000030332e83d92/-84212    ffffffffffffffff  0x01034 VMX_EXIT_PREEMPT_TIMER - 52 - VMX-preemption timer expired.
00:02:07.028533    12585960: 0x0000030332e6f4a0/-84210    ffffffffffffffff  0x01034 VMX_EXIT_PREEMPT_TIMER - 52 - VMX-preemption timer expired.
00:02:07.028534    12585959: 0x0000030332e5ab6a/-84278    ffffffffffffffff  0x01034 VMX_EXIT_PREEMPT_TIMER - 52 - VMX-preemption timer expired.
00:02:07.028535    12585958: 0x0000030332e461e4/-84358    ffffffffffffffff  0x01034 VMX_EXIT_PREEMPT_TIMER - 52 - VMX-preemption timer expired.
00:02:07.028536    12585957: 0x0000030332e317bc/-84520    ffffffffffffffff  0x01034 VMX_EXIT_PREEMPT_TIMER - 52 - VMX-preemption timer expired.
00:02:07.028541 CPU[1]: VM-exit history:
00:02:07.028541    Exit No.:     TSC timestamp / delta    RIP (Flat/*)      Exit    Name
00:02:07.028542      301268: 0x0000030334f64143/+0        ffffffff9c9e8bd6  0x0100c VMX_EXIT_HLT - 12 - HLT instruction.
00:02:07.028544      301267: 0x0000030334f54e77/-62156    ffffffff9c072cd4  0x01020 VMX_EXIT_WRMSR - 32 - WRMSR instruction.
00:02:07.028545      301266: 0x0000030334f539df/-5272     ffffffff9c067dcd  0x01020 VMX_EXIT_WRMSR - 32 - WRMSR instruction.
00:02:07.028546      301265: 0x0000030334df78a0/-1425727  ffffffff9c9e8bd6  0x0100c VMX_EXIT_HLT - 12 - HLT instruction.
00:02:07.028547      301264: 0x0000030334df6332/-5486     ffffffff9c072cd4  0x01020 VMX_EXIT_WRMSR - 32 - WRMSR instruction.
00:02:07.028548      301263: 0x0000030334df4f4c/-5094     ffffffff9c067dcd  0x01020 VMX_EXIT_WRMSR - 32 - WRMSR instruction.
00:02:07.028549      301262: 0x00000303345d2499/-8530611  ffffffff9c9e8bd6  0x0100c VMX_EXIT_HLT - 12 - HLT instruction.
00:02:07.028550      301261: 0x00000303345d1353/-4422     ffffffffffffffff  0x0101d VMX_EXIT_MOV_DRX - 29 - Debug-register accesses.
00:02:07.028551      301260: 0x00000303345cf881/-6866     ffffffff9c072af7  0x0101f VMX_EXIT_RDMSR - 31 - RDMSR instruction.
00:02:07.028552      301259: 0x00000303345cdc6d/-7188     ffffffff9c072cd4  0x01020 VMX_EXIT_WRMSR - 32 - WRMSR instruction.
00:02:07.028553      301258: 0x00000303345cac55/-12312    ffffffff9c067dcd  0x01020 VMX_EXIT_WRMSR - 32 - WRMSR instruction.
00:02:07.028554      301257: 0x00000303345ad668/-120301   ffffffff9c9e8bd6  0x0100c VMX_EXIT_HLT - 12 - HLT instruction.
00:02:07.028556      301256: 0x00000303345ab40e/-8794     ffffffff9c067dcd  0x01020 VMX_EXIT_WRMSR - 32 - WRMSR instruction.
00:02:07.028557      301255: 0x0000030334593181/-98957    ffffffff9c9e8bd6  0x0100c VMX_EXIT_HLT - 12 - HLT instruction.
00:02:07.028558      301254: 0x0000030334591413/-7534     ffffffff9c072cd4  0x01020 VMX_EXIT_WRMSR - 32 - WRMSR instruction.
00:02:07.028559      301253: 0x000003033459008f/-4996     ffffffff9c072af7  0x0101f VMX_EXIT_RDMSR - 31 - RDMSR instruction.
00:02:07.028560      301252: 0x000003033458f209/-3718     ffffffff9c072af7  0x0101f VMX_EXIT_RDMSR - 31 - RDMSR instruction.
00:02:07.028561      301251: 0x000003033458e229/-4064     ffffffff9c072af7  0x0101f VMX_EXIT_RDMSR - 31 - RDMSR instruction.
00:02:07.028562      301250: 0x000003033458ba4b/-10206    ffffffff9c072af7  0x0101f VMX_EXIT_RDMSR - 31 - RDMSR instruction.
00:02:07.028563      301249: 0x000003033458ad13/-3384     ffffffff9c072af7  0x0101f VMX_EXIT_RDMSR - 31 - RDMSR instruction.
00:02:07.028564      301248: 0x0000030334587011/-15618    ffffffff9c072af7  0x0101f VMX_EXIT_RDMSR - 31 - RDMSR instruction.
00:02:07.028565      301247: 0x0000030334584325/-11500    ffffffff9c072af7  0x0101f VMX_EXIT_RDMSR - 31 - RDMSR instruction.
00:02:07.028566      301246: 0x00000303345831b9/-4460     ffffffff9c072af7  0x0101f VMX_EXIT_RDMSR - 31 - RDMSR instruction.
00:02:07.028567      301245: 0x0000030334581b27/-5778     ffffffff9c072af7  0x0101f VMX_EXIT_RDMSR - 31 - RDMSR instruction.
00:02:07.028568      301244: 0x000003033458086b/-4796     ffffffffffffffff  0x0101d VMX_EXIT_MOV_DRX - 29 - Debug-register accesses.
00:02:07.028568      301243: 0x000003033457f89d/-4046     ffffffff9c072af7  0x0101f VMX_EXIT_RDMSR - 31 - RDMSR instruction.
00:02:07.028569      301242: 0x000003033457ee5d/-2624     ffffffff9c072ab7  0x0101f VMX_EXIT_RDMSR - 31 - RDMSR instruction.
00:02:07.028570      301241: 0x000003033457d175/-7400     ffffffffc04a1c67  0x01015 VMX_EXIT_VMPTRLD - 21 - VMPTRLD instruction.
00:02:07.028571      301240: 0x0000030334579bed/-13704    ffffffff9c072cd4  0x01020 VMX_EXIT_WRMSR - 32 - WRMSR instruction.
00:02:07.028572      301239: 0x000003033457759b/-9810     ffffffff9c067dcd  0x01020 VMX_EXIT_WRMSR - 32 - WRMSR instruction.
00:02:07.028573      301238: 0x000003033453adf5/-247718   ffffffff9c9e8bd6  0x0100c VMX_EXIT_HLT - 12 - HLT instruction.
00:02:07.028574      301237: 0x000003033453870d/-9960     ffffffffc04a1b62  0x01013 VMX_EXIT_VMCLEAR - 19 - VMCLEAR instruction.
00:02:07.028575      301236: 0x00000303345379a9/-3428     ffffffff9c067dcd  0x01020 VMX_EXIT_WRMSR - 32 - WRMSR instruction.
00:02:07.028575      301235: 0x000003033452f0bb/-35054    ffffffff9c9e8bd6  0x0100c VMX_EXIT_HLT - 12 - HLT instruction.
00:02:07.028576      301234: 0x000003033452d167/-8020     ffffffff9c072cd4  0x01020 VMX_EXIT_WRMSR - 32 - WRMSR instruction.
00:02:07.028577      301233: 0x000003033452ba97/-5840     ffffffffffffffff  0x0101d VMX_EXIT_MOV_DRX - 29 - Debug-register accesses.
00:02:07.028578      301232: 0x000003033452ac8f/-3592     ffffffff9c072af7  0x0101f VMX_EXIT_RDMSR - 31 - RDMSR instruction.
00:02:07.028579      301231: 0x0000030334527891/-13310    ffffffff9c067dcd  0x01020 VMX_EXIT_WRMSR - 32 - WRMSR instruction.
00:02:07.028580      301230: 0x0000030334519dcc/-56005    ffffffff9c9e8bd6  0x0100c VMX_EXIT_HLT - 12 - HLT instruction.
00:02:07.028581      301229: 0x000003033451726e/-11102    ffffffff9c072cd4  0x01020 VMX_EXIT_WRMSR - 32 - WRMSR instruction.
00:02:07.028582      301228: 0x0000030334516080/-4590     ffffffff9c067dcd  0x01020 VMX_EXIT_WRMSR - 32 - WRMSR instruction.
00:02:07.028583      301227: 0x00000303344b2a62/-407070   ffffffff9c9e8bd6  0x0100c VMX_EXIT_HLT - 12 - HLT instruction.
00:02:07.028584      301226: 0x00000303344b1a96/-4044     ffffffff9c072cd4  0x01020 VMX_EXIT_WRMSR - 32 - WRMSR instruction.
00:02:07.028584      301225: 0x00000303344b0db0/-3302     ffffffff9c067dcd  0x01020 VMX_EXIT_WRMSR - 32 - WRMSR instruction.
00:02:07.028585      301224: 0x00000303344a1312/-64158    ffffffff9c9e8bd6  0x0100c VMX_EXIT_HLT - 12 - HLT instruction.
00:02:07.028586      301223: 0x00000303344a031c/-4086     ffffffff9c072cd4  0x01020 VMX_EXIT_WRMSR - 32 - WRMSR instruction.
00:02:07.028587      301222: 0x000003033449f6c4/-3160     ffffffff9c067dcd  0x01020 VMX_EXIT_WRMSR - 32 - WRMSR instruction.
00:02:07.028588      301221: 0x000003033448abea/-84698    ffffffff9c9e8bd6  0x0100c VMX_EXIT_HLT - 12 - HLT instruction.
00:02:07.028589      301220: 0x000003033448988e/-4956     ffffffff9c072cd4  0x01020 VMX_EXIT_WRMSR - 32 - WRMSR instruction.
00:02:07.028590      301219: 0x0000030334488ba0/-3310     ffffffff9c067dcd  0x01020 VMX_EXIT_WRMSR - 32 - WRMSR instruction.
00:02:07.028590      301218: 0x00000303344880e0/-2752     ffffffffffffffff  0x01007 VMX_EXIT_INT_WINDOW - 7 - Interrupt window.
00:02:07.028591      301217: 0x000003033448453c/-15268    ffffffff9c072cd4  0x01020 VMX_EXIT_WRMSR - 32 - WRMSR instruction.
00:02:07.028592      301216: 0x0000030334479816/-44326    ffffffff9c072cd4  0x01020 VMX_EXIT_WRMSR - 32 - WRMSR instruction.
00:02:07.028593      301215: 0x00000303344780aa/-5996     ffffffff9c067dcd  0x01020 VMX_EXIT_WRMSR - 32 - WRMSR instruction.
00:02:07.028594      301214: 0x00000303342924df/-1989579  ffffffff9c9e8bd6  0x0100c VMX_EXIT_HLT - 12 - HLT instruction.
00:02:07.028595      301213: 0x000003033429071d/-7618     ffffffff9c072cd4  0x01020 VMX_EXIT_WRMSR - 32 - WRMSR instruction.
00:02:07.028596      301212: 0x000003033428d8a1/-11900    ffffffff9c067dcd  0x01020 VMX_EXIT_WRMSR - 32 - WRMSR instruction.
00:02:07.028597      301211: 0x000003033428ceab/-2550     ffffffff9c072af7  0x0101f VMX_EXIT_RDMSR - 31 - RDMSR instruction.
00:02:07.028598      301210: 0x000003033428baff/-5036     ffffffffc0191b9e  0x40005 MMIO access
00:02:07.028599      301209: 0x000003033428a3bd/-5954     ffffffffc0191adf  0x40005 MMIO access
00:02:07.028600      301208: 0x000003033426e6ff/-113854   ffffffff9c9e8bd6  0x0100c VMX_EXIT_HLT - 12 - HLT instruction.
00:02:07.028601      301207: 0x000003033426ae7d/-14466    ffffffffc0191613  0x40005 MMIO access
00:02:07.028602      301206: 0x00000303342640bf/-28094    ffffffff9c067dcd  0x01020 VMX_EXIT_WRMSR - 32 - WRMSR instruction.
00:02:07.028603      301205: 0x0000030334257b19/-50598    ffffffff9c9e8bd6  0x0100c VMX_EXIT_HLT - 12 - HLT instruction.
00:02:07.028604      301204: 0x0000030334255299/-10368    ffffffff9c072cd4  0x01020 VMX_EXIT_WRMSR - 32 - WRMSR instruction.
00:02:07.028605      301203: 0x000003033424d919/-31104    ffffffff9c067dcd  0x01020 VMX_EXIT_WRMSR - 32 - WRMSR instruction.
00:02:07.028605      301202: 0x000003033424ce65/-2740     ffffffff9c072af7  0x0101f VMX_EXIT_RDMSR - 31 - RDMSR instruction.
00:02:07.028606      301201: 0x000003033424b711/-5972     ffffffffc0191b9e  0x40005 MMIO access
00:02:07.028607      301200: 0x0000030334244957/-28090    ffffffffc0191adf  0x40005 MMIO access
00:02:07.028608      301199: 0x0000030334201497/-275648   ffffffff9c9e8bd6  0x0100c VMX_EXIT_HLT - 12 - HLT instruction.
00:02:07.028609      301198: 0x00000303341fe281/-12822    ffffffffffffffff  0x01034 VMX_EXIT_PREEMPT_TIMER - 52 - VMX-preemption timer expired.
00:02:07.028610      301197: 0x00000303341f91d3/-20654    ffffffffc0191613  0x40005 MMIO access
00:02:07.028611      301196: 0x00000303341e4033/-86432    ffffffff9c072cd4  0x01020 VMX_EXIT_WRMSR - 32 - WRMSR instruction.
00:02:07.028612      301195: 0x00000303341e28f7/-5948     ffffffff9c067dcd  0x01020 VMX_EXIT_WRMSR - 32 - WRMSR instruction.
00:02:07.028613      301194: 0x00000303341e1bf5/-3330     ffffffffffffffff  0x01007 VMX_EXIT_INT_WINDOW - 7 - Interrupt window.
00:02:07.028614      301193: 0x00000303341e00a9/-6988     ffffffff9c067dcd  0x01020 VMX_EXIT_WRMSR - 32 - WRMSR instruction.
00:02:07.028615      301192: 0x0000030333f4af91/-2707736  ffffffff9c9e8bd6  0x0100c VMX_EXIT_HLT - 12 - HLT instruction.
00:02:07.028616      301191: 0x0000030333f4a07b/-3862     ffffffff9c067dcd  0x01020 VMX_EXIT_WRMSR - 32 - WRMSR instruction.
00:02:07.028616      301190: 0x0000030333f495fd/-2686     ffffffff9c072af7  0x0101f VMX_EXIT_RDMSR - 31 - RDMSR instruction.
00:02:07.028617      301189: 0x0000030333f47c97/-6502     ffffffffc0191b9e  0x40005 MMIO access
00:02:07.028618      301188: 0x0000030333f4602d/-7274     ffffffff9c072cd4  0x01020 VMX_EXIT_WRMSR - 32 - WRMSR instruction.
00:02:07.028619      301187: 0x0000030333f44019/-8212     ffffffffc0191adf  0x40005 MMIO access
00:02:07.028620      301186: 0x0000030333dcee73/-1528230  ffffffff9c9e8bd6  0x0100c VMX_EXIT_HLT - 12 - HLT instruction.
00:02:07.028621      301185: 0x0000030333dcc563/-10512    ffffffff9c072cd4  0x01020 VMX_EXIT_WRMSR - 32 - WRMSR instruction.
00:02:07.028622      301184: 0x0000030333dcab85/-6622     ffffffff9c072af7  0x0101f VMX_EXIT_RDMSR - 31 - RDMSR instruction.
00:02:07.028623      301183: 0x0000030333dc9baf/-4054     ffffffff9c072af7  0x0101f VMX_EXIT_RDMSR - 31 - RDMSR instruction.
00:02:07.028623      301182: 0x0000030333dc89c9/-4582     ffffffff9c072af7  0x0101f VMX_EXIT_RDMSR - 31 - RDMSR instruction.
00:02:07.028624      301181: 0x0000030333dc668d/-9020     ffffffff9c072af7  0x0101f VMX_EXIT_RDMSR - 31 - RDMSR instruction.
00:02:07.028625      301180: 0x0000030333dc57ff/-3726     ffffffff9c072af7  0x0101f VMX_EXIT_RDMSR - 31 - RDMSR instruction.
00:02:07.028626      301179: 0x0000030333dc0e05/-18938    ffffffff9c072af7  0x0101f VMX_EXIT_RDMSR - 31 - RDMSR instruction.
00:02:07.028627      301178: 0x0000030333dbce75/-16272    ffffffff9c072af7  0x0101f VMX_EXIT_RDMSR - 31 - RDMSR instruction.
00:02:07.028628      301177: 0x0000030333dbb4a5/-6608     ffffffff9c072af7  0x0101f VMX_EXIT_RDMSR - 31 - RDMSR instruction.
00:02:07.028629      301176: 0x0000030333db9cc1/-6116     ffffffff9c072af7  0x0101f VMX_EXIT_RDMSR - 31 - RDMSR instruction.
00:02:07.028629      301175: 0x0000030333db5ecf/-15858    ffffffffffffffff  0x0101d VMX_EXIT_MOV_DRX - 29 - Debug-register accesses.
00:02:07.028630      301174: 0x0000030333db451f/-6576     ffffffff9c072af7  0x0101f VMX_EXIT_RDMSR - 31 - RDMSR instruction.
00:02:07.028631      301173: 0x0000030333db3855/-3274     ffffffff9c072ab7  0x0101f VMX_EXIT_RDMSR - 31 - RDMSR instruction.
00:02:07.028632      301172: 0x0000030333daf8cb/-16266    ffffffffc04a1c67  0x01015 VMX_EXIT_VMPTRLD - 21 - VMPTRLD instruction.
00:02:07.028633      301171: 0x0000030333da7499/-33842    ffffffff9c072cd4  0x01020 VMX_EXIT_WRMSR - 32 - WRMSR instruction.
00:02:07.028634      301170: 0x0000030333da0a95/-27140    ffffffff9c067dcd  0x01020 VMX_EXIT_WRMSR - 32 - WRMSR instruction.
00:02:07.028635      301169: 0x0000030333d6c95f/-213302   ffffffff9c9e8bd6  0x0100c VMX_EXIT_HLT - 12 - HLT instruction.
00:02:07.028636      301168: 0x0000030333d6bac1/-3742     ffffffff9c067dcd  0x01020 VMX_EXIT_WRMSR - 32 - WRMSR instruction.
00:02:07.028637      301167: 0x0000030333d67479/-17992    ffffffff9c9e8bd6  0x0100c VMX_EXIT_HLT - 12 - HLT instruction.
00:02:07.028638      301166: 0x0000030333d665af/-3786     ffffffff9c067dcd  0x01020 VMX_EXIT_WRMSR - 32 - WRMSR instruction.
00:02:07.028639      301165: 0x0000030333d623a3/-16908    ffffffff9c9e8bd6  0x0100c VMX_EXIT_HLT - 12 - HLT instruction.
00:02:07.028640      301164: 0x0000030333d61501/-3746     ffffffff9c067dcd  0x01020 VMX_EXIT_WRMSR - 32 - WRMSR instruction.
00:02:07.028641      301163: 0x0000030333d5cfbb/-17734    ffffffff9c9e8bd6  0x0100c VMX_EXIT_HLT - 12 - HLT instruction.
00:02:07.028641      301162: 0x0000030333d5c12f/-3724     ffffffff9c067dcd  0x01020 VMX_EXIT_WRMSR - 32 - WRMSR instruction.
00:02:07.028642      301161: 0x0000030333d5810f/-16416    ffffffff9c9e8bd6  0x0100c VMX_EXIT_HLT - 12 - HLT instruction.
00:02:07.028643      301160: 0x0000030333d57267/-3752     ffffffff9c067dcd  0x01020 VMX_EXIT_WRMSR - 32 - WRMSR instruction.
00:02:07.028644      301159: 0x0000030333d52e67/-17408    ffffffff9c9e8bd6  0x0100c VMX_EXIT_HLT - 12 - HLT instruction.
00:02:07.028645      301158: 0x0000030333d51fab/-3772     ffffffff9c067dcd  0x01020 VMX_EXIT_WRMSR - 32 - WRMSR instruction.
00:02:07.028646      301157: 0x0000030333d4d9db/-17872    ffffffff9c9e8bd6  0x0100c VMX_EXIT_HLT - 12 - HLT instruction.
00:02:07.028647      301156: 0x0000030333d4cb35/-3750     ffffffff9c067dcd  0x01020 VMX_EXIT_WRMSR - 32 - WRMSR instruction.
00:02:07.028648      301155: 0x0000030333d48851/-17124    ffffffff9c9e8bd6  0x0100c VMX_EXIT_HLT - 12 - HLT instruction.
00:02:07.028649      301154: 0x0000030333d479c1/-3728     ffffffff9c067dcd  0x01020 VMX_EXIT_WRMSR - 32 - WRMSR instruction.
00:02:07.028650      301153: 0x0000030333d43653/-17262    ffffffff9c9e8bd6  0x0100c VMX_EXIT_HLT - 12 - HLT instruction.
00:02:07.028651      301152: 0x0000030333d4279b/-3768     ffffffff9c067dcd  0x01020 VMX_EXIT_WRMSR - 32 - WRMSR instruction.
00:02:07.028652      301151: 0x0000030333d3dfdd/-18366    ffffffff9c9e8bd6  0x0100c VMX_EXIT_HLT - 12 - HLT instruction.
00:02:07.028652      301150: 0x0000030333d3d131/-3756     ffffffff9c067dcd  0x01020 VMX_EXIT_WRMSR - 32 - WRMSR instruction.
00:02:07.028653      301149: 0x0000030333d38e55/-17116    ffffffff9c9e8bd6  0x0100c VMX_EXIT_HLT - 12 - HLT instruction.
00:02:07.028654      301148: 0x0000030333d37fb3/-3746     ffffffff9c067dcd  0x01020 VMX_EXIT_WRMSR - 32 - WRMSR instruction.
00:02:07.028655      301147: 0x0000030333d33c1d/-17302    ffffffff9c9e8bd6  0x0100c VMX_EXIT_HLT - 12 - HLT instruction.
00:02:07.028656      301146: 0x0000030333d32d8b/-3730     ffffffff9c067dcd  0x01020 VMX_EXIT_WRMSR - 32 - WRMSR instruction.
00:02:07.028657      301145: 0x0000030333d2e81d/-17774    ffffffff9c9e8bd6  0x0100c VMX_EXIT_HLT - 12 - HLT instruction.
00:02:07.028658      301144: 0x0000030333d2d987/-3734     ffffffff9c067dcd  0x01020 VMX_EXIT_WRMSR - 32 - WRMSR instruction.
00:02:07.028659      301143: 0x0000030333d295f5/-17298    ffffffff9c9e8bd6  0x0100c VMX_EXIT_HLT - 12 - HLT instruction.
00:02:07.028660      301142: 0x0000030333d2874f/-3750     ffffffff9c067dcd  0x01020 VMX_EXIT_WRMSR - 32 - WRMSR instruction.
00:02:07.028661      301141: 0x0000030333d241f3/-17756    ffffffff9c9e8bd6  0x0100c VMX_EXIT_HLT - 12 - HLT instruction.
00:02:07.028662      301140: 0x0000030333d23357/-3740     ffffffff9c067dcd  0x01020 VMX_EXIT_WRMSR - 32 - WRMSR instruction.
00:02:07.028662      301139: 0x0000030333d1ebcb/-18316    ffffffff9c9e8bd6  0x0100c VMX_EXIT_HLT - 12 - HLT instruction.
00:02:07.028663      301138: 0x0000030333d1dd3f/-3724     ffffffff9c067dcd  0x01020 VMX_EXIT_WRMSR - 32 - WRMSR instruction.
00:02:07.028664      301137: 0x0000030333d19ab7/-17032    ffffffff9c9e8bd6  0x0100c VMX_EXIT_HLT - 12 - HLT instruction.
00:02:07.028665      301136: 0x0000030333d18c25/-3730     ffffffff9c067dcd  0x01020 VMX_EXIT_WRMSR - 32 - WRMSR instruction.
00:02:07.028666      301135: 0x0000030333d1491b/-17162    ffffffff9c9e8bd6  0x0100c VMX_EXIT_HLT - 12 - HLT instruction.
00:02:07.028667      301134: 0x0000030333d13a75/-3750     ffffffff9c067dcd  0x01020 VMX_EXIT_WRMSR - 32 - WRMSR instruction.
00:02:07.028668      301133: 0x0000030333d0f4db/-17818    ffffffff9c9e8bd6  0x0100c VMX_EXIT_HLT - 12 - HLT instruction.
00:02:07.028669      301132: 0x0000030333d0e63d/-3742     ffffffff9c067dcd  0x01020 VMX_EXIT_WRMSR - 32 - WRMSR instruction.
00:02:07.028670      301131: 0x0000030333d0a359/-17124    ffffffff9c9e8bd6  0x0100c VMX_EXIT_HLT - 12 - HLT instruction.
00:02:07.028671      301130: 0x0000030333d094bd/-3740     ffffffff9c067dcd  0x01020 VMX_EXIT_WRMSR - 32 - WRMSR instruction.
00:02:07.028672      301129: 0x0000030333d0543d/-16512    ffffffff9c9e8bd6  0x0100c VMX_EXIT_HLT - 12 - HLT instruction.
00:02:07.028672      301128: 0x0000030333d045a9/-3732     ffffffff9c067dcd  0x01020 VMX_EXIT_WRMSR - 32 - WRMSR instruction.
00:02:07.028673      301127: 0x0000030333cfffb7/-17906    ffffffff9c9e8bd6  0x0100c VMX_EXIT_HLT - 12 - HLT instruction.
00:02:07.028674      301126: 0x0000030333cff117/-3744     ffffffff9c067dcd  0x01020 VMX_EXIT_WRMSR - 32 - WRMSR instruction.
00:02:07.028675      301125: 0x0000030333cfadc1/-17238    ffffffff9c9e8bd6  0x0100c VMX_EXIT_HLT - 12 - HLT instruction.
00:02:07.028676      301124: 0x0000030333cf9f31/-3728     ffffffff9c067dcd  0x01020 VMX_EXIT_WRMSR - 32 - WRMSR instruction.
00:02:07.028677      301123: 0x0000030333cf5bb9/-17272    ffffffff9c9e8bd6  0x0100c VMX_EXIT_HLT - 12 - HLT instruction.
00:02:07.028678      301122: 0x0000030333cf4d33/-3718     ffffffff9c067dcd  0x01020 VMX_EXIT_WRMSR - 32 - WRMSR instruction.
00:02:07.028679      301121: 0x0000030333cf05b7/-18300    ffffffff9c9e8bd6  0x0100c VMX_EXIT_HLT - 12 - HLT instruction.
00:02:07.028680      301120: 0x0000030333cef713/-3748     ffffffff9c067dcd  0x01020 VMX_EXIT_WRMSR - 32 - WRMSR instruction.
00:02:07.028681      301119: 0x0000030333ceb453/-17088    ffffffff9c9e8bd6  0x0100c VMX_EXIT_HLT - 12 - HLT instruction.
00:02:07.028681      301118: 0x0000030333cea593/-3776     ffffffff9c067dcd  0x01020 VMX_EXIT_WRMSR - 32 - WRMSR instruction.
00:02:07.028682      301117: 0x0000030333ce624f/-17220    ffffffff9c9e8bd6  0x0100c VMX_EXIT_HLT - 12 - HLT instruction.
00:02:07.028683      301116: 0x0000030333ce53bb/-3732     ffffffff9c067dcd  0x01020 VMX_EXIT_WRMSR - 32 - WRMSR instruction.
00:02:07.028684      301115: 0x0000030333ce0955/-19046    ffffffff9c9e8bd6  0x0100c VMX_EXIT_HLT - 12 - HLT instruction.
00:02:07.028685      301114: 0x0000030333cdfaaf/-3750     ffffffff9c067dcd  0x01020 VMX_EXIT_WRMSR - 32 - WRMSR instruction.
00:02:07.028686      301113: 0x0000030333cdb7df/-17104    ffffffff9c9e8bd6  0x0100c VMX_EXIT_HLT - 12 - HLT instruction.
00:02:07.028687      301112: 0x0000030333cda94f/-3728     ffffffff9c067dcd  0x01020 VMX_EXIT_WRMSR - 32 - WRMSR instruction.
00:02:07.028688      301111: 0x0000030333cd67d3/-16764    ffffffff9c9e8bd6  0x0100c VMX_EXIT_HLT - 12 - HLT instruction.
00:02:07.028689      301110: 0x0000030333cd5927/-3756     ffffffff9c067dcd  0x01020 VMX_EXIT_WRMSR - 32 - WRMSR instruction.
00:02:07.028690      301109: 0x0000030333cd0ea5/-19074    ffffffff9c9e8bd6  0x0100c VMX_EXIT_HLT - 12 - HLT instruction.
00:02:07.028691      301108: 0x0000030333cd001f/-3718     ffffffff9c067dcd  0x01020 VMX_EXIT_WRMSR - 32 - WRMSR instruction.
00:02:07.028691      301107: 0x0000030333ccbe33/-16876    ffffffff9c9e8bd6  0x0100c VMX_EXIT_HLT - 12 - HLT instruction.
00:02:07.028692      301106: 0x0000030333ccafa3/-3728     ffffffff9c067dcd  0x01020 VMX_EXIT_WRMSR - 32 - WRMSR instruction.
00:02:07.028693      301105: 0x0000030333cc6c71/-17202    ffffffff9c9e8bd6  0x0100c VMX_EXIT_HLT - 12 - HLT instruction.
00:02:07.028694      301104: 0x0000030333cc5dc9/-3752     ffffffff9c067dcd  0x01020 VMX_EXIT_WRMSR - 32 - WRMSR instruction.
00:02:07.028695      301103: 0x0000030333cc1833/-17814    ffffffff9c9e8bd6  0x0100c VMX_EXIT_HLT - 12 - HLT instruction.
00:02:07.028696      301102: 0x0000030333cc098f/-3748     ffffffff9c067dcd  0x01020 VMX_EXIT_WRMSR - 32 - WRMSR instruction.
00:02:07.028697      301101: 0x0000030333cbc6e3/-17068    ffffffff9c9e8bd6  0x0100c VMX_EXIT_HLT - 12 - HLT instruction.
00:02:07.028698      301100: 0x0000030333cbb847/-3740     ffffffff9c067dcd  0x01020 VMX_EXIT_WRMSR - 32 - WRMSR instruction.
00:02:07.028699      301099: 0x0000030333cb731b/-17708    ffffffff9c9e8bd6  0x0100c VMX_EXIT_HLT - 12 - HLT instruction.
00:02:07.028699      301098: 0x0000030333cb6485/-3734     ffffffff9c067dcd  0x01020 VMX_EXIT_WRMSR - 32 - WRMSR instruction.
00:02:07.028700      301097: 0x0000030333cb21bf/-17094    ffffffff9c9e8bd6  0x0100c VMX_EXIT_HLT - 12 - HLT instruction.
00:02:07.028701      301096: 0x0000030333cb1311/-3758     ffffffff9c067dcd  0x01020 VMX_EXIT_WRMSR - 32 - WRMSR instruction.
00:02:07.028702      301095: 0x0000030333cacec9/-17480    ffffffff9c9e8bd6  0x0100c VMX_EXIT_HLT - 12 - HLT instruction.
00:02:07.028703      301094: 0x0000030333cac017/-3762     ffffffff9c067dcd  0x01020 VMX_EXIT_WRMSR - 32 - WRMSR instruction.
00:02:07.028704      301093: 0x0000030333ca7ec5/-16722    ffffffff9c9e8bd6  0x0100c VMX_EXIT_HLT - 12 - HLT instruction.
00:02:07.028705      301092: 0x0000030333ca6ffd/-3784     ffffffff9c067dcd  0x01020 VMX_EXIT_WRMSR - 32 - WRMSR instruction.
00:02:07.028706      301091: 0x0000030333ca2833/-18378    ffffffff9c9e8bd6  0x0100c VMX_EXIT_HLT - 12 - HLT instruction.
00:02:07.028707      301090: 0x0000030333ca1997/-3740     ffffffff9c067dcd  0x01020 VMX_EXIT_WRMSR - 32 - WRMSR instruction.
00:02:07.028708      301089: 0x0000030333c9d845/-16722    ffffffff9c9e8bd6  0x0100c VMX_EXIT_HLT - 12 - HLT instruction.
00:02:07.028709      301088: 0x0000030333c9c991/-3764     ffffffff9c067dcd  0x01020 VMX_EXIT_WRMSR - 32 - WRMSR instruction.
00:02:07.028710      301087: 0x0000030333c98681/-17168    ffffffff9c9e8bd6  0x0100c VMX_EXIT_HLT - 12 - HLT instruction.
00:02:07.028711      301086: 0x0000030333c977c9/-3768     ffffffff9c067dcd  0x01020 VMX_EXIT_WRMSR - 32 - WRMSR instruction.
00:02:07.028711      301085: 0x0000030333c9301d/-18348    ffffffff9c9e8bd6  0x0100c VMX_EXIT_HLT - 12 - HLT instruction.
00:02:07.028712      301084: 0x0000030333c9216d/-3760     ffffffff9c067dcd  0x01020 VMX_EXIT_WRMSR - 32 - WRMSR instruction.
00:02:07.028713      301083: 0x0000030333c8de47/-17190    ffffffff9c9e8bd6  0x0100c VMX_EXIT_HLT - 12 - HLT instruction.
00:02:07.028714      301082: 0x0000030333c8cfa3/-3748     ffffffff9c067dcd  0x01020 VMX_EXIT_WRMSR - 32 - WRMSR instruction.
00:02:07.028715      301081: 0x0000030333c88d4f/-16980    ffffffff9c9e8bd6  0x0100c VMX_EXIT_HLT - 12 - HLT instruction.
00:02:07.028716      301080: 0x0000030333c87ead/-3746     ffffffff9c067dcd  0x01020 VMX_EXIT_WRMSR - 32 - WRMSR instruction.
00:02:07.028717      301079: 0x0000030333c8376d/-18240    ffffffff9c9e8bd6  0x0100c VMX_EXIT_HLT - 12 - HLT instruction.
00:02:07.028718      301078: 0x0000030333c828c5/-3752     ffffffff9c067dcd  0x01020 VMX_EXIT_WRMSR - 32 - WRMSR instruction.
00:02:07.028719      301077: 0x0000030333c7e56f/-17238    ffffffff9c9e8bd6  0x0100c VMX_EXIT_HLT - 12 - HLT instruction.
00:02:07.028719      301076: 0x0000030333c7d6c9/-3750     ffffffff9c067dcd  0x01020 VMX_EXIT_WRMSR - 32 - WRMSR instruction.
00:02:07.028720      301075: 0x0000030333c792b5/-17428    ffffffff9c9e8bd6  0x0100c VMX_EXIT_HLT - 12 - HLT instruction.
00:02:07.028721      301074: 0x0000030333c783cd/-3816     ffffffff9c067dcd  0x01020 VMX_EXIT_WRMSR - 32 - WRMSR instruction.
00:02:07.028722      301073: 0x0000030333c73e05/-17864    ffffffff9c9e8bd6  0x0100c VMX_EXIT_HLT - 12 - HLT instruction.
00:02:07.028723      301072: 0x0000030333c72f39/-3788     ffffffff9c067dcd  0x01020 VMX_EXIT_WRMSR - 32 - WRMSR instruction.
00:02:07.028724      301071: 0x0000030333c6f2df/-15450    ffffffff9c9e8bd6  0x0100c VMX_EXIT_HLT - 12 - HLT instruction.
00:02:07.028725      301070: 0x0000030333c6e369/-3958     ffffffff9c067dcd  0x01020 VMX_EXIT_WRMSR - 32 - WRMSR instruction.
00:02:07.028726      301069: 0x0000030333c4af25/-144452   ffffffff9c9e8bd6  0x0100c VMX_EXIT_HLT - 12 - HLT instruction.
00:02:07.028727      301068: 0x0000030333c49ba9/-4988     ffffffff9c067dcd  0x01020 VMX_EXIT_WRMSR - 32 - WRMSR instruction.
00:02:07.028728      301067: 0x0000030333c422c5/-30948    ffffffff9c9e8bd6  0x0100c VMX_EXIT_HLT - 12 - HLT instruction.
00:02:07.028729      301066: 0x0000030333c3c919/-22956    ffffffff9c072cd4  0x01020 VMX_EXIT_WRMSR - 32 - WRMSR instruction.
00:02:07.028729      301065: 0x0000030333c39b03/-11798    ffffffff9c067dcd  0x01020 VMX_EXIT_WRMSR - 32 - WRMSR instruction.
00:02:07.028730      301064: 0x0000030333633f3d/-6314950  ffffffff9c9e8bd6  0x0100c VMX_EXIT_HLT - 12 - HLT instruction.
00:02:07.028731      301063: 0x0000030333632e23/-4378     ffffffff9c067dcd  0x01020 VMX_EXIT_WRMSR - 32 - WRMSR instruction.
00:02:07.028732      301062: 0x000003033363236b/-2744     ffffffff9c072af7  0x0101f VMX_EXIT_RDMSR - 31 - RDMSR instruction.
00:02:07.028733      301061: 0x0000030333630993/-6616     ffffffffc0191b9e  0x40005 MMIO access
00:02:07.028734      301060: 0x000003033362f21f/-6004     ffffffff9c072cd4  0x01020 VMX_EXIT_WRMSR - 32 - WRMSR instruction.
00:02:07.028735      301059: 0x000003033362d7a7/-6776     ffffffffc0191adf  0x40005 MMIO access
00:02:07.028736      301058: 0x000003033326b970/-3939895  ffffffff9c9e8bd6  0x0100c VMX_EXIT_HLT - 12 - HLT instruction.
00:02:07.028737      301057: 0x000003033326a6dc/-4756     ffffffff9c072cd4  0x01020 VMX_EXIT_WRMSR - 32 - WRMSR instruction.
00:02:07.028738      301056: 0x0000030333261472/-37482    ffffffff9c072cd4  0x01020 VMX_EXIT_WRMSR - 32 - WRMSR instruction.
00:02:07.028739      301055: 0x000003033325f24e/-8740     ffffffff9c067dcd  0x01020 VMX_EXIT_WRMSR - 32 - WRMSR instruction.
00:02:07.028739      301054: 0x0000030332dc2c7b/-4834771  ffffffff9c9e8bd6  0x0100c VMX_EXIT_HLT - 12 - HLT instruction.
00:02:07.028740      301053: 0x0000030332dc1e35/-3654     ffffffff9c067dcd  0x01020 VMX_EXIT_WRMSR - 32 - WRMSR instruction.
00:02:07.028741      301052: 0x0000030332dc1439/-2556     ffffffff9c072af7  0x0101f VMX_EXIT_RDMSR - 31 - RDMSR instruction.
00:02:07.028742      301051: 0x0000030332dbff03/-5430     ffffffffc0191b9e  0x40005 MMIO access
00:02:07.028743      301050: 0x0000030332dbe76d/-6038     ffffffff9c072cd4  0x01020 VMX_EXIT_WRMSR - 32 - WRMSR instruction.
00:02:07.028744      301049: 0x0000030332dbd0eb/-5762     ffffffffc0191adf  0x40005 MMIO access
00:02:07.028745      301048: 0x0000030332c87add/-1267214  ffffffff9c9e8bd6  0x0100c VMX_EXIT_HLT - 12 - HLT instruction.
00:02:07.028746      301047: 0x0000030332c861e9/-6388     ffffffff9c072cd4  0x01020 VMX_EXIT_WRMSR - 32 - WRMSR instruction.
00:02:07.028746      301046: 0x0000030332c853b9/-3632     ffffffff9c067dcd  0x01020 VMX_EXIT_WRMSR - 32 - WRMSR instruction.
00:02:07.028747      301045: 0x0000030332c84871/-2888     ffffffffffffffff  0x01007 VMX_EXIT_INT_WINDOW - 7 - Interrupt window.
00:02:07.028748      301044: 0x0000030332c8376d/-4356     ffffffff9c067dcd  0x01020 VMX_EXIT_WRMSR - 32 - WRMSR instruction.
00:02:07.028749      301043: 0x0000030332c82b61/-3084     ffffffff9c072af7  0x0101f VMX_EXIT_RDMSR - 31 - RDMSR instruction.
00:02:07.028750      301042: 0x0000030332c8101f/-6978     ffffffffc0191b9e  0x40005 MMIO access
00:02:07.028751      301041: 0x0000030332c7f3ff/-7200     ffffffff9c072cd4  0x01020 VMX_EXIT_WRMSR - 32 - WRMSR instruction.
00:02:07.028751      301040: 0x0000030332c771cd/-33330    ffffffffc0191adf  0x40005 MMIO access
00:02:07.028752      301039: 0x0000030332b5be26/-1160103  ffffffff9c9e8bd6  0x0100c VMX_EXIT_HLT - 12 - HLT instruction.
00:02:07.028753      301038: 0x0000030332b5abc8/-4702     ffffffff9c067dcd  0x01020 VMX_EXIT_WRMSR - 32 - WRMSR instruction.
00:02:07.028754      301037: 0x0000030332b59df4/-3540     ffffffff9c072af7  0x0101f VMX_EXIT_RDMSR - 31 - RDMSR instruction.
00:02:07.028755      301036: 0x0000030332b572dc/-11032    ffffffffc0191b9e  0x40005 MMIO access
00:02:07.028756      301035: 0x0000030332b556ea/-7154     ffffffff9c072cd4  0x01020 VMX_EXIT_WRMSR - 32 - WRMSR instruction.
00:02:07.028757      301034: 0x0000030332b50eb0/-18490    ffffffffc0191adf  0x40005 MMIO access
00:02:07.028758      301033: 0x0000030332aac0f0/-675264   ffffffff9c9e8bd6  0x0100c VMX_EXIT_HLT - 12 - HLT instruction.
00:02:07.028759      301032: 0x0000030332aa70b6/-20538    ffffffff9c067dcd  0x01020 VMX_EXIT_WRMSR - 32 - WRMSR instruction.
00:02:07.028759      301031: 0x00000303327ef2d6/-2850272  ffffffff9c9e8bd6  0x0100c VMX_EXIT_HLT - 12 - HLT instruction.
00:02:07.028760      301030: 0x00000303327ea14e/-20872    ffffffff9c072cd4  0x01020 VMX_EXIT_WRMSR - 32 - WRMSR instruction.
00:02:07.028761      301029: 0x00000303327e8dca/-4996     ffffffff9c067dcd  0x01020 VMX_EXIT_WRMSR - 32 - WRMSR instruction.
00:02:07.028762      301028: 0x00000303327e7fd6/-3572     ffffffffffffffff  0x01007 VMX_EXIT_INT_WINDOW - 7 - Interrupt window.
00:02:07.028763      301027: 0x00000303327e03ae/-31784    ffffffff9c0e4e33  0x01001 VMX_EXIT_EXT_INT - 1 - External interrupt.
00:02:07.028764      301026: 0x00000303327d9fb6/-25592    ffffffff9c072cd4  0x01020 VMX_EXIT_WRMSR - 32 - WRMSR instruction.
00:02:07.028765      301025: 0x00000303327ca5d4/-63970    ffffffff9c072cd4  0x01020 VMX_EXIT_WRMSR - 32 - WRMSR instruction.
00:02:07.028766      301024: 0x00000303327bea04/-48080    ffffffff9c067dcd  0x01020 VMX_EXIT_WRMSR - 32 - WRMSR instruction.
00:02:07.028767      301023: 0x00000303313a044c/-21095864 ffffffff9c9e8bd6  0x0100c VMX_EXIT_HLT - 12 - HLT instruction.
00:02:07.028768      301022: 0x0000030331396c92/-38842    ffffffff9c072cd4  0x01020 VMX_EXIT_WRMSR - 32 - WRMSR instruction.
00:02:07.028769      301021: 0x00000303313951c0/-6866     ffffffff9c067dcd  0x01020 VMX_EXIT_WRMSR - 32 - WRMSR instruction.
00:02:07.028769      301020: 0x0000030330e70abe/-5392130  ffffffff9c9e8bd6  0x0100c VMX_EXIT_HLT - 12 - HLT instruction.
00:02:07.028770      301019: 0x0000030330e6f6ce/-5104     ffffffff9c072cd4  0x01020 VMX_EXIT_WRMSR - 32 - WRMSR instruction.
00:02:07.028771      301018: 0x0000030330e6e8ba/-3604     ffffffff9c067dcd  0x01020 VMX_EXIT_WRMSR - 32 - WRMSR instruction.
00:02:07.028772      301017: 0x0000030330bdbabb/-2698751  ffffffff9c9e8bd6  0x0100c VMX_EXIT_HLT - 12 - HLT instruction.
00:02:07.028773      301016: 0x0000030330bdacc9/-3570     ffffffff9c067dcd  0x01020 VMX_EXIT_WRMSR - 32 - WRMSR instruction.
00:02:07.028774      301015: 0x0000030330bd6ffd/-15564    ffffffff9c9e8bd6  0x0100c VMX_EXIT_HLT - 12 - HLT instruction.
00:02:07.028775      301014: 0x0000030330bd620b/-3570     ffffffff9c067dcd  0x01020 VMX_EXIT_WRMSR - 32 - WRMSR instruction.
00:02:07.028776      301013: 0x0000030330bd234d/-16062    ffffffff9c9e8bd6  0x0100c VMX_EXIT_HLT - 12 - HLT instruction.
00:02:07.028780 CPU[2]: VM-exit history:
00:02:07.028780    Exit No.:     TSC timestamp / delta    RIP (Flat/*)      Exit    Name
00:02:07.028781      205348: 0x0000030334df24ff/+0        ffffffff9c9e8bd6  0x0100c VMX_EXIT_HLT - 12 - HLT instruction.
00:02:07.028783      205347: 0x0000030334deed05/-14330    ffffffff9c072cd4  0x01020 VMX_EXIT_WRMSR - 32 - WRMSR instruction.
00:02:07.028784      205346: 0x0000030334ded619/-5868     ffffffff9c067dcd  0x01020 VMX_EXIT_WRMSR - 32 - WRMSR instruction.
00:02:07.028785      205345: 0x0000030334cbac01/-1255960  ffffffff9c9e8bd6  0x0100c VMX_EXIT_HLT - 12 - HLT instruction.
00:02:07.028786      205344: 0x0000030334cb9917/-4842     ffffffff9c072cd4  0x01020 VMX_EXIT_WRMSR - 32 - WRMSR instruction.
00:02:07.028787      205343: 0x0000030334cb8871/-4262     ffffffff9c067dcd  0x01020 VMX_EXIT_WRMSR - 32 - WRMSR instruction.
00:02:07.028788      205342: 0x00000303345dc045/-7194668  ffffffff9c9e8bd6  0x0100c VMX_EXIT_HLT - 12 - HLT instruction.
00:02:07.028789      205341: 0x00000303345da96b/-5850     ffffffffc04a1b62  0x01013 VMX_EXIT_VMCLEAR - 19 - VMCLEAR instruction.
00:02:07.028790      205340: 0x00000303345d9d9f/-3020     ffffffff9c067dcd  0x01020 VMX_EXIT_WRMSR - 32 - WRMSR instruction.
00:02:07.028791      205339: 0x00000303345c8c2b/-70004    ffffffff9c9e8bd6  0x0100c VMX_EXIT_HLT - 12 - HLT instruction.
00:02:07.028792      205338: 0x00000303345c6867/-9156     ffffffff9c072cd4  0x01020 VMX_EXIT_WRMSR - 32 - WRMSR instruction.
00:02:07.028793      205337: 0x00000303345bf169/-30462    ffffffff9c072cd4  0x01020 VMX_EXIT_WRMSR - 32 - WRMSR instruction.
00:02:07.028794      205336: 0x00000303345a7037/-98610    ffffffff9c072cd4  0x01020 VMX_EXIT_WRMSR - 32 - WRMSR instruction.
00:02:07.028795      205335: 0x00000303345a52dd/-7514     ffffffff9c072cd4  0x01020 VMX_EXIT_WRMSR - 32 - WRMSR instruction.
00:02:07.028796      205334: 0x00000303345a3673/-7274     ffffffffffffffff  0x0101d VMX_EXIT_MOV_DRX - 29 - Debug-register accesses.
00:02:07.028797      205333: 0x00000303345a2b2f/-2884     ffffffff9c072af7  0x0101f VMX_EXIT_RDMSR - 31 - RDMSR instruction.
00:02:07.028797      205332: 0x00000303345a21eb/-2372     ffffffff9c072ab7  0x0101f VMX_EXIT_RDMSR - 31 - RDMSR instruction.
00:02:07.028798      205331: 0x00000303345a056f/-7292     ffffffffc04a1c67  0x01015 VMX_EXIT_VMPTRLD - 21 - VMPTRLD instruction.
00:02:07.028799      205330: 0x0000030334598f1d/-30290    ffffffff9c072cd4  0x01020 VMX_EXIT_WRMSR - 32 - WRMSR instruction.
00:02:07.028800      205329: 0x0000030334594347/-19414    ffffffff9c067dcd  0x01020 VMX_EXIT_WRMSR - 32 - WRMSR instruction.
00:02:07.028801      205328: 0x000003033457d245/-94466    ffffffff9c9e8bd6  0x0100c VMX_EXIT_HLT - 12 - HLT instruction.
00:02:07.028802      205327: 0x000003033457c22b/-4122     ffffffffc04a1b62  0x01013 VMX_EXIT_VMCLEAR - 19 - VMCLEAR instruction.
00:02:07.028803      205326: 0x000003033457b6bb/-2928     ffffffff9c067dcd  0x01020 VMX_EXIT_WRMSR - 32 - WRMSR instruction.
00:02:07.028804      205325: 0x0000030334575dc1/-22778    ffffffff9c9e8bd6  0x0100c VMX_EXIT_HLT - 12 - HLT instruction.
00:02:07.028805      205324: 0x0000030334573e09/-8120     ffffffff9c072cd4  0x01020 VMX_EXIT_WRMSR - 32 - WRMSR instruction.
00:02:07.028806      205323: 0x00000303345721a3/-7270     ffffffff9c067dcd  0x01020 VMX_EXIT_WRMSR - 32 - WRMSR instruction.
00:02:07.028806      205322: 0x000003033455c92b/-88184    ffffffff9c9e8bd6  0x0100c VMX_EXIT_HLT - 12 - HLT instruction.
00:02:07.028807      205321: 0x000003033455ad7d/-7086     ffffffffc04a1b62  0x01013 VMX_EXIT_VMCLEAR - 19 - VMCLEAR instruction.
00:02:07.028808      205320: 0x000003033455a0eb/-3218     ffffffff9c067dcd  0x01020 VMX_EXIT_WRMSR - 32 - WRMSR instruction.
00:02:07.028809      205319: 0x0000030334552ac7/-30244    ffffffff9c9e8bd6  0x0100c VMX_EXIT_HLT - 12 - HLT instruction.
00:02:07.028810      205318: 0x0000030334550b3b/-8076     ffffffff9c072cd4  0x01020 VMX_EXIT_WRMSR - 32 - WRMSR instruction.
00:02:07.028811      205317: 0x000003033454ed29/-7698     ffffffff9c072af7  0x0101f VMX_EXIT_RDMSR - 31 - RDMSR instruction.
00:02:07.028812      205316: 0x000003033454e361/-2504     ffffffff9c072ab7  0x0101f VMX_EXIT_RDMSR - 31 - RDMSR instruction.
00:02:07.028813      205315: 0x000003033454bcad/-9908     ffffffffc04a1c67  0x01015 VMX_EXIT_VMPTRLD - 21 - VMPTRLD instruction.
00:02:07.028814      205314: 0x00000303345414cd/-42976    ffffffff9c072cd4  0x01020 VMX_EXIT_WRMSR - 32 - WRMSR instruction.
00:02:07.028815      205313: 0x000003033453fda3/-5930     ffffffffffffffff  0x0101d VMX_EXIT_MOV_DRX - 29 - Debug-register accesses.
00:02:07.028816      205312: 0x000003033453ebe7/-4540     ffffffff9c072af7  0x0101f VMX_EXIT_RDMSR - 31 - RDMSR instruction.
00:02:07.028817      205311: 0x000003033453dde3/-3588     ffffffff9c072ab7  0x0101f VMX_EXIT_RDMSR - 31 - RDMSR instruction.
00:02:07.028818      205310: 0x000003033453ab47/-12956    ffffffffc04a1c67  0x01015 VMX_EXIT_VMPTRLD - 21 - VMPTRLD instruction.
00:02:07.028818      205309: 0x00000303345323dd/-34666    ffffffff9c072cd4  0x01020 VMX_EXIT_WRMSR - 32 - WRMSR instruction.
00:02:07.028819      205308: 0x000003033453006b/-9074     ffffffff9c067dcd  0x01020 VMX_EXIT_WRMSR - 32 - WRMSR instruction.
00:02:07.028820      205307: 0x0000030334523e73/-49656    ffffffff9c9e8bd6  0x0100c VMX_EXIT_HLT - 12 - HLT instruction.
00:02:07.028821      205306: 0x0000030334521cb9/-8634     ffffffff9c072cd4  0x01020 VMX_EXIT_WRMSR - 32 - WRMSR instruction.
00:02:07.028822      205305: 0x000003033451f90f/-9130     ffffffff9c067dcd  0x01020 VMX_EXIT_WRMSR - 32 - WRMSR instruction.
00:02:07.028823      205304: 0x00000303345133f5/-50458    ffffffff9c9e8bd6  0x0100c VMX_EXIT_HLT - 12 - HLT instruction.
00:02:07.028824      205303: 0x000003033450ed33/-18114    ffffffff9c072cd4  0x01020 VMX_EXIT_WRMSR - 32 - WRMSR instruction.
00:02:07.028825      205302: 0x00000303344b007b/-388280   ffffffffffffffff  0x01034 VMX_EXIT_PREEMPT_TIMER - 52 - VMX-preemption timer expired.
00:02:07.028826      205301: 0x000003033449903b/-94272    ffffffffffffffff  0x01034 VMX_EXIT_PREEMPT_TIMER - 52 - VMX-preemption timer expired.
00:02:07.028827      205300: 0x0000030334485659/-80354    ffffffff9c072cd4  0x01020 VMX_EXIT_WRMSR - 32 - WRMSR instruction.
00:02:07.028828      205299: 0x000003033447a3a7/-45746    ffffffff9c067dcd  0x01020 VMX_EXIT_WRMSR - 32 - WRMSR instruction.
00:02:07.028828      205298: 0x00000303344750c7/-21216    00007fb2f6349af8  0x01001 VMX_EXIT_EXT_INT - 1 - External interrupt.
00:02:07.028829      205297: 0x000003033446ed45/-25474    ffffffffffffffff  0x01034 VMX_EXIT_PREEMPT_TIMER - 52 - VMX-preemption timer expired.
00:02:07.028830      205296: 0x0000030334459ea9/-85660    ffffffffffffffff  0x01034 VMX_EXIT_PREEMPT_TIMER - 52 - VMX-preemption timer expired.
00:02:07.028831      205295: 0x00000303344454ad/-84476    ffffffffffffffff  0x01034 VMX_EXIT_PREEMPT_TIMER - 52 - VMX-preemption timer expired.
00:02:07.028832      205294: 0x00000303344309f5/-84664    ffffffffffffffff  0x01034 VMX_EXIT_PREEMPT_TIMER - 52 - VMX-preemption timer expired.
00:02:07.028833      205293: 0x000003033441bedd/-84760    ffffffffffffffff  0x01034 VMX_EXIT_PREEMPT_TIMER - 52 - VMX-preemption timer expired.
00:02:07.028834      205292: 0x0000030334407391/-84812    ffffffffffffffff  0x01034 VMX_EXIT_PREEMPT_TIMER - 52 - VMX-preemption timer expired.
00:02:07.028835      205291: 0x00000303343f298f/-84482    ffffffffffffffff  0x01034 VMX_EXIT_PREEMPT_TIMER - 52 - VMX-preemption timer expired.
00:02:07.028836      205290: 0x00000303343dde35/-84826    ffffffffffffffff  0x01034 VMX_EXIT_PREEMPT_TIMER - 52 - VMX-preemption timer expired.
00:02:07.028836      205289: 0x00000303343c9093/-85410    ffffffffffffffff  0x01034 VMX_EXIT_PREEMPT_TIMER - 52 - VMX-preemption timer expired.
00:02:07.028837      205288: 0x00000303343b4667/-84524    ffffffffffffffff  0x01034 VMX_EXIT_PREEMPT_TIMER - 52 - VMX-preemption timer expired.
00:02:07.028838      205287: 0x000003033439fc31/-84534    ffffffffffffffff  0x01034 VMX_EXIT_PREEMPT_TIMER - 52 - VMX-preemption timer expired.
00:02:07.028839      205286: 0x000003033438b253/-84446    ffffffffffffffff  0x01034 VMX_EXIT_PREEMPT_TIMER - 52 - VMX-preemption timer expired.
00:02:07.028840      205285: 0x00000303343768c9/-84362    ffffffffffffffff  0x01034 VMX_EXIT_PREEMPT_TIMER - 52 - VMX-preemption timer expired.
00:02:07.028841      205284: 0x0000030334361f4f/-84346    ffffffffffffffff  0x01034 VMX_EXIT_PREEMPT_TIMER - 52 - VMX-preemption timer expired.
00:02:07.028842      205283: 0x000003033434d60f/-84288    ffffffffffffffff  0x01034 VMX_EXIT_PREEMPT_TIMER - 52 - VMX-preemption timer expired.
00:02:07.028843      205282: 0x0000030334338bd9/-84534    ffffffffffffffff  0x01034 VMX_EXIT_PREEMPT_TIMER - 52 - VMX-preemption timer expired.
00:02:07.028844      205281: 0x0000030334324181/-84568    ffffffffffffffff  0x01034 VMX_EXIT_PREEMPT_TIMER - 52 - VMX-preemption timer expired.
00:02:07.028844      205280: 0x000003033430f71b/-84582    ffffffffffffffff  0x01034 VMX_EXIT_PREEMPT_TIMER - 52 - VMX-preemption timer expired.
00:02:07.028845      205279: 0x00000303342fac85/-84630    ffffffffffffffff  0x01034 VMX_EXIT_PREEMPT_TIMER - 52 - VMX-preemption timer expired.
00:02:07.028846      205278: 0x00000303342e6241/-84548    ffffffffffffffff  0x01034 VMX_EXIT_PREEMPT_TIMER - 52 - VMX-preemption timer expired.
00:02:07.028847      205277: 0x00000303342d18b5/-84364    ffffffffffffffff  0x01034 VMX_EXIT_PREEMPT_TIMER - 52 - VMX-preemption timer expired.
00:02:07.028848      205276: 0x00000303342bce67/-84558    ffffffffffffffff  0x01034 VMX_EXIT_PREEMPT_TIMER - 52 - VMX-preemption timer expired.
00:02:07.028849      205275: 0x00000303342a8293/-84948    ffffffffffffffff  0x01034 VMX_EXIT_PREEMPT_TIMER - 52 - VMX-preemption timer expired.
00:02:07.028850      205274: 0x00000303342939a9/-84202    ffffffff9c067dcd  0x01020 VMX_EXIT_WRMSR - 32 - WRMSR instruction.
00:02:07.028851      205273: 0x0000030334263b99/-196112   ffffffff9c9e8bd6  0x0100c VMX_EXIT_HLT - 12 - HLT instruction.
00:02:07.028851      205272: 0x000003033425f3cb/-18382    ffffffff9c072cd4  0x01020 VMX_EXIT_WRMSR - 32 - WRMSR instruction.
00:02:07.028852      205271: 0x000003033425941b/-24496    ffffffff9c067dcd  0x01020 VMX_EXIT_WRMSR - 32 - WRMSR instruction.
00:02:07.028853      205270: 0x00000303341cba57/-580036   ffffffff9c9e8bd6  0x0100c VMX_EXIT_HLT - 12 - HLT instruction.
00:02:07.028854      205269: 0x00000303341c263b/-37916    ffffffff9c072cd4  0x01020 VMX_EXIT_WRMSR - 32 - WRMSR instruction.
00:02:07.028855      205268: 0x00000303341bc91b/-23840    ffffffffffffffff  0x01034 VMX_EXIT_PREEMPT_TIMER - 52 - VMX-preemption timer expired.
00:02:07.028856      205267: 0x00000303341a7d0f/-85004    ffffffffffffffff  0x01034 VMX_EXIT_PREEMPT_TIMER - 52 - VMX-preemption timer expired.
00:02:07.028857      205266: 0x000003033419329f/-84592    ffffffffffffffff  0x01034 VMX_EXIT_PREEMPT_TIMER - 52 - VMX-preemption timer expired.
00:02:07.028858      205265: 0x000003033417e7ed/-84658    ffffffffffffffff  0x01034 VMX_EXIT_PREEMPT_TIMER - 52 - VMX-preemption timer expired.
00:02:07.028859      205264: 0x0000030334169dc7/-84518    ffffffffffffffff  0x01034 VMX_EXIT_PREEMPT_TIMER - 52 - VMX-preemption timer expired.
00:02:07.028859      205263: 0x00000303341553cd/-84474    ffffffffffffffff  0x01034 VMX_EXIT_PREEMPT_TIMER - 52 - VMX-preemption timer expired.
00:02:07.028860      205262: 0x00000303341409f7/-84438    ffffffffffffffff  0x01034 VMX_EXIT_PREEMPT_TIMER - 52 - VMX-preemption timer expired.
00:02:07.028861      205261: 0x000003033412beb3/-84804    ffffffffffffffff  0x01034 VMX_EXIT_PREEMPT_TIMER - 52 - VMX-preemption timer expired.
00:02:07.028862      205260: 0x0000030334116335/-88958    ffffffffffffffff  0x01034 VMX_EXIT_PREEMPT_TIMER - 52 - VMX-preemption timer expired.
00:02:07.028863      205259: 0x0000030333f6614b/-1769962  ffffffff9c067dcd  0x01020 VMX_EXIT_WRMSR - 32 - WRMSR instruction.
00:02:07.028864      205258: 0x0000030333e58c85/-1103046  ffffffff9c9e8bd6  0x0100c VMX_EXIT_HLT - 12 - HLT instruction.
00:02:07.028865      205257: 0x0000030333e53489/-22524    ffffffffc0191613  0x40005 MMIO access
00:02:07.028866      205256: 0x0000030333e40af3/-76182    ffffffffffffffff  0x01034 VMX_EXIT_PREEMPT_TIMER - 52 - VMX-preemption timer expired.
00:02:07.028867      205255: 0x0000030333e2c10d/-84454    ffffffffffffffff  0x01034 VMX_EXIT_PREEMPT_TIMER - 52 - VMX-preemption timer expired.
00:02:07.028868      205254: 0x0000030333e176c3/-84554    ffffffffffffffff  0x01034 VMX_EXIT_PREEMPT_TIMER - 52 - VMX-preemption timer expired.
00:02:07.028869      205253: 0x0000030333e02b4d/-84854    ffffffffffffffff  0x01034 VMX_EXIT_PREEMPT_TIMER - 52 - VMX-preemption timer expired.
00:02:07.028869      205252: 0x0000030333dcf48b/-210626   ffffffff9c067dcd  0x01020 VMX_EXIT_WRMSR - 32 - WRMSR instruction.
00:02:07.028870      205251: 0x0000030333daf8d3/-129976   ffffffff9c9e8bd6  0x0100c VMX_EXIT_HLT - 12 - HLT instruction.
00:02:07.028871      205250: 0x0000030333dabda5/-15150    ffffffffc04a1b62  0x01013 VMX_EXIT_VMCLEAR - 19 - VMCLEAR instruction.
00:02:07.028872      205249: 0x0000030333daae97/-3854     ffffffff9c067dcd  0x01020 VMX_EXIT_WRMSR - 32 - WRMSR instruction.
00:02:07.028873      205248: 0x0000030333d86e55/-147522   ffffffff9c9e8bd6  0x0100c VMX_EXIT_HLT - 12 - HLT instruction.
00:02:07.028874      205247: 0x0000030333d841e9/-11372    ffffffff9c072cd4  0x01020 VMX_EXIT_WRMSR - 32 - WRMSR instruction.
00:02:07.028875      205246: 0x0000030333d81421/-11720    ffffffff9c067dcd  0x01020 VMX_EXIT_WRMSR - 32 - WRMSR instruction.
00:02:07.028876      205245: 0x0000030333d6db95/-80012    ffffffff9c9e8bd6  0x0100c VMX_EXIT_HLT - 12 - HLT instruction.
00:02:07.028877      205244: 0x0000030333d6cd47/-3662     ffffffff9c067dcd  0x01020 VMX_EXIT_WRMSR - 32 - WRMSR instruction.
00:02:07.028878      205243: 0x0000030333d688d3/-17524    ffffffff9c9e8bd6  0x0100c VMX_EXIT_HLT - 12 - HLT instruction.
00:02:07.028879      205242: 0x0000030333d67a91/-3650     ffffffff9c067dcd  0x01020 VMX_EXIT_WRMSR - 32 - WRMSR instruction.
00:02:07.028879      205241: 0x0000030333d63691/-17408    ffffffff9c9e8bd6  0x0100c VMX_EXIT_HLT - 12 - HLT instruction.
00:02:07.028880      205240: 0x0000030333d62845/-3660     ffffffff9c067dcd  0x01020 VMX_EXIT_WRMSR - 32 - WRMSR instruction.
00:02:07.028881      205239: 0x0000030333d5e253/-17906    ffffffff9c9e8bd6  0x0100c VMX_EXIT_HLT - 12 - HLT instruction.
00:02:07.028882      205238: 0x0000030333d5d405/-3662     ffffffff9c067dcd  0x01020 VMX_EXIT_WRMSR - 32 - WRMSR instruction.
00:02:07.028883      205237: 0x0000030333d59205/-16896    ffffffff9c9e8bd6  0x0100c VMX_EXIT_HLT - 12 - HLT instruction.
00:02:07.028884      205236: 0x0000030333d583b5/-3664     ffffffff9c067dcd  0x01020 VMX_EXIT_WRMSR - 32 - WRMSR instruction.
00:02:07.028885      205235: 0x0000030333d53f71/-17476    ffffffff9c9e8bd6  0x0100c VMX_EXIT_HLT - 12 - HLT instruction.
00:02:07.028886      205234: 0x0000030333d530f3/-3710     ffffffff9c067dcd  0x01020 VMX_EXIT_WRMSR - 32 - WRMSR instruction.
00:02:07.028887      205233: 0x0000030333d4eaad/-17990    ffffffff9c9e8bd6  0x0100c VMX_EXIT_HLT - 12 - HLT instruction.
00:02:07.028887      205232: 0x0000030333d4dc49/-3684     ffffffff9c067dcd  0x01020 VMX_EXIT_WRMSR - 32 - WRMSR instruction.
00:02:07.028888      205231: 0x0000030333d499dd/-17004    ffffffff9c9e8bd6  0x0100c VMX_EXIT_HLT - 12 - HLT instruction.
00:02:07.028889      205230: 0x0000030333d48b87/-3670     ffffffff9c067dcd  0x01020 VMX_EXIT_WRMSR - 32 - WRMSR instruction.
00:02:07.028890      205229: 0x0000030333d447b7/-17360    ffffffff9c9e8bd6  0x0100c VMX_EXIT_HLT - 12 - HLT instruction.
00:02:07.028891      205228: 0x0000030333d43961/-3670     ffffffff9c067dcd  0x01020 VMX_EXIT_WRMSR - 32 - WRMSR instruction.
00:02:07.028892      205227: 0x0000030333d3f345/-17948    ffffffff9c9e8bd6  0x0100c VMX_EXIT_HLT - 12 - HLT instruction.
00:02:07.028893      205226: 0x0000030333d3e4e7/-3678     ffffffff9c067dcd  0x01020 VMX_EXIT_WRMSR - 32 - WRMSR instruction.
00:02:07.028894      205225: 0x0000030333d3a0bf/-17448    ffffffff9c9e8bd6  0x0100c VMX_EXIT_HLT - 12 - HLT instruction.
00:02:07.028894      205224: 0x0000030333d39261/-3678     ffffffff9c067dcd  0x01020 VMX_EXIT_WRMSR - 32 - WRMSR instruction.
00:02:07.028895      205223: 0x0000030333d34e6d/-17396    ffffffff9c9e8bd6  0x0100c VMX_EXIT_HLT - 12 - HLT instruction.
00:02:07.028896      205222: 0x0000030333d3401f/-3662     ffffffff9c067dcd  0x01020 VMX_EXIT_WRMSR - 32 - WRMSR instruction.
00:02:07.028897      205221: 0x0000030333d2fa9b/-17796    ffffffff9c9e8bd6  0x0100c VMX_EXIT_HLT - 12 - HLT instruction.
00:02:07.028898      205220: 0x0000030333d2ec45/-3670     ffffffff9c067dcd  0x01020 VMX_EXIT_WRMSR - 32 - WRMSR instruction.
00:02:07.028899      205219: 0x0000030333d2a7eb/-17498    ffffffff9c9e8bd6  0x0100c VMX_EXIT_HLT - 12 - HLT instruction.
00:02:07.028900      205218: 0x0000030333d29983/-3688     ffffffff9c067dcd  0x01020 VMX_EXIT_WRMSR - 32 - WRMSR instruction.
00:02:07.028901      205217: 0x0000030333d2556d/-17430    ffffffff9c9e8bd6  0x0100c VMX_EXIT_HLT - 12 - HLT instruction.
00:02:07.028901      205216: 0x0000030333d2471b/-3666     ffffffff9c067dcd  0x01020 VMX_EXIT_WRMSR - 32 - WRMSR instruction.
00:02:07.028902      205215: 0x0000030333d1ff9f/-18300    ffffffff9c9e8bd6  0x0100c VMX_EXIT_HLT - 12 - HLT instruction.
00:02:07.028903      205214: 0x0000030333d1f151/-3662     ffffffff9c067dcd  0x01020 VMX_EXIT_WRMSR - 32 - WRMSR instruction.
00:02:07.028904      205213: 0x0000030333d1ad67/-17386    ffffffff9c9e8bd6  0x0100c VMX_EXIT_HLT - 12 - HLT instruction.
00:02:07.028905      205212: 0x0000030333d19f0d/-3674     ffffffff9c067dcd  0x01020 VMX_EXIT_WRMSR - 32 - WRMSR instruction.
00:02:07.028906      205211: 0x0000030333d15b37/-17366    ffffffff9c9e8bd6  0x0100c VMX_EXIT_HLT - 12 - HLT instruction.
00:02:07.028907      205210: 0x0000030333d14cdb/-3676     ffffffff9c067dcd  0x01020 VMX_EXIT_WRMSR - 32 - WRMSR instruction.
00:02:07.028908      205209: 0x0000030333d1089f/-17468    ffffffff9c9e8bd6  0x0100c VMX_EXIT_HLT - 12 - HLT instruction.
00:02:07.028909      205208: 0x0000030333d0fa2d/-3698     ffffffff9c067dcd  0x01020 VMX_EXIT_WRMSR - 32 - WRMSR instruction.
00:02:07.028909      205207: 0x0000030333d0b649/-17380    ffffffff9c9e8bd6  0x0100c VMX_EXIT_HLT - 12 - HLT instruction.
00:02:07.028910      205206: 0x0000030333d0a7fd/-3660     ffffffff9c067dcd  0x01020 VMX_EXIT_WRMSR - 32 - WRMSR instruction.
00:02:07.028911      205205: 0x0000030333d063e7/-17430    ffffffff9c9e8bd6  0x0100c VMX_EXIT_HLT - 12 - HLT instruction.
00:02:07.028912      205204: 0x0000030333d05585/-3682     ffffffff9c067dcd  0x01020 VMX_EXIT_WRMSR - 32 - WRMSR instruction.
00:02:07.028913      205203: 0x0000030333d01221/-17252    ffffffff9c9e8bd6  0x0100c VMX_EXIT_HLT - 12 - HLT instruction.
00:02:07.028914      205202: 0x0000030333d003bd/-3684     ffffffff9c067dcd  0x01020 VMX_EXIT_WRMSR - 32 - WRMSR instruction.
00:02:07.028915      205201: 0x0000030333cfbf7d/-17472    ffffffff9c9e8bd6  0x0100c VMX_EXIT_HLT - 12 - HLT instruction.
00:02:07.028916      205200: 0x0000030333cfb135/-3656     ffffffff9c067dcd  0x01020 VMX_EXIT_WRMSR - 32 - WRMSR instruction.
00:02:07.028917      205199: 0x0000030333cf6d35/-17408    ffffffff9c9e8bd6  0x0100c VMX_EXIT_HLT - 12 - HLT instruction.
00:02:07.028917      205198: 0x0000030333cf5ecd/-3688     ffffffff9c067dcd  0x01020 VMX_EXIT_WRMSR - 32 - WRMSR instruction.
00:02:07.028918      205197: 0x0000030333cf1911/-17852    ffffffff9c9e8bd6  0x0100c VMX_EXIT_HLT - 12 - HLT instruction.
00:02:07.028918      205196: 0x0000030333cf0ac3/-3662     ffffffff9c067dcd  0x01020 VMX_EXIT_WRMSR - 32 - WRMSR instruction.
00:02:07.028918      205195: 0x0000030333cec63d/-17542    ffffffff9c9e8bd6  0x0100c VMX_EXIT_HLT - 12 - HLT instruction.
00:02:07.028918      205194: 0x0000030333ceb7bb/-3714     ffffffff9c067dcd  0x01020 VMX_EXIT_WRMSR - 32 - WRMSR instruction.
00:02:07.028918      205193: 0x0000030333ce7353/-17512    ffffffff9c9e8bd6  0x0100c VMX_EXIT_HLT - 12 - HLT instruction.
00:02:07.028918      205192: 0x0000030333ce64f1/-3682     ffffffff9c067dcd  0x01020 VMX_EXIT_WRMSR - 32 - WRMSR instruction.
00:02:07.028918      205191: 0x0000030333ce1cc3/-18478    ffffffff9c9e8bd6  0x0100c VMX_EXIT_HLT - 12 - HLT instruction.
00:02:07.028918      205190: 0x0000030333ce0e81/-3650     ffffffff9c067dcd  0x01020 VMX_EXIT_WRMSR - 32 - WRMSR instruction.
00:02:07.028918      205189: 0x0000030333cdcab9/-17352    ffffffff9c9e8bd6  0x0100c VMX_EXIT_HLT - 12 - HLT instruction.
00:02:07.028918      205188: 0x0000030333cdbc65/-3668     ffffffff9c067dcd  0x01020 VMX_EXIT_WRMSR - 32 - WRMSR instruction.
00:02:07.028918      205187: 0x0000030333cd7831/-17460    ffffffff9c9e8bd6  0x0100c VMX_EXIT_HLT - 12 - HLT instruction.
00:02:07.028918      205186: 0x0000030333cd69cd/-3684     ffffffff9c067dcd  0x01020 VMX_EXIT_WRMSR - 32 - WRMSR instruction.
00:02:07.028918      205185: 0x0000030333cd2387/-17990    ffffffff9c9e8bd6  0x0100c VMX_EXIT_HLT - 12 - HLT instruction.
00:02:07.028918      205184: 0x0000030333cd1535/-3666     ffffffff9c067dcd  0x01020 VMX_EXIT_WRMSR - 32 - WRMSR instruction.
00:02:07.028918      205183: 0x0000030333ccd12f/-17414    ffffffff9c9e8bd6  0x0100c VMX_EXIT_HLT - 12 - HLT instruction.
00:02:07.028918      205182: 0x0000030333ccc2f5/-3642     ffffffff9c067dcd  0x01020 VMX_EXIT_WRMSR - 32 - WRMSR instruction.
00:02:07.028918      205181: 0x0000030333cc7ebd/-17464    ffffffff9c9e8bd6  0x0100c VMX_EXIT_HLT - 12 - HLT instruction.
00:02:07.028918      205180: 0x0000030333cc706b/-3666     ffffffff9c067dcd  0x01020 VMX_EXIT_WRMSR - 32 - WRMSR instruction.
00:02:07.028918      205179: 0x0000030333cc2bd3/-17560    ffffffff9c9e8bd6  0x0100c VMX_EXIT_HLT - 12 - HLT instruction.
00:02:07.028918      205178: 0x0000030333cc1d7d/-3670     ffffffff9c067dcd  0x01020 VMX_EXIT_WRMSR - 32 - WRMSR instruction.
00:02:07.028918      205177: 0x0000030333cbd9b9/-17348    ffffffff9c9e8bd6  0x0100c VMX_EXIT_HLT - 12 - HLT instruction.
00:02:07.028918      205176: 0x0000030333cbcb59/-3680     ffffffff9c067dcd  0x01020 VMX_EXIT_WRMSR - 32 - WRMSR instruction.
00:02:07.028918      205175: 0x0000030333cb874b/-17422    ffffffff9c9e8bd6  0x0100c VMX_EXIT_HLT - 12 - HLT instruction.
00:02:07.028918      205174: 0x0000030333cb78f5/-3670     ffffffff9c067dcd  0x01020 VMX_EXIT_WRMSR - 32 - WRMSR instruction.
00:02:07.028918      205173: 0x0000030333cb33f7/-17662    ffffffff9c9e8bd6  0x0100c VMX_EXIT_HLT - 12 - HLT instruction.
00:02:07.028918      205172: 0x0000030333cb259b/-3676     ffffffff9c067dcd  0x01020 VMX_EXIT_WRMSR - 32 - WRMSR instruction.
00:02:07.028918      205171: 0x0000030333cae1dd/-17342    ffffffff9c9e8bd6  0x0100c VMX_EXIT_HLT - 12 - HLT instruction.
00:02:07.028918      205170: 0x0000030333cad37f/-3678     ffffffff9c067dcd  0x01020 VMX_EXIT_WRMSR - 32 - WRMSR instruction.
00:02:07.028918      205169: 0x0000030333ca8e71/-17678    ffffffff9c9e8bd6  0x0100c VMX_EXIT_HLT - 12 - HLT instruction.
00:02:07.028918      205168: 0x0000030333ca801b/-3670     ffffffff9c067dcd  0x01020 VMX_EXIT_WRMSR - 32 - WRMSR instruction.
00:02:07.028918      205167: 0x0000030333ca3a6b/-17840    ffffffff9c9e8bd6  0x0100c VMX_EXIT_HLT - 12 - HLT instruction.
00:02:07.028918      205166: 0x0000030333ca2c2d/-3646     ffffffff9c067dcd  0x01020 VMX_EXIT_WRMSR - 32 - WRMSR instruction.
00:02:07.028918      205165: 0x0000030333c9e81b/-17426    ffffffff9c9e8bd6  0x0100c VMX_EXIT_HLT - 12 - HLT instruction.
00:02:07.028918      205164: 0x0000030333c9d9bb/-3680     ffffffff9c067dcd  0x01020 VMX_EXIT_WRMSR - 32 - WRMSR instruction.
00:02:07.028918      205163: 0x0000030333c997a9/-16914    ffffffff9c9e8bd6  0x0100c VMX_EXIT_HLT - 12 - HLT instruction.
00:02:07.028918      205162: 0x0000030333c9894f/-3674     ffffffff9c067dcd  0x01020 VMX_EXIT_WRMSR - 32 - WRMSR instruction.
00:02:07.028918      205161: 0x0000030333c9432f/-17952    ffffffff9c9e8bd6  0x0100c VMX_EXIT_HLT - 12 - HLT instruction.
00:02:07.028918      205160: 0x0000030333c934d7/-3672     ffffffff9c067dcd  0x01020 VMX_EXIT_WRMSR - 32 - WRMSR instruction.
00:02:07.028918      205159: 0x0000030333c8f107/-17360    ffffffff9c9e8bd6  0x0100c VMX_EXIT_HLT - 12 - HLT instruction.
00:02:07.028918      205158: 0x0000030333c8e2ad/-3674     ffffffff9c067dcd  0x01020 VMX_EXIT_WRMSR - 32 - WRMSR instruction.
00:02:07.028918      205157: 0x0000030333c89ef1/-17340    ffffffff9c9e8bd6  0x0100c VMX_EXIT_HLT - 12 - HLT instruction.
00:02:07.028918      205156: 0x0000030333c890a5/-3660     ffffffff9c067dcd  0x01020 VMX_EXIT_WRMSR - 32 - WRMSR instruction.
00:02:07.028918      205155: 0x0000030333c84ae7/-17854    ffffffff9c9e8bd6  0x0100c VMX_EXIT_HLT - 12 - HLT instruction.
00:02:07.028918      205154: 0x0000030333c83c81/-3686     ffffffff9c067dcd  0x01020 VMX_EXIT_WRMSR - 32 - WRMSR instruction.
00:02:07.028918      205153: 0x0000030333c7f7f1/-17552    ffffffff9c9e8bd6  0x0100c VMX_EXIT_HLT - 12 - HLT instruction.
00:02:07.028918      205152: 0x0000030333c7e99d/-3668     ffffffff9c067dcd  0x01020 VMX_EXIT_WRMSR - 32 - WRMSR instruction.
00:02:07.028918      205151: 0x0000030333c7a529/-17524    ffffffff9c9e8bd6  0x0100c VMX_EXIT_HLT - 12 - HLT instruction.
00:02:07.028918      205150: 0x0000030333c79695/-3732     ffffffff9c067dcd  0x01020 VMX_EXIT_WRMSR - 32 - WRMSR instruction.
00:02:07.028918      205149: 0x0000030333c74ff7/-18078    ffffffff9c9e8bd6  0x0100c VMX_EXIT_HLT - 12 - HLT instruction.
00:02:07.028918      205148: 0x0000030333c7414b/-3756     ffffffff9c067dcd  0x01020 VMX_EXIT_WRMSR - 32 - WRMSR instruction.
00:02:07.028918      205147: 0x0000030333c6fd8d/-17342    ffffffff9c9e8bd6  0x0100c VMX_EXIT_HLT - 12 - HLT instruction.
00:02:07.028918      205146: 0x0000030333c6edc3/-4042     ffffffff9c067dcd  0x01020 VMX_EXIT_WRMSR - 32 - WRMSR instruction.
00:02:07.028918      205145: 0x0000030333c6a1bf/-19460    ffffffff9c9e8bd6  0x0100c VMX_EXIT_HLT - 12 - HLT instruction.
00:02:07.028918      205144: 0x0000030333c67931/-10382    ffffffff9c067dcd  0x01020 VMX_EXIT_WRMSR - 32 - WRMSR instruction.
00:02:07.028918      205143: 0x0000030333c1045b/-357590   ffffffff9c9e8bd6  0x0100c VMX_EXIT_HLT - 12 - HLT instruction.
00:02:07.028918      205142: 0x0000030333c096a7/-28084    ffffffff9c072cd4  0x01020 VMX_EXIT_WRMSR - 32 - WRMSR instruction.
00:02:07.028918      205141: 0x0000030333bfb417/-58000    000055ec063942cf  0x01001 VMX_EXIT_EXT_INT - 1 - External interrupt.
00:02:07.028918      205140: 0x0000030333bf8be1/-10294    ffffffffffffffff  0x01034 VMX_EXIT_PREEMPT_TIMER - 52 - VMX-preemption timer expired.
00:02:07.028918      205139: 0x0000030333be3f43/-85150    ffffffffffffffff  0x01034 VMX_EXIT_PREEMPT_TIMER - 52 - VMX-preemption timer expired.
00:02:07.028918      205138: 0x0000030333bcf471/-84690    ffffffffffffffff  0x01034 VMX_EXIT_PREEMPT_TIMER - 52 - VMX-preemption timer expired.
00:02:07.028918      205137: 0x0000030333bba9c5/-84652    ffffffffffffffff  0x01034 VMX_EXIT_PREEMPT_TIMER - 52 - VMX-preemption timer expired.
00:02:07.028918      205136: 0x0000030333ba5f1f/-84646    ffffffffffffffff  0x01034 VMX_EXIT_PREEMPT_TIMER - 52 - VMX-preemption timer expired.
00:02:07.028918      205135: 0x0000030333b9148f/-84624    ffffffffffffffff  0x01034 VMX_EXIT_PREEMPT_TIMER - 52 - VMX-preemption timer expired.
00:02:07.028918      205134: 0x0000030333b7ca01/-84622    ffffffffffffffff  0x01034 VMX_EXIT_PREEMPT_TIMER - 52 - VMX-preemption timer expired.
00:02:07.028918      205133: 0x0000030333b67f17/-84714    ffffffffffffffff  0x01034 VMX_EXIT_PREEMPT_TIMER - 52 - VMX-preemption timer expired.
00:02:07.028918      205132: 0x0000030333b53483/-84628    ffffffffffffffff  0x01034 VMX_EXIT_PREEMPT_TIMER - 52 - VMX-preemption timer expired.
00:02:07.028918      205131: 0x0000030333b3ea0b/-84600    ffffffffffffffff  0x01034 VMX_EXIT_PREEMPT_TIMER - 52 - VMX-preemption timer expired.
00:02:07.028918      205130: 0x0000030333b29f1b/-84720    ffffffffffffffff  0x01034 VMX_EXIT_PREEMPT_TIMER - 52 - VMX-preemption timer expired.
00:02:07.028918      205129: 0x0000030333b150fb/-85536    ffffffffffffffff  0x01034 VMX_EXIT_PREEMPT_TIMER - 52 - VMX-preemption timer expired.
00:02:07.028918      205128: 0x0000030333a178df/-1038364  ffffffff9c072cd4  0x01020 VMX_EXIT_WRMSR - 32 - WRMSR instruction.
00:02:07.028918      205127: 0x0000030333a15015/-10442    ffffffff9c067dcd  0x01020 VMX_EXIT_WRMSR - 32 - WRMSR instruction.
00:02:07.028918      205126: 0x0000030333a0f773/-22690    00007fb2f625b212  0x01001 VMX_EXIT_EXT_INT - 1 - External interrupt.
00:02:07.028918      205125: 0x0000030333a03861/-48914    ffffffffffffffff  0x01034 VMX_EXIT_PREEMPT_TIMER - 52 - VMX-preemption timer expired.
00:02:07.028918      205124: 0x00000303339eed4b/-84758    ffffffffffffffff  0x01034 VMX_EXIT_PREEMPT_TIMER - 52 - VMX-preemption timer expired.
00:02:07.028918      205123: 0x00000303339da31f/-84524    ffffffffffffffff  0x01034 VMX_EXIT_PREEMPT_TIMER - 52 - VMX-preemption timer expired.
00:02:07.028918      205122: 0x00000303339c58eb/-84532    ffffffffffffffff  0x01034 VMX_EXIT_PREEMPT_TIMER - 52 - VMX-preemption timer expired.
00:02:07.028918      205121: 0x00000303339b0e05/-84710    ffffffffffffffff  0x01034 VMX_EXIT_PREEMPT_TIMER - 52 - VMX-preemption timer expired.
00:02:07.028918      205120: 0x000003033399c373/-84626    ffffffffffffffff  0x01034 VMX_EXIT_PREEMPT_TIMER - 52 - VMX-preemption timer expired.
00:02:07.028918      205119: 0x0000030333987899/-84698    ffffffffffffffff  0x01034 VMX_EXIT_PREEMPT_TIMER - 52 - VMX-preemption timer expired.
00:02:07.028918      205118: 0x0000030333972df7/-84642    ffffffffffffffff  0x01034 VMX_EXIT_PREEMPT_TIMER - 52 - VMX-preemption timer expired.
00:02:07.028918      205117: 0x000003033395e2f1/-84742    ffffffffffffffff  0x01034 VMX_EXIT_PREEMPT_TIMER - 52 - VMX-preemption timer expired.
00:02:07.028918      205116: 0x0000030333949873/-84606    ffffffffffffffff  0x01034 VMX_EXIT_PREEMPT_TIMER - 52 - VMX-preemption timer expired.
00:02:07.028918      205115: 0x0000030333934d3d/-84790    ffffffffffffffff  0x01034 VMX_EXIT_PREEMPT_TIMER - 52 - VMX-preemption timer expired.
00:02:07.028918      205114: 0x00000303339202b7/-84614    ffffffffffffffff  0x01034 VMX_EXIT_PREEMPT_TIMER - 52 - VMX-preemption timer expired.
00:02:07.028918      205113: 0x000003033390b573/-85316    ffffffffffffffff  0x01034 VMX_EXIT_PREEMPT_TIMER - 52 - VMX-preemption timer expired.
00:02:07.028918      205112: 0x00000303338f5ff1/-87426    ffffffffffffffff  0x01034 VMX_EXIT_PREEMPT_TIMER - 52 - VMX-preemption timer expired.
00:02:07.028918      205111: 0x000003033378bc09/-1483752  ffffffff9c072cd4  0x01020 VMX_EXIT_WRMSR - 32 - WRMSR instruction.
00:02:07.028918      205110: 0x000003033378891b/-13038    ffffffff9c067dcd  0x01020 VMX_EXIT_WRMSR - 32 - WRMSR instruction.
00:02:07.028918      205109: 0x000003033375f04f/-170188   ffffffff9c9e8bd6  0x0100c VMX_EXIT_HLT - 12 - HLT instruction.
00:02:07.028918      205108: 0x000003033375a4f9/-19286    ffffffff9c072cd4  0x01020 VMX_EXIT_WRMSR - 32 - WRMSR instruction.
00:02:07.028918      205107: 0x00000303336348db/-1203230  ffffffff9c067dcd  0x01020 VMX_EXIT_WRMSR - 32 - WRMSR instruction.
00:02:07.028918      205106: 0x0000030333593245/-661142   ffffffff9c9e8bd6  0x0100c VMX_EXIT_HLT - 12 - HLT instruction.
00:02:07.028918      205105: 0x000003033358bc35/-30224    ffffffffc0191613  0x40005 MMIO access
00:02:07.028918      205104: 0x00000303334faf6b/-593098   ffffffff9c072cd4  0x01020 VMX_EXIT_WRMSR - 32 - WRMSR instruction.
00:02:07.028918      205103: 0x00000303334f8beb/-9088     ffffffff9c067dcd  0x01020 VMX_EXIT_WRMSR - 32 - WRMSR instruction.
00:02:07.028918      205102: 0x00000303334eee6d/-40318    00007fb2f6258cfd  0x01001 VMX_EXIT_EXT_INT - 1 - External interrupt.
00:02:07.028918      205101: 0x00000303332693f7/-2644598  ffffffff9c072cd4  0x01020 VMX_EXIT_WRMSR - 32 - WRMSR instruction.
00:02:07.028918      205100: 0x0000030333266523/-11988    ffffffff9c067dcd  0x01020 VMX_EXIT_WRMSR - 32 - WRMSR instruction.
00:02:07.028918      205099: 0x0000030333260d27/-22524    ffffffff9c9d5297  0x01001 VMX_EXIT_EXT_INT - 1 - External interrupt.
00:02:07.028918      205098: 0x000003033325009f/-68744    ffffffffffffffff  0x01034 VMX_EXIT_PREEMPT_TIMER - 52 - VMX-preemption timer expired.
00:02:07.028918      205097: 0x0000030333236023/-106620   ffffffff9c9d5297  0x01001 VMX_EXIT_EXT_INT - 1 - External interrupt.
00:02:07.028918      205096: 0x000003033322ef85/-28830    ffffffffffffffff  0x01034 VMX_EXIT_PREEMPT_TIMER - 52 - VMX-preemption timer expired.
00:02:07.028918      205095: 0x0000030333219f95/-86000    ffffffffffffffff  0x01034 VMX_EXIT_PREEMPT_TIMER - 52 - VMX-preemption timer expired.
00:02:07.028918      205094: 0x000003033320546f/-84774    ffffffffffffffff  0x01034 VMX_EXIT_PREEMPT_TIMER - 52 - VMX-preemption timer expired.
00:02:07.028918      205093: 0x00000303331f0a6b/-84484    ffffffffffffffff  0x01034 VMX_EXIT_PREEMPT_TIMER - 52 - VMX-preemption timer expired.
00:02:07.028918 CPU[3]: VM-exit history:
00:02:07.028918    Exit No.:     TSC timestamp / delta    RIP (Flat/*)      Exit    Name
00:02:07.028918      113559: 0x0000030335307c13/+0        00000000ffff1226  0x01030 VMX_EXIT_EPT_VIOLATION - 48 - EPT violation.
00:02:07.028918      113558: 0x000003033530586d/-9126     ffffffffc04b1fcc  0x01018 VMX_EXIT_VMRESUME - 24 - VMRESUME instruction.
00:02:07.028918      113557: 0x00000303353007d1/-20636    00000000ffff1226  0x01030 VMX_EXIT_EPT_VIOLATION - 48 - EPT violation.
00:02:07.028918      113556: 0x00000303352fdcb9/-11032    ffffffffc04b1fcc  0x01018 VMX_EXIT_VMRESUME - 24 - VMRESUME instruction.
00:02:07.028918      113555: 0x00000303352fc37b/-6462     ffffffffc04a7a88  0x01032 VMX_EXIT_INVEPT - 50 - INVEPT instruction.
00:02:07.028918      113554: 0x00000303352f9ecb/-9392     ffffffff9c072af7  0x0101f VMX_EXIT_RDMSR - 31 - RDMSR instruction.
00:02:07.028918      113553: 0x00000303352c2bcf/-226044   00000000ffff1225  0x0101e VMX_EXIT_PORT_IO - 30 - I/O instruction.
00:02:07.028918      113552: 0x00000303352c0c05/-8138     ffffffffc04b1fcc  0x01018 VMX_EXIT_VMRESUME - 24 - VMRESUME instruction.
00:02:07.028918      113551: 0x00000303352bfb6d/-4248     ffffffff9c072af7  0x0101f VMX_EXIT_RDMSR - 31 - RDMSR instruction.
00:02:07.028918      113550: 0x00000303352bc4e3/-13962    00000000ffff1219  0x0101e VMX_EXIT_PORT_IO - 30 - I/O instruction.
00:02:07.028918      113549: 0x00000303352ba159/-9098     ffffffffc04b1fcc  0x01018 VMX_EXIT_VMRESUME - 24 - VMRESUME instruction.
00:02:07.028918      113548: 0x00000303352b8fc5/-4500     ffffffff9c072af7  0x0101f VMX_EXIT_RDMSR - 31 - RDMSR instruction.
00:02:07.028918      113547: 0x00000303352b56d9/-14572    00000000ffff129a  0x0101e VMX_EXIT_PORT_IO - 30 - I/O instruction.
00:02:07.028918      113546: 0x00000303352b3609/-8400     ffffffffc04b1fcc  0x01018 VMX_EXIT_VMRESUME - 24 - VMRESUME instruction.
00:02:07.028918      113545: 0x00000303352b24b7/-4434     ffffffff9c072af7  0x0101f VMX_EXIT_RDMSR - 31 - RDMSR instruction.
00:02:07.028918      113544: 0x00000303352ae0ff/-17336    00000000ffff1290  0x0101e VMX_EXIT_PORT_IO - 30 - I/O instruction.
00:02:07.028918      113543: 0x0000030335286d15/-160746   00000000ffff1226  0x01030 VMX_EXIT_EPT_VIOLATION - 48 - EPT violation.
00:02:07.028918      113542: 0x00000303352848cd/-9288     ffffffffc04b1fcc  0x01018 VMX_EXIT_VMRESUME - 24 - VMRESUME instruction.
00:02:07.028918      113541: 0x000003033527fdf9/-19156    00000000ffff1226  0x01030 VMX_EXIT_EPT_VIOLATION - 48 - EPT violation.
00:02:07.028918      113540: 0x0000030335257d09/-164080   00000000ffff1226  0x01030 VMX_EXIT_EPT_VIOLATION - 48 - EPT violation.
00:02:07.028918      113539: 0x0000030335255bd7/-8498     ffffffffc04b1fcc  0x01018 VMX_EXIT_VMRESUME - 24 - VMRESUME instruction.
00:02:07.028918      113538: 0x0000030335251ed3/-15620    00000000ffff1226  0x01030 VMX_EXIT_EPT_VIOLATION - 48 - EPT violation.
00:02:07.028918      113537: 0x000003033524f33b/-11160    ffffffffc04b1fcc  0x01018 VMX_EXIT_VMRESUME - 24 - VMRESUME instruction.
00:02:07.028918      113536: 0x000003033524de01/-5434     ffffffffc04a7a88  0x01032 VMX_EXIT_INVEPT - 50 - INVEPT instruction.
00:02:07.028918      113535: 0x000003033524bca3/-8542     ffffffff9c072af7  0x0101f VMX_EXIT_RDMSR - 31 - RDMSR instruction.
00:02:07.028918      113534: 0x0000030335214075/-228398   00000000ffff1225  0x0101e VMX_EXIT_PORT_IO - 30 - I/O instruction.
00:02:07.028918      113533: 0x0000030335211f9d/-8408     ffffffffc04b1fcc  0x01018 VMX_EXIT_VMRESUME - 24 - VMRESUME instruction.
00:02:07.028918      113532: 0x0000030335210edb/-4290     ffffffff9c072af7  0x0101f VMX_EXIT_RDMSR - 31 - RDMSR instruction.
00:02:07.028918      113531: 0x000003033520d993/-13640    00000000ffff1219  0x0101e VMX_EXIT_PORT_IO - 30 - I/O instruction.
00:02:07.028918      113530: 0x000003033520b8f7/-8348     ffffffffc04b1fcc  0x01018 VMX_EXIT_VMRESUME - 24 - VMRESUME instruction.
00:02:07.028918      113529: 0x000003033520a6ef/-4616     ffffffff9c072af7  0x0101f VMX_EXIT_RDMSR - 31 - RDMSR instruction.
00:02:07.028918      113528: 0x0000030335206fb7/-14136    00000000ffff129a  0x0101e VMX_EXIT_PORT_IO - 30 - I/O instruction.
00:02:07.028918      113527: 0x0000030335204cb5/-8962     ffffffffc04b1fcc  0x01018 VMX_EXIT_VMRESUME - 24 - VMRESUME instruction.
00:02:07.028918      113526: 0x0000030335203ae5/-4560     ffffffff9c072af7  0x0101f VMX_EXIT_RDMSR - 31 - RDMSR instruction.
00:02:07.028918      113525: 0x00000303351ffa5b/-16522    00000000ffff1290  0x0101e VMX_EXIT_PORT_IO - 30 - I/O instruction.
00:02:07.028918      113524: 0x00000303351d8569/-161010   00000000ffff1226  0x01030 VMX_EXIT_EPT_VIOLATION - 48 - EPT violation.
00:02:07.028918      113523: 0x00000303351d60d7/-9362     ffffffffc04b1fcc  0x01018 VMX_EXIT_VMRESUME - 24 - VMRESUME instruction.
00:02:07.028918      113522: 0x00000303351d210d/-16330    00000000ffff1226  0x01030 VMX_EXIT_EPT_VIOLATION - 48 - EPT violation.
00:02:07.028918      113521: 0x00000303351aa0e9/-163876   00000000ffff1226  0x01030 VMX_EXIT_EPT_VIOLATION - 48 - EPT violation.
00:02:07.028918      113520: 0x00000303351a7e11/-8920     ffffffffc04b1fcc  0x01018 VMX_EXIT_VMRESUME - 24 - VMRESUME instruction.
00:02:07.028918      113519: 0x00000303351a3f53/-16062    00000000ffff1226  0x01030 VMX_EXIT_EPT_VIOLATION - 48 - EPT violation.
00:02:07.028918      113518: 0x00000303351a164d/-10502    ffffffffc04b1fcc  0x01018 VMX_EXIT_VMRESUME - 24 - VMRESUME instruction.
00:02:07.028918      113517: 0x000003033519ff91/-5820     ffffffffc04a7a88  0x01032 VMX_EXIT_INVEPT - 50 - INVEPT instruction.
00:02:07.028918      113516: 0x000003033519da81/-9488     ffffffff9c072af7  0x0101f VMX_EXIT_RDMSR - 31 - RDMSR instruction.
00:02:07.028918      113515: 0x0000030335168bcb/-216758   00000000ffff1225  0x0101e VMX_EXIT_PORT_IO - 30 - I/O instruction.
00:02:07.028918      113514: 0x0000030335166a9b/-8496     ffffffffc04b1fcc  0x01018 VMX_EXIT_VMRESUME - 24 - VMRESUME instruction.
00:02:07.028918      113513: 0x0000030335165a05/-4246     ffffffff9c072af7  0x0101f VMX_EXIT_RDMSR - 31 - RDMSR instruction.
00:02:07.028918      113512: 0x0000030335162405/-13824    00000000ffff1219  0x0101e VMX_EXIT_PORT_IO - 30 - I/O instruction.
00:02:07.028918      113511: 0x00000303351601c1/-8772     ffffffffc04b1fcc  0x01018 VMX_EXIT_VMRESUME - 24 - VMRESUME instruction.
00:02:07.028918      113510: 0x000003033515f033/-4494     ffffffff9c072af7  0x0101f VMX_EXIT_RDMSR - 31 - RDMSR instruction.
00:02:07.028918      113509: 0x000003033515b9ab/-13960    00000000ffff129a  0x0101e VMX_EXIT_PORT_IO - 30 - I/O instruction.
00:02:07.028918      113508: 0x00000303351597cb/-8672     ffffffffc04b1fcc  0x01018 VMX_EXIT_VMRESUME - 24 - VMRESUME instruction.
00:02:07.028918      113507: 0x0000030335158581/-4682     ffffffff9c072af7  0x0101f VMX_EXIT_RDMSR - 31 - RDMSR instruction.
00:02:07.028918      113506: 0x0000030335154715/-15980    00000000ffff1290  0x0101e VMX_EXIT_PORT_IO - 30 - I/O instruction.
00:02:07.028918      113505: 0x000003033512d185/-161168   00000000ffff1226  0x01030 VMX_EXIT_EPT_VIOLATION - 48 - EPT violation.
00:02:07.028918      113504: 0x000003033512b065/-8480     ffffffffc04b1fcc  0x01018 VMX_EXIT_VMRESUME - 24 - VMRESUME instruction.
00:02:07.028918      113503: 0x000003033512778b/-14554    00000000ffff1226  0x01030 VMX_EXIT_EPT_VIOLATION - 48 - EPT violation.
00:02:07.028918      113502: 0x00000303350ff95b/-163376   00000000ffff1226  0x01030 VMX_EXIT_EPT_VIOLATION - 48 - EPT violation.
00:02:07.028918      113501: 0x00000303350fd6a5/-8886     ffffffffc04b1fcc  0x01018 VMX_EXIT_VMRESUME - 24 - VMRESUME instruction.
00:02:07.028918      113500: 0x00000303350f9c19/-14988    00000000ffff1226  0x01030 VMX_EXIT_EPT_VIOLATION - 48 - EPT violation.
00:02:07.028918      113499: 0x00000303350f6ff7/-11298    ffffffffc04b1fcc  0x01018 VMX_EXIT_VMRESUME - 24 - VMRESUME instruction.
00:02:07.028918      113498: 0x00000303350f5803/-6132     ffffffffc04a7a88  0x01032 VMX_EXIT_INVEPT - 50 - INVEPT instruction.
00:02:07.028918      113497: 0x00000303350f2c8b/-11128    ffffffff9c072af7  0x0101f VMX_EXIT_RDMSR - 31 - RDMSR instruction.
00:02:07.028918      113496: 0x00000303350b3cf3/-257944   00000000ffff1225  0x0101e VMX_EXIT_PORT_IO - 30 - I/O instruction.
00:02:07.028918      113495: 0x00000303350b06d7/-13852    ffffffffc04b1fcc  0x01018 VMX_EXIT_VMRESUME - 24 - VMRESUME instruction.
00:02:07.028918      113494: 0x00000303350af5a5/-4402     ffffffff9c072af7  0x0101f VMX_EXIT_RDMSR - 31 - RDMSR instruction.
00:02:07.028918      113493: 0x00000303350abf9d/-13832    00000000ffff1219  0x0101e VMX_EXIT_PORT_IO - 30 - I/O instruction.
00:02:07.028918      113492: 0x00000303350a9ddf/-8638     ffffffffc04b1fcc  0x01018 VMX_EXIT_VMRESUME - 24 - VMRESUME instruction.
00:02:07.028918      113491: 0x00000303350a8b2f/-4784     ffffffff9c072af7  0x0101f VMX_EXIT_RDMSR - 31 - RDMSR instruction.
00:02:07.028918      113490: 0x00000303350a53fd/-14130    00000000ffff129a  0x0101e VMX_EXIT_PORT_IO - 30 - I/O instruction.
00:02:07.028918      113489: 0x00000303350a3165/-8856     ffffffffc04b1fcc  0x01018 VMX_EXIT_VMRESUME - 24 - VMRESUME instruction.
00:02:07.028918      113488: 0x00000303350a1ee3/-4738     ffffffff9c072af7  0x0101f VMX_EXIT_RDMSR - 31 - RDMSR instruction.
00:02:07.028918      113487: 0x000003033509d83b/-18088    00000000ffff1290  0x0101e VMX_EXIT_PORT_IO - 30 - I/O instruction.
00:02:07.028918      113486: 0x0000030335075acf/-163180   00000000ffff1226  0x01030 VMX_EXIT_EPT_VIOLATION - 48 - EPT violation.
00:02:07.028918      113485: 0x00000303350736db/-9204     ffffffffc04b1fcc  0x01018 VMX_EXIT_VMRESUME - 24 - VMRESUME instruction.
00:02:07.028918      113484: 0x000003033506fe0b/-14544    00000000ffff1226  0x01030 VMX_EXIT_EPT_VIOLATION - 48 - EPT violation.
00:02:07.028918      113483: 0x0000030335047567/-166052   00000000ffff1226  0x01030 VMX_EXIT_EPT_VIOLATION - 48 - EPT violation.
00:02:07.028918      113482: 0x0000030335044f9f/-9672     ffffffffc04b1fcc  0x01018 VMX_EXIT_VMRESUME - 24 - VMRESUME instruction.
00:02:07.028918      113481: 0x0000030335040f23/-16508    00000000ffff1226  0x01030 VMX_EXIT_EPT_VIOLATION - 48 - EPT violation.
00:02:07.028918      113480: 0x000003033503df35/-12270    ffffffffc04b1fcc  0x01018 VMX_EXIT_VMRESUME - 24 - VMRESUME instruction.
00:02:07.028918      113479: 0x000003033503c5af/-6534     ffffffffc04a7a88  0x01032 VMX_EXIT_INVEPT - 50 - INVEPT instruction.
00:02:07.028918      113478: 0x0000030335039c3d/-10610    ffffffff9c072af7  0x0101f VMX_EXIT_RDMSR - 31 - RDMSR instruction.
00:02:07.028918      113477: 0x0000030334fde27d/-375232   00000000ffff1225  0x0101e VMX_EXIT_PORT_IO - 30 - I/O instruction.
00:02:07.028918      113476: 0x0000030334fdc22d/-8272     ffffffffc04b1fcc  0x01018 VMX_EXIT_VMRESUME - 24 - VMRESUME instruction.
00:02:07.028918      113475: 0x0000030334fdb163/-4298     ffffffff9c072af7  0x0101f VMX_EXIT_RDMSR - 31 - RDMSR instruction.
00:02:07.028918      113474: 0x0000030334fd7d31/-13362    00000000ffff1219  0x0101e VMX_EXIT_PORT_IO - 30 - I/O instruction.
00:02:07.028918      113473: 0x0000030334fd5b99/-8600     ffffffffc04b1fcc  0x01018 VMX_EXIT_VMRESUME - 24 - VMRESUME instruction.
00:02:07.028918      113472: 0x0000030334fd49d1/-4552     ffffffff9c072af7  0x0101f VMX_EXIT_RDMSR - 31 - RDMSR instruction.
00:02:07.028918      113471: 0x0000030334fd10b5/-14620    00000000ffff129a  0x0101e VMX_EXIT_PORT_IO - 30 - I/O instruction.
00:02:07.028918      113470: 0x0000030334fcefe3/-8402     ffffffffc04b1fcc  0x01018 VMX_EXIT_VMRESUME - 24 - VMRESUME instruction.
00:02:07.028918      113469: 0x0000030334fce165/-3710     ffffffff9c072af7  0x0101f VMX_EXIT_RDMSR - 31 - RDMSR instruction.
00:02:07.028918      113468: 0x0000030334fcc397/-7630     ffffffffffffffff  0x0101d VMX_EXIT_MOV_DRX - 29 - Debug-register accesses.
00:02:07.028918      113467: 0x0000030334fc94f7/-11936    00000000ffff1290  0x0101e VMX_EXIT_PORT_IO - 30 - I/O instruction.
00:02:07.028918      113466: 0x0000030334fa1dcb/-161580   00000000ffff1226  0x01030 VMX_EXIT_EPT_VIOLATION - 48 - EPT violation.
00:02:07.028918      113465: 0x0000030334f9fb81/-8778     ffffffffc04b1fcc  0x01018 VMX_EXIT_VMRESUME - 24 - VMRESUME instruction.
00:02:07.028918      113464: 0x0000030334f9ba8d/-16628    00000000ffff1226  0x01030 VMX_EXIT_EPT_VIOLATION - 48 - EPT violation.
00:02:07.028918      113463: 0x0000030334f7276d/-168736   00000000ffff1226  0x01030 VMX_EXIT_EPT_VIOLATION - 48 - EPT violation.
00:02:07.028918      113462: 0x0000030334f70251/-9500     ffffffffc04b1fcc  0x01018 VMX_EXIT_VMRESUME - 24 - VMRESUME instruction.
00:02:07.028918      113461: 0x0000030334f6af0b/-21318    00000000ffff1226  0x01030 VMX_EXIT_EPT_VIOLATION - 48 - EPT violation.
00:02:07.028918      113460: 0x0000030334f67cc5/-12870    ffffffffc04b1fcc  0x01018 VMX_EXIT_VMRESUME - 24 - VMRESUME instruction.
00:02:07.028918      113459: 0x0000030334f65aeb/-8666     ffffffffc04a7a88  0x01032 VMX_EXIT_INVEPT - 50 - INVEPT instruction.
00:02:07.028918      113458: 0x0000030334f62f59/-11154    ffffffff9c072af7  0x0101f VMX_EXIT_RDMSR - 31 - RDMSR instruction.
00:02:07.028918      113457: 0x0000030334f4bbd7/-95106    00007fb2f62765b3  0x01034 VMX_EXIT_PREEMPT_TIMER - 52 - VMX-preemption timer expired.
00:02:07.028918      113456: 0x0000030334f36883/-86868    ffffffffffffffff  0x01034 VMX_EXIT_PREEMPT_TIMER - 52 - VMX-preemption timer expired.
00:02:07.028918      113455: 0x0000030334eef71d/-291174   00000000ffff1225  0x0101e VMX_EXIT_PORT_IO - 30 - I/O instruction.
00:02:07.028918      113454: 0x0000030334eed5af/-8558     ffffffffc04b1fcc  0x01018 VMX_EXIT_VMRESUME - 24 - VMRESUME instruction.
00:02:07.028918      113453: 0x0000030334eec4a1/-4366     ffffffff9c072af7  0x0101f VMX_EXIT_RDMSR - 31 - RDMSR instruction.
00:02:07.028918      113452: 0x0000030334ee8e5d/-13892    00000000ffff1219  0x0101e VMX_EXIT_PORT_IO - 30 - I/O instruction.
00:02:07.028918      113451: 0x0000030334ee6d8f/-8398     ffffffffc04b1fcc  0x01018 VMX_EXIT_VMRESUME - 24 - VMRESUME instruction.
00:02:07.028918      113450: 0x0000030334ee5c07/-4488     ffffffff9c072af7  0x0101f VMX_EXIT_RDMSR - 31 - RDMSR instruction.
00:02:07.028918      113449: 0x0000030334ee243f/-14280    00000000ffff129a  0x0101e VMX_EXIT_PORT_IO - 30 - I/O instruction.
00:02:07.028918      113448: 0x0000030334ee0423/-8220     ffffffffc04b1fcc  0x01018 VMX_EXIT_VMRESUME - 24 - VMRESUME instruction.
00:02:07.028918      113447: 0x0000030334edf549/-3802     ffffffff9c072af7  0x0101f VMX_EXIT_RDMSR - 31 - RDMSR instruction.
00:02:07.028918      113446: 0x0000030334edd9a3/-7078     ffffffffffffffff  0x0101d VMX_EXIT_MOV_DRX - 29 - Debug-register accesses.
00:02:07.028918      113445: 0x0000030334edad8f/-11284    00000000ffff1290  0x0101e VMX_EXIT_PORT_IO - 30 - I/O instruction.
00:02:07.028918      113444: 0x0000030334ed5b05/-21130    00000000ffff15a2  0x01030 VMX_EXIT_EPT_VIOLATION - 48 - EPT violation.
00:02:07.028918      113443: 0x0000030334ed3a45/-8384     ffffffffc04b1fcc  0x01018 VMX_EXIT_VMRESUME - 24 - VMRESUME instruction.
00:02:07.028918      113442: 0x0000030334ecc023/-31266    00000000ffff15a2  0x01030 VMX_EXIT_EPT_VIOLATION - 48 - EPT violation.
00:02:07.028918      113441: 0x0000030334ec9ec7/-8540     ffffffffc04b1fcc  0x01018 VMX_EXIT_VMRESUME - 24 - VMRESUME instruction.
00:02:07.028918      113440: 0x0000030334ec8f85/-3906     ffffffff9c072af7  0x0101f VMX_EXIT_RDMSR - 31 - RDMSR instruction.
00:02:07.028918      113439: 0x0000030334ec47e1/-18340    ffffffff9c2cea19  0x01001 VMX_EXIT_EXT_INT - 1 - External interrupt.
00:02:07.028918      113438: 0x0000030334ec10c1/-14112    00000000000f129a  0x0101e VMX_EXIT_PORT_IO - 30 - I/O instruction.
00:02:07.028918      113437: 0x0000030334ebed3b/-9094     ffffffffc04b1fcc  0x01018 VMX_EXIT_VMRESUME - 24 - VMRESUME instruction.
00:02:07.028918      113436: 0x0000030334ebd7f9/-5442     ffffffff9c072af7  0x0101f VMX_EXIT_RDMSR - 31 - RDMSR instruction.
00:02:07.028918      113435: 0x0000030334eb8af9/-19712    00000000000f1290  0x0101e VMX_EXIT_PORT_IO - 30 - I/O instruction.
00:02:07.028918      113434: 0x0000030334eb6a15/-8420     ffffffffc04b1fcc  0x01018 VMX_EXIT_VMRESUME - 24 - VMRESUME instruction.
00:02:07.028918      113433: 0x0000030334eb5841/-4564     ffffffff9c072af7  0x0101f VMX_EXIT_RDMSR - 31 - RDMSR instruction.
00:02:07.028918      113432: 0x0000030334eb20f7/-14154    00000000000f1246  0x0101e VMX_EXIT_PORT_IO - 30 - I/O instruction.
00:02:07.028918      113431: 0x0000030334eb0077/-8320     ffffffffc04b1fcc  0x01018 VMX_EXIT_VMRESUME - 24 - VMRESUME instruction.
00:02:07.028918      113430: 0x0000030334eaef71/-4358     ffffffff9c072af7  0x0101f VMX_EXIT_RDMSR - 31 - RDMSR instruction.
00:02:07.028918      113429: 0x0000030334eabaa5/-13516    00000000000f1243  0x0101e VMX_EXIT_PORT_IO - 30 - I/O instruction.
00:02:07.028918      113428: 0x0000030334ea996f/-8502     ffffffffc04b1fcc  0x01018 VMX_EXIT_VMRESUME - 24 - VMRESUME instruction.
00:02:07.028918      113427: 0x0000030334ea8789/-4582     ffffffff9c072af7  0x0101f VMX_EXIT_RDMSR - 31 - RDMSR instruction.
00:02:07.028918      113426: 0x0000030334ea4d77/-14866    00000000000f126f  0x0101e VMX_EXIT_PORT_IO - 30 - I/O instruction.
00:02:07.028918      113425: 0x0000030334ea2d25/-8274     ffffffffc04b1fcc  0x01018 VMX_EXIT_VMRESUME - 24 - VMRESUME instruction.
00:02:07.028918      113424: 0x0000030334ea1beb/-4410     ffffffff9c072af7  0x0101f VMX_EXIT_RDMSR - 31 - RDMSR instruction.
00:02:07.028918      113423: 0x0000030334e9e2ab/-14656    00000000000f1265  0x0101e VMX_EXIT_PORT_IO - 30 - I/O instruction.
00:02:07.028918      113422: 0x0000030334e9c09d/-8718     ffffffffc04b1fcc  0x01018 VMX_EXIT_VMRESUME - 24 - VMRESUME instruction.
00:02:07.028918      113421: 0x0000030334e9afbd/-4320     ffffffff9c072af7  0x0101f VMX_EXIT_RDMSR - 31 - RDMSR instruction.
00:02:07.028918      113420: 0x0000030334e97a9d/-13600    00000000000f106d  0x0101e VMX_EXIT_PORT_IO - 30 - I/O instruction.
00:02:07.028918      113419: 0x0000030334e959dd/-8384     ffffffffc04b1fcc  0x01018 VMX_EXIT_VMRESUME - 24 - VMRESUME instruction.
00:02:07.028918      113418: 0x0000030334e94929/-4276     ffffffff9c072af7  0x0101f VMX_EXIT_RDMSR - 31 - RDMSR instruction.
00:02:07.028918      113417: 0x0000030334e914c1/-13416    00000000000f106d  0x0101e VMX_EXIT_PORT_IO - 30 - I/O instruction.
00:02:07.028918      113416: 0x0000030334e8f3a7/-8474     ffffffffc04b1fcc  0x01018 VMX_EXIT_VMRESUME - 24 - VMRESUME instruction.
00:02:07.028918      113415: 0x0000030334e8e2cf/-4312     ffffffff9c072af7  0x0101f VMX_EXIT_RDMSR - 31 - RDMSR instruction.
00:02:07.028918      113414: 0x0000030334e8adb1/-13598    00000000000f106d  0x0101e VMX_EXIT_PORT_IO - 30 - I/O instruction.
00:02:07.028918      113413: 0x0000030334e88ccb/-8422     ffffffffc04b1fcc  0x01018 VMX_EXIT_VMRESUME - 24 - VMRESUME instruction.
00:02:07.028918      113412: 0x0000030334e87bf7/-4308     ffffffff9c072af7  0x0101f VMX_EXIT_RDMSR - 31 - RDMSR instruction.
00:02:07.028918      113411: 0x0000030334e84569/-13966    00000000000f106d  0x0101e VMX_EXIT_PORT_IO - 30 - I/O instruction.
00:02:07.028918      113410: 0x0000030334e824b9/-8368     ffffffffc04b1fcc  0x01018 VMX_EXIT_VMRESUME - 24 - VMRESUME instruction.
00:02:07.028918      113409: 0x0000030334e813ef/-4298     ffffffff9c072af7  0x0101f VMX_EXIT_RDMSR - 31 - RDMSR instruction.
00:02:07.028918      113408: 0x0000030334e7deb9/-13622    00000000000f106d  0x0101e VMX_EXIT_PORT_IO - 30 - I/O instruction.
00:02:07.028918      113407: 0x0000030334e7be7d/-8252     ffffffffc04b1fcc  0x01018 VMX_EXIT_VMRESUME - 24 - VMRESUME instruction.
00:02:07.028918      113406: 0x0000030334e7ada9/-4308     ffffffff9c072af7  0x0101f VMX_EXIT_RDMSR - 31 - RDMSR instruction.
00:02:07.028918      113405: 0x0000030334e77a03/-13222    00000000000f106d  0x0101e VMX_EXIT_PORT_IO - 30 - I/O instruction.
00:02:07.028918      113404: 0x0000030334e7599d/-8294     ffffffffc04b1fcc  0x01018 VMX_EXIT_VMRESUME - 24 - VMRESUME instruction.
00:02:07.028918      113403: 0x0000030334e748c5/-4312     ffffffff9c072af7  0x0101f VMX_EXIT_RDMSR - 31 - RDMSR instruction.
00:02:07.028918      113402: 0x0000030334e713a9/-13596    00000000000f106d  0x0101e VMX_EXIT_PORT_IO - 30 - I/O instruction.
00:02:07.028918      113401: 0x0000030334e6f3af/-8186     ffffffffc04b1fcc  0x01018 VMX_EXIT_VMRESUME - 24 - VMRESUME instruction.
00:02:07.028918      113400: 0x0000030334e6e2ff/-4272     ffffffff9c072af7  0x0101f VMX_EXIT_RDMSR - 31 - RDMSR instruction.
00:02:07.028918      113399: 0x0000030334e6adb1/-13646    00000000000f106d  0x0101e VMX_EXIT_PORT_IO - 30 - I/O instruction.
00:02:07.028918      113398: 0x0000030334e68d01/-8368     ffffffffc04b1fcc  0x01018 VMX_EXIT_VMRESUME - 24 - VMRESUME instruction.
00:02:07.028918      113397: 0x0000030334e67c2f/-4306     ffffffff9c072af7  0x0101f VMX_EXIT_RDMSR - 31 - RDMSR instruction.
00:02:07.028918      113396: 0x0000030334e64661/-13774    00000000000f106d  0x0101e VMX_EXIT_PORT_IO - 30 - I/O instruction.
00:02:07.028918      113395: 0x0000030334e625b9/-8360     ffffffffc04b1fcc  0x01018 VMX_EXIT_VMRESUME - 24 - VMRESUME instruction.
00:02:07.028918      113394: 0x0000030334e614e3/-4310     ffffffff9c072af7  0x0101f VMX_EXIT_RDMSR - 31 - RDMSR instruction.
00:02:07.028918      113393: 0x0000030334e5dee3/-13824    00000000000f106d  0x0101e VMX_EXIT_PORT_IO - 30 - I/O instruction.
00:02:07.029213      113392: 0x0000030334e5bde7/-8444     ffffffffc04b1fcc  0x01018 VMX_EXIT_VMRESUME - 24 - VMRESUME instruction.
00:02:07.029214      113391: 0x0000030334e5ad21/-4294     ffffffff9c072af7  0x0101f VMX_EXIT_RDMSR - 31 - RDMSR instruction.
00:02:07.029214      113390: 0x0000030334e577c9/-13656    00000000000f106d  0x0101e VMX_EXIT_PORT_IO - 30 - I/O instruction.
00:02:07.029215      113389: 0x0000030334e5572d/-8348     ffffffffc04b1fcc  0x01018 VMX_EXIT_VMRESUME - 24 - VMRESUME instruction.
00:02:07.029216      113388: 0x0000030334e54651/-4316     ffffffff9c072af7  0x0101f VMX_EXIT_RDMSR - 31 - RDMSR instruction.
00:02:07.029217      113387: 0x0000030334e5112d/-13604    00000000000f106d  0x0101e VMX_EXIT_PORT_IO - 30 - I/O instruction.
00:02:07.029218      113386: 0x0000030334e4f079/-8372     ffffffffc04b1fcc  0x01018 VMX_EXIT_VMRESUME - 24 - VMRESUME instruction.
00:02:07.029219      113385: 0x0000030334e4df87/-4338     ffffffff9c072af7  0x0101f VMX_EXIT_RDMSR - 31 - RDMSR instruction.
00:02:07.029220      113384: 0x0000030334e4a9f1/-13718    00000000000f106d  0x0101e VMX_EXIT_PORT_IO - 30 - I/O instruction.
00:02:07.029221      113383: 0x0000030334e488e7/-8458     ffffffffc04b1fcc  0x01018 VMX_EXIT_VMRESUME - 24 - VMRESUME instruction.
00:02:07.029222      113382: 0x0000030334e47837/-4272     ffffffff9c072af7  0x0101f VMX_EXIT_RDMSR - 31 - RDMSR instruction.
00:02:07.029222      113381: 0x0000030334e44325/-13586    00000000000f106d  0x0101e VMX_EXIT_PORT_IO - 30 - I/O instruction.
00:02:07.029223      113380: 0x0000030334e4228b/-8346     ffffffffc04b1fcc  0x01018 VMX_EXIT_VMRESUME - 24 - VMRESUME instruction.
00:02:07.029224      113379: 0x0000030334e41199/-4338     ffffffff9c072af7  0x0101f VMX_EXIT_RDMSR - 31 - RDMSR instruction.
00:02:07.029225      113378: 0x0000030334e3dc07/-13714    00000000000f106d  0x0101e VMX_EXIT_PORT_IO - 30 - I/O instruction.
00:02:07.029226      113377: 0x0000030334e3bb9b/-8300     ffffffffc04b1fcc  0x01018 VMX_EXIT_VMRESUME - 24 - VMRESUME instruction.
00:02:07.029227      113376: 0x0000030334e3aa29/-4466     ffffffff9c072af7  0x0101f VMX_EXIT_RDMSR - 31 - RDMSR instruction.
00:02:07.029228      113375: 0x0000030334e375df/-13386    00000000000f106d  0x0101e VMX_EXIT_PORT_IO - 30 - I/O instruction.
00:02:07.029229      113374: 0x0000030334e3550d/-8402     ffffffffc04b1fcc  0x01018 VMX_EXIT_VMRESUME - 24 - VMRESUME instruction.
00:02:07.029230      113373: 0x0000030334e343c9/-4420     ffffffff9c072af7  0x0101f VMX_EXIT_RDMSR - 31 - RDMSR instruction.
00:02:07.029230      113372: 0x0000030334e30e1f/-13738    00000000000f106d  0x0101e VMX_EXIT_PORT_IO - 30 - I/O instruction.
00:02:07.029231      113371: 0x0000030334e2ed9b/-8324     ffffffffc04b1fcc  0x01018 VMX_EXIT_VMRESUME - 24 - VMRESUME instruction.
00:02:07.029232      113370: 0x0000030334e2dcf1/-4266     ffffffff9c072af7  0x0101f VMX_EXIT_RDMSR - 31 - RDMSR instruction.
00:02:07.029233      113369: 0x0000030334e2a765/-13708    00000000000f106d  0x0101e VMX_EXIT_PORT_IO - 30 - I/O instruction.
00:02:07.029234      113368: 0x0000030334e2868d/-8408     ffffffffc04b1fcc  0x01018 VMX_EXIT_VMRESUME - 24 - VMRESUME instruction.
00:02:07.029235      113367: 0x0000030334e275cf/-4286     ffffffff9c072af7  0x0101f VMX_EXIT_RDMSR - 31 - RDMSR instruction.
00:02:07.029236      113366: 0x0000030334e240fd/-13522    00000000000f106d  0x0101e VMX_EXIT_PORT_IO - 30 - I/O instruction.
00:02:07.029237      113365: 0x0000030334e22021/-8412     ffffffffc04b1fcc  0x01018 VMX_EXIT_VMRESUME - 24 - VMRESUME instruction.
00:02:07.029237      113364: 0x0000030334e20f51/-4304     ffffffff9c072af7  0x0101f VMX_EXIT_RDMSR - 31 - RDMSR instruction.
00:02:07.029238      113363: 0x0000030334e1da87/-13514    00000000000f106d  0x0101e VMX_EXIT_PORT_IO - 30 - I/O instruction.
00:02:07.029239      113362: 0x0000030334e1b9c5/-8386     ffffffffc04b1fcc  0x01018 VMX_EXIT_VMRESUME - 24 - VMRESUME instruction.
00:02:07.029240      113361: 0x0000030334e1a919/-4268     ffffffff9c072af7  0x0101f VMX_EXIT_RDMSR - 31 - RDMSR instruction.
00:02:07.029241      113360: 0x0000030334e17395/-13700    00000000000f106d  0x0101e VMX_EXIT_PORT_IO - 30 - I/O instruction.
00:02:07.029242      113359: 0x0000030334e152d3/-8386     ffffffffc04b1fcc  0x01018 VMX_EXIT_VMRESUME - 24 - VMRESUME instruction.
00:02:07.029243      113358: 0x0000030334e14207/-4300     ffffffff9c072af7  0x0101f VMX_EXIT_RDMSR - 31 - RDMSR instruction.
00:02:07.029243      113357: 0x0000030334e10dd1/-13366    00000000000f106d  0x0101e VMX_EXIT_PORT_IO - 30 - I/O instruction.
00:02:07.029244      113356: 0x0000030334e0edf1/-8160     ffffffffc04b1fcc  0x01018 VMX_EXIT_VMRESUME - 24 - VMRESUME instruction.
00:02:07.029245      113355: 0x0000030334e0dd09/-4328     ffffffff9c072af7  0x0101f VMX_EXIT_RDMSR - 31 - RDMSR instruction.
00:02:07.029246      113354: 0x0000030334e0a7c7/-13634    00000000000f106d  0x0101e VMX_EXIT_PORT_IO - 30 - I/O instruction.
00:02:07.029247      113353: 0x0000030334e08703/-8388     ffffffffc04b1fcc  0x01018 VMX_EXIT_VMRESUME - 24 - VMRESUME instruction.
00:02:07.029248      113352: 0x0000030334e075eb/-4376     ffffffff9c072af7  0x0101f VMX_EXIT_RDMSR - 31 - RDMSR instruction.
00:02:07.029249      113351: 0x0000030334e03ecb/-14112    00000000000f106d  0x0101e VMX_EXIT_PORT_IO - 30 - I/O instruction.
00:02:07.029250      113350: 0x0000030334e01df3/-8408     ffffffffc04b1fcc  0x01018 VMX_EXIT_VMRESUME - 24 - VMRESUME instruction.
00:02:07.029251      113349: 0x0000030334e00975/-5246     ffffffff9c072af7  0x0101f VMX_EXIT_RDMSR - 31 - RDMSR instruction.
00:02:07.029251      113348: 0x0000030334dfbcff/-19574    ffffffffffffffff  0x0101d VMX_EXIT_MOV_DRX - 29 - Debug-register accesses.
00:02:07.029252      113347: 0x0000030334df76bd/-17986    00000000000f106d  0x0101e VMX_EXIT_PORT_IO - 30 - I/O instruction.
00:02:07.029253      113346: 0x0000030334df50e3/-9690     ffffffffc04b1fcc  0x01018 VMX_EXIT_VMRESUME - 24 - VMRESUME instruction.
00:02:07.029254      113345: 0x0000030334df2a77/-9836     00000000000f11c4  0x0100a VMX_EXIT_CPUID - 10 - CPUID instruction.
00:02:07.029255      113344: 0x0000030334df08fb/-8572     ffffffffc04b1fcc  0x01018 VMX_EXIT_VMRESUME - 24 - VMRESUME instruction.
00:02:07.029256      113343: 0x0000030334dede05/-10998    00000000000f11c4  0x0100a VMX_EXIT_CPUID - 10 - CPUID instruction.
00:02:07.029257      113342: 0x0000030334deb3b1/-10836    ffffffffc04b1fcc  0x01018 VMX_EXIT_VMRESUME - 24 - VMRESUME instruction.
00:02:07.029258      113341: 0x0000030334de74c9/-16104    ffffffff9c072cd4  0x01020 VMX_EXIT_WRMSR - 32 - WRMSR instruction.
00:02:07.029259      113340: 0x0000030334de4e5b/-9838     ffffffff9c067dcd  0x01020 VMX_EXIT_WRMSR - 32 - WRMSR instruction.
00:02:07.029260      113339: 0x0000030334dce2bb/-93088    ffffffffc04b1fcc  0x01018 VMX_EXIT_VMRESUME - 24 - VMRESUME instruction.
00:02:07.029260      113338: 0x0000030334dcbc07/-9908     00000000000f11c4  0x0100a VMX_EXIT_CPUID - 10 - CPUID instruction.
00:02:07.029261      113337: 0x0000030334dc9bf5/-8210     ffffffffc04b1fcc  0x01018 VMX_EXIT_VMRESUME - 24 - VMRESUME instruction.
00:02:07.029262      113336: 0x0000030334dc749f/-10070    00000000000f11c4  0x0100a VMX_EXIT_CPUID - 10 - CPUID instruction.
00:02:07.029263      113335: 0x0000030334dc54c3/-8156     ffffffffc04b1fcc  0x01018 VMX_EXIT_VMRESUME - 24 - VMRESUME instruction.
00:02:07.029264      113334: 0x0000030334dc2d65/-10078    00000000000f11c4  0x0100a VMX_EXIT_CPUID - 10 - CPUID instruction.
00:02:07.029265      113333: 0x0000030334dc0cbb/-8362     ffffffffc04b1fcc  0x01018 VMX_EXIT_VMRESUME - 24 - VMRESUME instruction.
00:02:07.029266      113332: 0x0000030334dbe545/-10102    00000000000f11c4  0x0100a VMX_EXIT_CPUID - 10 - CPUID instruction.
00:02:07.029267      113331: 0x0000030334dbc4c3/-8322     ffffffffc04b1fcc  0x01018 VMX_EXIT_VMRESUME - 24 - VMRESUME instruction.
00:02:07.029268      113330: 0x0000030334db9d4b/-10104    00000000000f11c4  0x0100a VMX_EXIT_CPUID - 10 - CPUID instruction.
00:02:07.029269      113329: 0x0000030334db7cc3/-8328     ffffffffc04b1fcc  0x01018 VMX_EXIT_VMRESUME - 24 - VMRESUME instruction.
00:02:07.029269      113328: 0x0000030334db5523/-10144    00000000000f11c4  0x0100a VMX_EXIT_CPUID - 10 - CPUID instruction.
00:02:07.029270      113327: 0x0000030334db34b1/-8306     ffffffffc04b1fcc  0x01018 VMX_EXIT_VMRESUME - 24 - VMRESUME instruction.
00:02:07.029271      113326: 0x0000030334db0d41/-10096    00000000000f11c4  0x0100a VMX_EXIT_CPUID - 10 - CPUID instruction.
00:02:07.029272      113325: 0x0000030334daeca5/-8348     ffffffffc04b1fcc  0x01018 VMX_EXIT_VMRESUME - 24 - VMRESUME instruction.
00:02:07.029273      113324: 0x0000030334dac575/-10032    00000000000f11c4  0x0100a VMX_EXIT_CPUID - 10 - CPUID instruction.
00:02:07.029274      113323: 0x0000030334daa4eb/-8330     ffffffffc04b1fcc  0x01018 VMX_EXIT_VMRESUME - 24 - VMRESUME instruction.
00:02:07.029275      113322: 0x0000030334da7d8b/-10080    00000000000f11c4  0x0100a VMX_EXIT_CPUID - 10 - CPUID instruction.
00:02:07.029276      113321: 0x0000030334da5ce7/-8356     ffffffffc04b1fcc  0x01018 VMX_EXIT_VMRESUME - 24 - VMRESUME instruction.
00:02:07.029277      113320: 0x0000030334da353f/-10152    00000000000f11c4  0x0100a VMX_EXIT_CPUID - 10 - CPUID instruction.
00:02:07.029278      113319: 0x0000030334da1579/-8134     ffffffffc04b1fcc  0x01018 VMX_EXIT_VMRESUME - 24 - VMRESUME instruction.
00:02:07.029278      113318: 0x0000030334d9eec1/-9912     00000000000f11c4  0x0100a VMX_EXIT_CPUID - 10 - CPUID instruction.
00:02:07.029279      113317: 0x0000030334d9cef1/-8144     ffffffffc04b1fcc  0x01018 VMX_EXIT_VMRESUME - 24 - VMRESUME instruction.
00:02:07.029280      113316: 0x0000030334d9a7b1/-10048    00000000000f11c4  0x0100a VMX_EXIT_CPUID - 10 - CPUID instruction.
00:02:07.029281      113315: 0x0000030334d98701/-8368     ffffffffc04b1fcc  0x01018 VMX_EXIT_VMRESUME - 24 - VMRESUME instruction.
00:02:07.029282      113314: 0x0000030334d95f93/-10094    00000000000f11c4  0x0100a VMX_EXIT_CPUID - 10 - CPUID instruction.
00:02:07.029283      113313: 0x0000030334d93f9d/-8182     ffffffffc04b1fcc  0x01018 VMX_EXIT_VMRESUME - 24 - VMRESUME instruction.
00:02:07.029284      113312: 0x0000030334d91837/-10086    00000000000f11c4  0x0100a VMX_EXIT_CPUID - 10 - CPUID instruction.
00:02:07.029285      113311: 0x0000030334d8f7d1/-8294     ffffffffc04b1fcc  0x01018 VMX_EXIT_VMRESUME - 24 - VMRESUME instruction.
00:02:07.029286      113310: 0x0000030334d8d0a7/-10026    00000000000f11c4  0x0100a VMX_EXIT_CPUID - 10 - CPUID instruction.
00:02:07.029286      113309: 0x0000030334d8b11d/-8074     ffffffffc04b1fcc  0x01018 VMX_EXIT_VMRESUME - 24 - VMRESUME instruction.
00:02:07.029287      113308: 0x0000030334d889cd/-10064    00000000000f11c4  0x0100a VMX_EXIT_CPUID - 10 - CPUID instruction.
00:02:07.029288      113307: 0x0000030334d86995/-8248     ffffffffc04b1fcc  0x01018 VMX_EXIT_VMRESUME - 24 - VMRESUME instruction.
00:02:07.029289      113306: 0x0000030334d84313/-9858     00000000000f11c4  0x0100a VMX_EXIT_CPUID - 10 - CPUID instruction.
00:02:07.029290      113305: 0x0000030334d82291/-8322     ffffffffc04b1fcc  0x01018 VMX_EXIT_VMRESUME - 24 - VMRESUME instruction.
00:02:07.029291      113304: 0x0000030334d7fb09/-10120    00000000000f11c4  0x0100a VMX_EXIT_CPUID - 10 - CPUID instruction.
00:02:07.029292 !!
00:02:07.029292 !! {fflags}
00:02:07.029293 !!
00:02:07.029294 Global FFs: 0x400
00:02:07.029295     CHECK_VM_STATE
00:02:07.029296   Groups:
00:02:07.029296     EXTERNAL_SUSPENDED, EXTERNAL_HALTED, HIGH_PRIORITY_PRE, NORMAL_PRIORITY_POST, ALL_REM
00:02:07.029297 CPU 0 FFs: 0x0
00:02:07.029298 CPU 1 FFs: 0x0
00:02:07.029299 CPU 2 FFs: 0x0
00:02:07.029299 CPU 3 FFs: 0x0
00:02:07.029300 !!
00:02:07.029300 !! {gdt}
00:02:07.029300 !!
00:02:07.029302 Guest GDT (GCAddr=00000000000f6be8 limit=37):
00:02:07.029306 0000 - read error rc=VERR_PAGE_TABLE_NOT_PRESENT GCAddr=00000000000f6be8
00:02:07.029310 0008 - read error rc=VERR_PAGE_TABLE_NOT_PRESENT GCAddr=00000000000f6bf0
00:02:07.029311 0010 - read error rc=VERR_PAGE_TABLE_NOT_PRESENT GCAddr=00000000000f6bf8
00:02:07.029312 0018 - read error rc=VERR_PAGE_TABLE_NOT_PRESENT GCAddr=00000000000f6c00
00:02:07.029312 0020 - read error rc=VERR_PAGE_TABLE_NOT_PRESENT GCAddr=00000000000f6c08
00:02:07.029313 0028 - read error rc=VERR_PAGE_TABLE_NOT_PRESENT GCAddr=00000000000f6c10
00:02:07.029314 0030 - read error rc=VERR_PAGE_TABLE_NOT_PRESENT GCAddr=00000000000f6c18
00:02:07.029315 !!
00:02:07.029315 !! {guestprops}
00:02:07.029315 !!
00:02:07.029318 /VirtualBox/HostInfo/GUI/LanguageID: 'en_US', 1765465155380064500 (RDONLYGUEST)
00:02:07.029320 /VirtualBox/GuestAdd/GuiOnFocus: '1', 1765465178810605600 (TRANSIENT, RDONLYGUEST)
00:02:07.029322 /VirtualBox/HostInfo/VBoxVerExt: '7.2.2', 1765465145096805801 (TRANSIENT, RDONLYGUEST)
00:02:07.029323 /VirtualBox/VMInfo/ResumeCounter: '0', 1765465145032984902 (TRANSIENT, RDONLYGUEST)
00:02:07.029324 /VirtualBox/HostGuest/SysprepExec: '', 1765465145032984903 (TRANSIENT, RDONLYGUEST)
00:02:07.029325 /VirtualBox/HostGuest/SysprepArgs: '', 1765465145032984904 (TRANSIENT, RDONLYGUEST)
00:02:07.029325 /VirtualBox/VMInfo/ResetCounter: '0', 1765465145032984901 (TRANSIENT, RDONLYGUEST)
00:02:07.029326 /VirtualBox/HostInfo/VBoxRev: '170484', 1765465145096805802 (TRANSIENT, RDONLYGUEST)
00:02:07.029327 /VirtualBox/HostInfo/VBoxVer: '7.2.2', 1765465145096805800 (TRANSIENT, RDONLYGUEST)
00:02:07.029328 !!
00:02:07.029328 !! {hm}
00:02:07.029328 !!
00:02:07.029330 CPU[0]: VT-x info:
00:02:07.029331   HM error           = 0x0 (0)
00:02:07.029331   rcLastExitToR3     = VINF_EM_RAW_INTERRUPT
00:02:07.029334   Guest VMCS active
00:02:07.029334     Real-on-v86 active = false
00:02:07.029338 CPU[1]: VT-x info:
00:02:07.029338   HM error           = 0x0 (0)
00:02:07.029338   rcLastExitToR3     = VINF_EM_HALT
00:02:07.029339   Guest VMCS active
00:02:07.029340     Real-on-v86 active = false
00:02:07.029343 CPU[2]: VT-x info:
00:02:07.029344   HM error           = 0x0 (0)
00:02:07.029344   rcLastExitToR3     = VINF_EM_HALT
00:02:07.029345   Guest VMCS active
00:02:07.029346     Real-on-v86 active = false
00:02:07.029349 CPU[3]: VT-x info:
00:02:07.029350   HM error           = 0x0 (0)
00:02:07.029350   rcLastExitToR3     = VINF_EM_RAW_TIMER_PENDING
00:02:07.029356   Nested-guest VMCS active
00:02:07.029356     Real-on-v86 active = false
00:02:07.029358 !!
00:02:07.029358 !! {hmeventpending}
00:02:07.029358 !!
00:02:07.029360 CPU[0]: HM event (fPending=false)
00:02:07.029365 CPU[1]: HM event (fPending=false)
00:02:07.029369 CPU[2]: HM event (fPending=false)
00:02:07.029373 CPU[3]: HM event (fPending=false)
00:02:07.029374 !!
00:02:07.029374 !! {ioapic}
00:02:07.029375 !!
00:02:07.029375 I/O APIC at 0xfec00000:
00:02:07.029376   ID                      = 0x0
00:02:07.029376     ID                      = 0x0
00:02:07.029377   Version                 = 0x170020
00:02:07.029377     Version                 = 0x20
00:02:07.029377     Pin Assert Reg. Support = false
00:02:07.029378     Max. Redirection Entry  = 23
00:02:07.029378   Current index           = 0x36
00:02:07.029378   I/O Redirection Table and IRR:
00:02:07.029379   idx dst_mode dst_addr mask irr trigger rirr polar dlvr_st dlvr_mode vector rte
00:02:07.029379   ---------------------------------------------------------------------------------------------
00:02:07.029380    00     phys       00    1   0    edge    0 acthi    idle     fixed      0 (0000000000010000)
00:02:07.029382    01     phys       02    0   0    edge    0 acthi    idle     fixed     34 (0200000000000022)
00:02:07.029383    02     phys       00    0   1    edge    0 acthi    idle     fixed     48 (0000000000000030)
00:02:07.029384    03     phys       00    1   0    edge    0 acthi    idle     fixed      0 (0000000000010000)
00:02:07.029385    04     phys       00    1   0    edge    0 acthi    idle     fixed      0 (0000000000010000)
00:02:07.029385    05     phys       00    1   0    edge    0 acthi    idle     fixed      0 (0000000000010000)
00:02:07.029386    06     phys       00    1   0    edge    0 acthi    idle     fixed      0 (0000000000010000)
00:02:07.029387    07     phys       00    1   0    edge    0 acthi    idle     fixed      0 (0000000000010000)
00:02:07.029388    08     phys       03    0   0    edge    0 acthi    idle     fixed     34 (0300000000000022)
00:02:07.029389    09     phys       01    0   0   level    0 actlo    idle     fixed     33 (010000000000a021)
00:02:07.029391    10     phys       00    1   0    edge    0 acthi    idle     fixed      0 (0000000000010000)
00:02:07.029392    11     phys       00    1   0    edge    0 acthi    idle     fixed      0 (0000000000010000)
00:02:07.029393    12     phys       01    0   0    edge    0 acthi    idle     fixed     34 (0100000000000022)
00:02:07.029394    13     phys       00    1   0    edge    0 acthi    idle     fixed      0 (0000000000010000)
00:02:07.029395    14     phys       02    0   0    edge    0 acthi    idle     fixed     33 (0200000000000021)
00:02:07.029396    15     phys       03    0   0    edge    0 acthi    idle     fixed     33 (0300000000000021)
00:02:07.029396    16     phys       00    1   0    edge    0 acthi    idle     fixed      0 (0000000000010000)
00:02:07.029397    17     phys       00    1   0    edge    0 acthi    idle     fixed      0 (0000000000010000)
00:02:07.029398    18     phys       02    0   0   level    0 actlo    idle     fixed     35 (020000000000a023)
00:02:07.029399    19     phys       03    0   0   level    0 actlo    idle     fixed     35 (030000000000a023)
00:02:07.029400    20     phys       01    0   0   level    0 actlo    idle     fixed     35 (010000000000a023)
00:02:07.029401    21     phys       00    0   0   level    0 actlo    idle     fixed     34 (000000000000a022)
00:02:07.029402    22     phys       00    0   0   level    0 actlo    idle     fixed     33 (000000000000a021)
00:02:07.029402    23     phys       00    1   0    edge    0 acthi    idle     fixed      0 (0000000000010000)
00:02:07.029403 !!
00:02:07.029404 !! {ioport}
00:02:07.029404 !!
00:02:07.029404 I/O port registrations: 71 (73 allocated)
00:02:07.029404  ## Ctx    Ports Mapping   PCI    Description
00:02:07.029405   0 R3     0010  00f0-00ff        Math Co-Processor (DOS/OS2 mode)
00:02:07.029407   1 R3     0001  0092-0092        PS/2 system control port A (A20 and more)
00:02:07.029408   2 R3     0004  0400-0403        Bochs PC BIOS - Panic & Debug
00:02:07.029409   3 R3     0001  040f-040f        PC BIOS - Control
00:02:07.029409   4 R3+0   0001  0cf8-0cf8        i440FX (PCI)
00:02:07.029411   5 R3+0   0004  0cfc-0cff        i440FX (PCI)
00:02:07.029411   6 R3     0001  0410-0410        i440FX (Fake PCI BIOS trigger)
00:02:07.029412   7 R3+0   0001  0060-0060        PC Keyboard - Data
00:02:07.029413   8 R3+0   0001  0064-0064        PC Keyboard - Command / Status
00:02:07.029413   9 R3+0   0002  0020-0021        i8259 PIC #0
00:02:07.029414  10 R3+0   0002  00a0-00a1        i8259 PIC #1
00:02:07.029414  11 R3+0   0001  04d0-04d0        i8259 PIC #0 - elcr
00:02:07.029415  12 R3+0   0001  04d1-04d1        i8259 PIC #1 - elcr
00:02:07.029415  13 R3+0   0004  0040-0043        i8254 Programmable Interval Timer
00:02:07.029416  14 R3+0   0001  0061-0061        PC Speaker
00:02:07.029416  15 R3+0   0004  0070-0073        MC146818 RTC/CMOS
00:02:07.029417  16 R3+0   0008  0000-0007        DMA8 Address
00:02:07.029417  17 R3+0   0010  00c0-00cf        DMA16 Address
00:02:07.029418  18 R3+0   0008  0008-000f        DMA8 Control
00:02:07.029418  19 R3+0   0010  00d0-00df        DMA16 Control
00:02:07.029419  20 R3+0   0008  0080-0087        DMA8 Page
00:02:07.029419  21 R3+0   0008  0088-008f        DMA16 Page
00:02:07.029420  22 R3     0001  0504-0504        VMMDev backdoor logging
00:02:07.029420  23 R3     0001  0505-0505        VMMDev timesync backdoor
00:02:07.029421  24 R3     0001  d020-d020 pci0/0 VMMDev Request Handler
00:02:07.029422  25 R3+0   0001  d028-d028 pci0/1 VMMDev Fast R0/RC Requests
00:02:07.029423  26 R3+0   0002  03c0-03c1        VGA - Attribute Controller
00:02:07.029423  27 R3+0   0001  03c2-03c2        VGA - MSR / ST00
00:02:07.029424  28 R3+0   0001  03c3-03c3        VGA - 0x3c3
00:02:07.029424  29 R3+0   0002  03c4-03c5        VGA - Sequencer
00:02:07.029425  30 R3+0   0004  03c6-03c9        VGA - DAC
00:02:07.029425  31 R3+0   0004  03ca-03cd        VGA - Graphics Position
00:02:07.029426  32 R3+0   0002  03ce-03cf        VGA - Graphics Controller
00:02:07.029426  33 R3+0   0002  03b4-03b5        VGA - MDA CRT control
00:02:07.029427  34 R3+0   0001  03ba-03ba        VGA - MDA feature/status
00:02:07.029427  35 R3+0   0002  03d4-03d5        VGA - CGA CRT control
00:02:07.029428  36 R3+0   0001  03da-03da        VGA - CGA Feature / status
00:02:07.029428  37 R3+0   0001  01ce-01ce        VGA - VBE Index
00:02:07.029429  38 R3+0   0001  01cf-01cf        VGA - VBE Data
00:02:07.029429  39 R3     0004  03b0-03b3        VGA - HGSMI host (3b0-3b3)
00:02:07.029429  40 R3     0004  03d0-03d3        VGA - HGSMI guest (3d0-3d3)
00:02:07.029430  41 R3+0   0001  03b7-03b7        VGA BIOS debug/panic
00:02:07.029430  42 R3     0001  03b6-03b6        VBE BIOS Extra Data
00:02:07.029431  43 R3     0001  03b8-03b8        BIOS Logo
00:02:07.029431  44 R3+0   0008  d240-d247 pci0/0 AHCI Fake #0
00:02:07.029432  45 R3+0   0001  unmapped  pci0/65536 AHCI Fake #1
00:02:07.029433  46 R3+0   0008  d250-d257 pci0/131072 AHCI Fake #2
00:02:07.029434  47 R3+0   0001  unmapped  pci0/196608 AHCI Fake #3
00:02:07.029434  48 R3+0   0010  d260-d26f pci0/262144 AHCI IDX/DATA
00:02:07.029435  49 R3+0   0100  d300-d3ff pci0/0 LsiLogic
00:02:07.029436  50 R3+0   0010  d000-d00f pci0/262144 ATA Bus Master DMA
00:02:07.029437  51 R3+0   0008  01f0-01f7        ATA I/O Base 1 - Empty Bus
00:02:07.029437  52 R3+0   0001  03f6-03f6        ATA I/O Base 2 - Empty Bus
00:02:07.029438  53 R3+0   0008  0170-0177        ATA I/O Base 1 - Empty Bus
00:02:07.029438  54 R3+0   0001  0376-0376        ATA I/O Base 2 - Empty Bus
00:02:07.029439  55 R3+0   0008  d010-d017 pci0/2 E1000
00:02:07.029439  56 R3+0   0100  d100-d1ff pci0/0 ICHAC97 NAM
00:02:07.029440  57 R3+0   0040  d200-d23f pci0/65536 ICHAC97 NABM
00:02:07.029441  58 R3     0001  4000-4000        ACPI PM1a Status
00:02:07.029441  59 R3     0001  4002-4002        ACPI PM1a Enable
00:02:07.029442  60 R3     0001  4004-4004        ACPI PM1a Control
00:02:07.029442  61 R3+0   0001  4008-4008        ACPI PM Timer
00:02:07.029443  62 R3     0001  4020-4020        ACPI GPE0 Status
00:02:07.029443  63 R3     0001  4021-4021        ACPI GPE0 Enable
00:02:07.029443  64 R3     0010  4100-410f        SMBus
00:02:07.029444  65 R3     0001  442e-442e        ACPI SMI
00:02:07.029444  66 R3     0001  4040-4040        ACPI Battery status index
00:02:07.029445  67 R3     0001  4044-4044        ACPI Battery status data
00:02:07.029445  68 R3     0001  4048-4048        ACPI system info index
00:02:07.029446  69 R3     0001  404c-404c        ACPI system info data
00:02:07.029446  70 R3     0001  4050-4050        ACPI Reset
00:02:07.029447 !!
00:02:07.029447 !! {irqroute}
00:02:07.029447 !!
00:02:07.029448 PCI interrupt router at: 00:01:0
00:02:07.029449 PIRQA disabled
00:02:07.029449 PIRQB disabled
00:02:07.029449 PIRQC disabled
00:02:07.029449 PIRQD disabled
00:02:07.029450 !!
00:02:07.029450 !! {itlb}
00:02:07.029450 !!
00:02:07.029452 000: empty   0x0000000000000000 -> 0000000000000000 / 0000000000000000 / 0x000 RWXADS-2M/wr--/M phys-empty
00:02:07.029454 001: empty   0x0000000000000000 -> 0000000000000000 / 0000000000000000 / 0x000 RWXADSG2M/wr--/M phys-empty
00:02:07.029455 002: empty   0x0000000000000000 -> 0000000000000000 / 0000000000000000 / 0x000 RWXADS-2M/wr--/M phys-empty
00:02:07.029456 003: empty   0x0000000000000000 -> 0000000000000000 / 0000000000000000 / 0x000 RWXADSG2M/wr--/M phys-empty
00:02:07.029457 004: empty   0x0000000000000000 -> 0000000000000000 / 0000000000000000 / 0x000 RWXADS-2M/wr--/M phys-empty
00:02:07.029458 005: empty   0x0000000000000000 -> 0000000000000000 / 0000000000000000 / 0x000 RWXADSG2M/wr--/M phys-empty
00:02:07.029459 006: empty   0x0000000000000000 -> 0000000000000000 / 0000000000000000 / 0x000 RWXADS-2M/wr--/M phys-empty
00:02:07.029460 007: empty   0x0000000000000000 -> 0000000000000000 / 0000000000000000 / 0x000 RWXADSG2M/wr--/M phys-empty
00:02:07.029461 008: empty   0x0000000000000000 -> 0000000000000000 / 0000000000000000 / 0x000 RWXADS-2M/wr--/M phys-empty
00:02:07.029462 009: empty   0x0000000000000000 -> 0000000000000000 / 0000000000000000 / 0x000 RWXADSG2M/wr--/M phys-empty
00:02:07.029463 00a: empty   0x0000000000000000 -> 0000000000000000 / 0000000000000000 / 0x000 RWXADS-2M/wr--/M phys-empty
00:02:07.029464 00b: empty   0x0000000000000000 -> 0000000000000000 / 0000000000000000 / 0x000 RWXADSG2M/wr--/M phys-empty
00:02:07.029465 00c: empty   0x0000000000000000 -> 0000000000000000 / 0000000000000000 / 0x000 RWXADS-2M/wr--/M phys-empty
00:02:07.029466 00d: empty   0x0000000000000000 -> 0000000000000000 / 0000000000000000 / 0x000 RWXADSG2M/wr--/M phys-empty
00:02:07.029467 00e: empty   0x0000000000000000 -> 0000000000000000 / 0000000000000000 / 0x000 RWXADS-2M/wr--/M phys-empty
00:02:07.029468 00f: empty   0x0000000000000000 -> 0000000000000000 / 0000000000000000 / 0x000 RWXADSG2M/wr--/M phys-empty
00:02:07.029469 010: empty   0x0000000000000000 -> 0000000000000000 / 0000000000000000 / 0x000 RWXADS-2M/wr--/M phys-empty
00:02:07.029470 011: empty   0x0000000000000000 -> 0000000000000000 / 0000000000000000 / 0x000 RWXADSG2M/wr--/M phys-empty
00:02:07.029471 012: empty   0x0000000000000000 -> 0000000000000000 / 0000000000000000 / 0x000 RWXADS-2M/wr--/M phys-empty
00:02:07.029472 013: empty   0x0000000000000000 -> 0000000000000000 / 0000000000000000 / 0x000 RWXADSG2M/wr--/M phys-empty
00:02:07.029473 014: empty   0x0000000000000000 -> 0000000000000000 / 0000000000000000 / 0x000 RWXADS-2M/wr--/M phys-empty
00:02:07.029474 015: empty   0x0000000000000000 -> 0000000000000000 / 0000000000000000 / 0x000 RWXADSG2M/wr--/M phys-empty
00:02:07.029475 016: empty   0x0000000000000000 -> 0000000000000000 / 0000000000000000 / 0x000 RWXADS-2M/wr--/M phys-empty
00:02:07.029476 017: empty   0x0000000000000000 -> 0000000000000000 / 0000000000000000 / 0x000 RWXADSG2M/wr--/M phys-empty
00:02:07.029477 018: empty   0x0000000000000000 -> 0000000000000000 / 0000000000000000 / 0x000 RWXADS-2M/wr--/M phys-empty
00:02:07.029478 019: empty   0x0000000000000000 -> 0000000000000000 / 0000000000000000 / 0x000 RWXADSG2M/wr--/M phys-empty
00:02:07.029479 01a: empty   0x0000000000000000 -> 0000000000000000 / 0000000000000000 / 0x000 RWXADS-2M/wr--/M phys-empty
00:02:07.029480 01b: empty   0x0000000000000000 -> 0000000000000000 / 0000000000000000 / 0x000 RWXADSG2M/wr--/M phys-empty
00:02:07.029481 01c: empty   0x0000000000000000 -> 0000000000000000 / 0000000000000000 / 0x000 RWXADS-2M/wr--/M phys-empty
00:02:07.029482 01d: empty   0x0000000000000000 -> 0000000000000000 / 0000000000000000 / 0x000 RWXADSG2M/wr--/M phys-empty
00:02:07.029483 01e: empty   0x0000000000000000 -> 0000000000000000 / 0000000000000000 / 0x000 RWXADS-2M/wr--/M phys-empty
00:02:07.029484 01f: empty   0x0000000000000000 -> 0000000000000000 / 0000000000000000 / 0x000 RWXADSG2M/wr--/M phys-empty
00:02:07.029485 020: empty   0x0000000000000000 -> 0000000000000000 / 0000000000000000 / 0x000 RWXADS-2M/wr--/M phys-empty
00:02:07.029486 021: empty   0x0000000000000000 -> 0000000000000000 / 0000000000000000 / 0x000 RWXADSG2M/wr--/M phys-empty
00:02:07.029487 022: empty   0x0000000000000000 -> 0000000000000000 / 0000000000000000 / 0x000 RWXADS-2M/wr--/M phys-empty
00:02:07.029488 023: empty   0x0000000000000000 -> 0000000000000000 / 0000000000000000 / 0x000 RWXADSG2M/wr--/M phys-empty
00:02:07.029489 024: empty   0x0000000000000000 -> 0000000000000000 / 0000000000000000 / 0x000 RWXADS-2M/wr--/M phys-empty
00:02:07.029490 025: empty   0x0000000000000000 -> 0000000000000000 / 0000000000000000 / 0x000 RWXADSG2M/wr--/M phys-empty
00:02:07.029491 026: empty   0x0000000000000000 -> 0000000000000000 / 0000000000000000 / 0x000 RWXADS-2M/wr--/M phys-empty
00:02:07.029492 027: empty   0x0000000000000000 -> 0000000000000000 / 0000000000000000 / 0x000 RWXADSG2M/wr--/M phys-empty
00:02:07.029493 028: empty   0x0000000000000000 -> 0000000000000000 / 0000000000000000 / 0x000 RWXADS-2M/wr--/M phys-empty
00:02:07.029494 029: empty   0x0000000000000000 -> 0000000000000000 / 0000000000000000 / 0x000 RWXADSG2M/wr--/M phys-empty
00:02:07.029495 02a: empty   0x0000000000000000 -> 0000000000000000 / 0000000000000000 / 0x000 RWXADS-2M/wr--/M phys-empty
00:02:07.029496 02b: empty   0x0000000000000000 -> 0000000000000000 / 0000000000000000 / 0x000 RWXADSG2M/wr--/M phys-empty
00:02:07.029497 02c: empty   0x0000000000000000 -> 0000000000000000 / 0000000000000000 / 0x000 RWXADS-2M/wr--/M phys-empty
00:02:07.029498 02d: empty   0x0000000000000000 -> 0000000000000000 / 0000000000000000 / 0x000 RWXADSG2M/wr--/M phys-empty
00:02:07.029499 02e: empty   0x0000000000000000 -> 0000000000000000 / 0000000000000000 / 0x000 RWXADS-2M/wr--/M phys-empty
00:02:07.029500 02f: empty   0x0000000000000000 -> 0000000000000000 / 0000000000000000 / 0x000 RWXADSG2M/wr--/M phys-empty
00:02:07.029501 030: empty   0x0000000000000000 -> 0000000000000000 / 0000000000000000 / 0x000 RWXADS-2M/wr--/M phys-empty
00:02:07.029502 031: empty   0x0000000000000000 -> 0000000000000000 / 0000000000000000 / 0x000 RWXADSG2M/wr--/M phys-empty
00:02:07.029503 032: empty   0x0000000000000000 -> 0000000000000000 / 0000000000000000 / 0x000 RWXADS-2M/wr--/M phys-empty
00:02:07.029504 033: empty   0x0000000000000000 -> 0000000000000000 / 0000000000000000 / 0x000 RWXADSG2M/wr--/M phys-empty
00:02:07.029505 034: empty   0x0000000000000000 -> 0000000000000000 / 0000000000000000 / 0x000 RWXADS-2M/wr--/M phys-empty
00:02:07.029506 035: empty   0x0000000000000000 -> 0000000000000000 / 0000000000000000 / 0x000 RWXADSG2M/wr--/M phys-empty
00:02:07.029507 036: empty   0x0000000000000000 -> 0000000000000000 / 0000000000000000 / 0x000 RWXADS-2M/wr--/M phys-empty
00:02:07.029508 037: empty   0x0000000000000000 -> 0000000000000000 / 0000000000000000 / 0x000 RWXADSG2M/wr--/M phys-empty
00:02:07.029509 038: empty   0x0000000000000000 -> 0000000000000000 / 0000000000000000 / 0x000 RWXADS-2M/wr--/M phys-empty
00:02:07.029510 039: empty   0x0000000000000000 -> 0000000000000000 / 0000000000000000 / 0x000 RWXADSG2M/wr--/M phys-empty
00:02:07.029511 03a: empty   0x0000000000000000 -> 0000000000000000 / 0000000000000000 / 0x000 RWXADS-2M/wr--/M phys-empty
00:02:07.029512 03b: empty   0x0000000000000000 -> 0000000000000000 / 0000000000000000 / 0x000 RWXADSG2M/wr--/M phys-empty
00:02:07.029513 03c: empty   0x0000000000000000 -> 0000000000000000 / 0000000000000000 / 0x000 RWXADS-2M/wr--/M phys-empty
00:02:07.029514 03d: empty   0x0000000000000000 -> 0000000000000000 / 0000000000000000 / 0x000 RWXADSG2M/wr--/M phys-empty
00:02:07.029515 03e: empty   0x0000000000000000 -> 0000000000000000 / 0000000000000000 / 0x000 RWXADS-2M/wr--/M phys-empty
00:02:07.029516 03f: empty   0x0000000000000000 -> 0000000000000000 / 0000000000000000 / 0x000 RWXADSG2M/wr--/M phys-empty
00:02:07.029517 040: empty   0x0000000000000000 -> 0000000000000000 / 0000000000000000 / 0x000 RWXADS-2M/wr--/M phys-empty
00:02:07.029518 041: empty   0x0000000000000000 -> 0000000000000000 / 0000000000000000 / 0x000 RWXADSG2M/wr--/M phys-empty
00:02:07.029519 042: empty   0x0000000000000000 -> 0000000000000000 / 0000000000000000 / 0x000 RWXADS-2M/wr--/M phys-empty
00:02:07.029520 043: empty   0x0000000000000000 -> 0000000000000000 / 0000000000000000 / 0x000 RWXADSG2M/wr--/M phys-empty
00:02:07.029520 044: empty   0x0000000000000000 -> 0000000000000000 / 0000000000000000 / 0x000 RWXADS-2M/wr--/M phys-empty
00:02:07.029521 045: empty   0x0000000000000000 -> 0000000000000000 / 0000000000000000 / 0x000 RWXADSG2M/wr--/M phys-empty
00:02:07.029522 046: empty   0x0000000000000000 -> 0000000000000000 / 0000000000000000 / 0x000 RWXADS-2M/wr--/M phys-empty
00:02:07.029523 047: empty   0x0000000000000000 -> 0000000000000000 / 0000000000000000 / 0x000 RWXADSG2M/wr--/M phys-empty
00:02:07.029524 048: empty   0x0000000000000000 -> 0000000000000000 / 0000000000000000 / 0x000 RWXADS-2M/wr--/M phys-empty
00:02:07.029525 049: empty   0x0000000000000000 -> 0000000000000000 / 0000000000000000 / 0x000 RWXADSG2M/wr--/M phys-empty
00:02:07.029526 04a: empty   0x0000000000000000 -> 0000000000000000 / 0000000000000000 / 0x000 RWXADS-2M/wr--/M phys-empty
00:02:07.029527 04b: empty   0x0000000000000000 -> 0000000000000000 / 0000000000000000 / 0x000 RWXADSG2M/wr--/M phys-empty
00:02:07.029528 04c: empty   0x0000000000000000 -> 0000000000000000 / 0000000000000000 / 0x000 RWXADS-2M/wr--/M phys-empty
00:02:07.029529 04d: empty   0x0000000000000000 -> 0000000000000000 / 0000000000000000 / 0x000 RWXADSG2M/wr--/M phys-empty
00:02:07.029530 04e: empty   0x0000000000000000 -> 0000000000000000 / 0000000000000000 / 0x000 RWXADS-2M/wr--/M phys-empty
00:02:07.029531 04f: empty   0x0000000000000000 -> 0000000000000000 / 0000000000000000 / 0x000 RWXADSG2M/wr--/M phys-empty
00:02:07.029532 050: empty   0x0000000000000000 -> 0000000000000000 / 0000000000000000 / 0x000 RWXADS-2M/wr--/M phys-empty
00:02:07.029533 051: empty   0x0000000000000000 -> 0000000000000000 / 0000000000000000 / 0x000 RWXADSG2M/wr--/M phys-empty
00:02:07.029534 052: empty   0x0000000000000000 -> 0000000000000000 / 0000000000000000 / 0x000 RWXADS-2M/wr--/M phys-empty
00:02:07.029535 053: empty   0x0000000000000000 -> 0000000000000000 / 0000000000000000 / 0x000 RWXADSG2M/wr--/M phys-empty
00:02:07.029536 054: empty   0x0000000000000000 -> 0000000000000000 / 0000000000000000 / 0x000 RWXADS-2M/wr--/M phys-empty
00:02:07.029537 055: empty   0x0000000000000000 -> 0000000000000000 / 0000000000000000 / 0x000 RWXADSG2M/wr--/M phys-empty
00:02:07.029538 056: empty   0x0000000000000000 -> 0000000000000000 / 0000000000000000 / 0x000 RWXADS-2M/wr--/M phys-empty
00:02:07.029539 057: empty   0x0000000000000000 -> 0000000000000000 / 0000000000000000 / 0x000 RWXADSG2M/wr--/M phys-empty
00:02:07.029540 058: empty   0x0000000000000000 -> 0000000000000000 / 0000000000000000 / 0x000 RWXADS-2M/wr--/M phys-empty
00:02:07.029541 059: empty   0x0000000000000000 -> 0000000000000000 / 0000000000000000 / 0x000 RWXADSG2M/wr--/M phys-empty
00:02:07.029542 05a: empty   0x0000000000000000 -> 0000000000000000 / 0000000000000000 / 0x000 RWXADS-2M/wr--/M phys-empty
00:02:07.029543 05b: empty   0x0000000000000000 -> 0000000000000000 / 0000000000000000 / 0x000 RWXADSG2M/wr--/M phys-empty
00:02:07.029544 05c: empty   0x0000000000000000 -> 0000000000000000 / 0000000000000000 / 0x000 RWXADS-2M/wr--/M phys-empty
00:02:07.029545 05d: empty   0x0000000000000000 -> 0000000000000000 / 0000000000000000 / 0x000 RWXADSG2M/wr--/M phys-empty
00:02:07.029546 05e: empty   0x0000000000000000 -> 0000000000000000 / 0000000000000000 / 0x000 RWXADS-2M/wr--/M phys-empty
00:02:07.029547 05f: empty   0x0000000000000000 -> 0000000000000000 / 0000000000000000 / 0x000 RWXADSG2M/wr--/M phys-empty
00:02:07.029548 060: empty   0x0000000000000000 -> 0000000000000000 / 0000000000000000 / 0x000 RWXADS-2M/wr--/M phys-empty
00:02:07.029549 061: empty   0x0000000000000000 -> 0000000000000000 / 0000000000000000 / 0x000 RWXADSG2M/wr--/M phys-empty
00:02:07.029550 062: empty   0x0000000000000000 -> 0000000000000000 / 0000000000000000 / 0x000 RWXADS-2M/wr--/M phys-empty
00:02:07.029551 063: empty   0x0000000000000000 -> 0000000000000000 / 0000000000000000 / 0x000 RWXADSG2M/wr--/M phys-empty
00:02:07.029552 064: empty   0x0000000000000000 -> 0000000000000000 / 0000000000000000 / 0x000 RWXADS-2M/wr--/M phys-empty
00:02:07.029553 065: empty   0x0000000000000000 -> 0000000000000000 / 0000000000000000 / 0x000 RWXADSG2M/wr--/M phys-empty
00:02:07.029554 066: empty   0x0000000000000000 -> 0000000000000000 / 0000000000000000 / 0x000 RWXADS-2M/wr--/M phys-empty
00:02:07.029555 067: empty   0x0000000000000000 -> 0000000000000000 / 0000000000000000 / 0x000 RWXADSG2M/wr--/M phys-empty
00:02:07.029556 068: empty   0x0000000000000000 -> 0000000000000000 / 0000000000000000 / 0x000 RWXADS-2M/wr--/M phys-empty
00:02:07.029557 069: empty   0x0000000000000000 -> 0000000000000000 / 0000000000000000 / 0x000 RWXADSG2M/wr--/M phys-empty
00:02:07.029558 06a: empty   0x0000000000000000 -> 0000000000000000 / 0000000000000000 / 0x000 RWXADS-2M/wr--/M phys-empty
00:02:07.029559 06b: empty   0x0000000000000000 -> 0000000000000000 / 0000000000000000 / 0x000 RWXADSG2M/wr--/M phys-empty
00:02:07.029560 06c: empty   0x0000000000000000 -> 0000000000000000 / 0000000000000000 / 0x000 RWXADS-2M/wr--/M phys-empty
00:02:07.029561 06d: empty   0x0000000000000000 -> 0000000000000000 / 0000000000000000 / 0x000 RWXADSG2M/wr--/M phys-empty
00:02:07.029562 06e: empty   0x0000000000000000 -> 0000000000000000 / 0000000000000000 / 0x000 RWXADS-2M/wr--/M phys-empty
00:02:07.029563 06f: empty   0x0000000000000000 -> 0000000000000000 / 0000000000000000 / 0x000 RWXADSG2M/wr--/M phys-empty
00:02:07.029564 070: empty   0x0000000000000000 -> 0000000000000000 / 0000000000000000 / 0x000 RWXADS-2M/wr--/M phys-empty
00:02:07.029564 071: empty   0x0000000000000000 -> 0000000000000000 / 0000000000000000 / 0x000 RWXADSG2M/wr--/M phys-empty
00:02:07.029565 072: empty   0x0000000000000000 -> 0000000000000000 / 0000000000000000 / 0x000 RWXADS-2M/wr--/M phys-empty
00:02:07.029566 073: empty   0x0000000000000000 -> 0000000000000000 / 0000000000000000 / 0x000 RWXADSG2M/wr--/M phys-empty
00:02:07.029567 074: empty   0x0000000000000000 -> 0000000000000000 / 0000000000000000 / 0x000 RWXADS-2M/wr--/M phys-empty
00:02:07.029568 075: empty   0x0000000000000000 -> 0000000000000000 / 0000000000000000 / 0x000 RWXADSG2M/wr--/M phys-empty
00:02:07.029569 076: empty   0x0000000000000000 -> 0000000000000000 / 0000000000000000 / 0x000 RWXADS-2M/wr--/M phys-empty
00:02:07.029570 077: empty   0x0000000000000000 -> 0000000000000000 / 0000000000000000 / 0x000 RWXADSG2M/wr--/M phys-empty
00:02:07.029571 078: empty   0x0000000000000000 -> 0000000000000000 / 0000000000000000 / 0x000 RWXADS-2M/wr--/M phys-empty
00:02:07.029572 079: empty   0x0000000000000000 -> 0000000000000000 / 0000000000000000 / 0x000 RWXADSG2M/wr--/M phys-empty
00:02:07.029573 07a: empty   0x0000000000000000 -> 0000000000000000 / 0000000000000000 / 0x000 RWXADS-2M/wr--/M phys-empty
00:02:07.029574 07b: empty   0x0000000000000000 -> 0000000000000000 / 0000000000000000 / 0x000 RWXADSG2M/wr--/M phys-empty
00:02:07.029575 07c: empty   0x0000000000000000 -> 0000000000000000 / 0000000000000000 / 0x000 RWXADS-2M/wr--/M phys-empty
00:02:07.029576 07d: empty   0x0000000000000000 -> 0000000000000000 / 0000000000000000 / 0x000 RWXADSG2M/wr--/M phys-empty
00:02:07.029577 07e: empty   0x0000000000000000 -> 0000000000000000 / 0000000000000000 / 0x000 RWXADS-2M/wr--/M phys-empty
00:02:07.029578 07f: empty   0x0000000000000000 -> 0000000000000000 / 0000000000000000 / 0x000 RWXADSG2M/wr--/M phys-empty
00:02:07.029579 080: empty   0x0000000000000000 -> 0000000000000000 / 0000000000000000 / 0x000 RWXADS-2M/wr--/M phys-empty
00:02:07.029580 081: empty   0x0000000000000000 -> 0000000000000000 / 0000000000000000 / 0x000 RWXADSG2M/wr--/M phys-empty
00:02:07.029581 082: empty   0x0000000000000000 -> 0000000000000000 / 0000000000000000 / 0x000 RWXADS-2M/wr--/M phys-empty
00:02:07.029582 083: empty   0x0000000000000000 -> 0000000000000000 / 0000000000000000 / 0x000 RWXADSG2M/wr--/M phys-empty
00:02:07.029583 084: empty   0x0000000000000000 -> 0000000000000000 / 0000000000000000 / 0x000 RWXADS-2M/wr--/M phys-empty
00:02:07.029584 085: empty   0x0000000000000000 -> 0000000000000000 / 0000000000000000 / 0x000 RWXADSG2M/wr--/M phys-empty
00:02:07.029585 086: empty   0x0000000000000000 -> 0000000000000000 / 0000000000000000 / 0x000 RWXADS-2M/wr--/M phys-empty
00:02:07.029586 087: empty   0x0000000000000000 -> 0000000000000000 / 0000000000000000 / 0x000 RWXADSG2M/wr--/M phys-empty
00:02:07.029587 088: empty   0x0000000000000000 -> 0000000000000000 / 0000000000000000 / 0x000 RWXADS-2M/wr--/M phys-empty
00:02:07.029588 089: empty   0x0000000000000000 -> 0000000000000000 / 0000000000000000 / 0x000 RWXADSG2M/wr--/M phys-empty
00:02:07.029589 08a: empty   0x0000000000000000 -> 0000000000000000 / 0000000000000000 / 0x000 RWXADS-2M/wr--/M phys-empty
00:02:07.029590 08b: empty   0x0000000000000000 -> 0000000000000000 / 0000000000000000 / 0x000 RWXADSG2M/wr--/M phys-empty
00:02:07.029591 08c: empty   0x0000000000000000 -> 0000000000000000 / 0000000000000000 / 0x000 RWXADS-2M/wr--/M phys-empty
00:02:07.029592 08d: empty   0x0000000000000000 -> 0000000000000000 / 0000000000000000 / 0x000 RWXADSG2M/wr--/M phys-empty
00:02:07.029593 08e: empty   0x0000000000000000 -> 0000000000000000 / 0000000000000000 / 0x000 RWXADS-2M/wr--/M phys-empty
00:02:07.029594 08f: empty   0x0000000000000000 -> 0000000000000000 / 0000000000000000 / 0x000 RWXADSG2M/wr--/M phys-empty
00:02:07.029595 090: empty   0x0000000000000000 -> 0000000000000000 / 0000000000000000 / 0x000 RWXADS-2M/wr--/M phys-empty
00:02:07.029596 091: empty   0x0000000000000000 -> 0000000000000000 / 0000000000000000 / 0x000 RWXADSG2M/wr--/M phys-empty
00:02:07.029597 092: empty   0x0000000000000000 -> 0000000000000000 / 0000000000000000 / 0x000 RWXADS-2M/wr--/M phys-empty
00:02:07.029598 093: empty   0x0000000000000000 -> 0000000000000000 / 0000000000000000 / 0x000 RWXADSG2M/wr--/M phys-empty
00:02:07.029599 094: empty   0x0000000000000000 -> 0000000000000000 / 0000000000000000 / 0x000 RWXADS-2M/wr--/M phys-empty
00:02:07.029600 095: empty   0x0000000000000000 -> 0000000000000000 / 0000000000000000 / 0x000 RWXADSG2M/wr--/M phys-empty
00:02:07.029601 096: empty   0x0000000000000000 -> 0000000000000000 / 0000000000000000 / 0x000 RWXADS-2M/wr--/M phys-empty
00:02:07.029602 097: empty   0x0000000000000000 -> 0000000000000000 / 0000000000000000 / 0x000 RWXADSG2M/wr--/M phys-empty
00:02:07.029603 098: empty   0x0000000000000000 -> 0000000000000000 / 0000000000000000 / 0x000 RWXADS-2M/wr--/M phys-empty
00:02:07.029604 099: empty   0x0000000000000000 -> 0000000000000000 / 0000000000000000 / 0x000 RWXADSG2M/wr--/M phys-empty
00:02:07.029605 09a: empty   0x0000000000000000 -> 0000000000000000 / 0000000000000000 / 0x000 RWXADS-2M/wr--/M phys-empty
00:02:07.029606 09b: empty   0x0000000000000000 -> 0000000000000000 / 0000000000000000 / 0x000 RWXADSG2M/wr--/M phys-empty
00:02:07.029606 09c: empty   0x0000000000000000 -> 0000000000000000 / 0000000000000000 / 0x000 RWXADS-2M/wr--/M phys-empty
00:02:07.029607 09d: empty   0x0000000000000000 -> 0000000000000000 / 0000000000000000 / 0x000 RWXADSG2M/wr--/M phys-empty
00:02:07.029608 09e: empty   0x0000000000000000 -> 0000000000000000 / 0000000000000000 / 0x000 RWXADS-2M/wr--/M phys-empty
00:02:07.029609 09f: empty   0x0000000000000000 -> 0000000000000000 / 0000000000000000 / 0x000 RWXADSG2M/wr--/M phys-empty
00:02:07.029610 0a0: empty   0x0000000000000000 -> 0000000000000000 / 0000000000000000 / 0x000 RWXADS-2M/wr--/M phys-empty
00:02:07.029611 0a1: empty   0x0000000000000000 -> 0000000000000000 / 0000000000000000 / 0x000 RWXADSG2M/wr--/M phys-empty
00:02:07.029612 0a2: empty   0x0000000000000000 -> 0000000000000000 / 0000000000000000 / 0x000 RWXADS-2M/wr--/M phys-empty
00:02:07.029613 0a3: empty   0x0000000000000000 -> 0000000000000000 / 0000000000000000 / 0x000 RWXADSG2M/wr--/M phys-empty
00:02:07.029614 0a4: empty   0x0000000000000000 -> 0000000000000000 / 0000000000000000 / 0x000 RWXADS-2M/wr--/M phys-empty
00:02:07.029615 0a5: empty   0x0000000000000000 -> 0000000000000000 / 0000000000000000 / 0x000 RWXADSG2M/wr--/M phys-empty
00:02:07.029616 0a6: empty   0x0000000000000000 -> 0000000000000000 / 0000000000000000 / 0x000 RWXADS-2M/wr--/M phys-empty
00:02:07.029617 0a7: empty   0x0000000000000000 -> 0000000000000000 / 0000000000000000 / 0x000 RWXADSG2M/wr--/M phys-empty
00:02:07.029618 0a8: empty   0x0000000000000000 -> 0000000000000000 / 0000000000000000 / 0x000 RWXADS-2M/wr--/M phys-empty
00:02:07.029619 0a9: empty   0x0000000000000000 -> 0000000000000000 / 0000000000000000 / 0x000 RWXADSG2M/wr--/M phys-empty
00:02:07.029620 0aa: empty   0x0000000000000000 -> 0000000000000000 / 0000000000000000 / 0x000 RWXADS-2M/wr--/M phys-empty
00:02:07.029621 0ab: empty   0x0000000000000000 -> 0000000000000000 / 0000000000000000 / 0x000 RWXADSG2M/wr--/M phys-empty
00:02:07.029622 0ac: empty   0x0000000000000000 -> 0000000000000000 / 0000000000000000 / 0x000 RWXADS-2M/wr--/M phys-empty
00:02:07.029623 0ad: empty   0x0000000000000000 -> 0000000000000000 / 0000000000000000 / 0x000 RWXADSG2M/wr--/M phys-empty
00:02:07.029624 0ae: empty   0x0000000000000000 -> 0000000000000000 / 0000000000000000 / 0x000 RWXADS-2M/wr--/M phys-empty
00:02:07.029625 0af: empty   0x0000000000000000 -> 0000000000000000 / 0000000000000000 / 0x000 RWXADSG2M/wr--/M phys-empty
00:02:07.029626 0b0: empty   0x0000000000000000 -> 0000000000000000 / 0000000000000000 / 0x000 RWXADS-2M/wr--/M phys-empty
00:02:07.029627 0b1: empty   0x0000000000000000 -> 0000000000000000 / 0000000000000000 / 0x000 RWXADSG2M/wr--/M phys-empty
00:02:07.029628 0b2: empty   0x0000000000000000 -> 0000000000000000 / 0000000000000000 / 0x000 RWXADS-2M/wr--/M phys-empty
00:02:07.029629 0b3: empty   0x0000000000000000 -> 0000000000000000 / 0000000000000000 / 0x000 RWXADSG2M/wr--/M phys-empty
00:02:07.029630 0b4: empty   0x0000000000000000 -> 0000000000000000 / 0000000000000000 / 0x000 RWXADS-2M/wr--/M phys-empty
00:02:07.029631 0b5: empty   0x0000000000000000 -> 0000000000000000 / 0000000000000000 / 0x000 RWXADSG2M/wr--/M phys-empty
00:02:07.029632 0b6: empty   0x0000000000000000 -> 0000000000000000 / 0000000000000000 / 0x000 RWXADS-2M/wr--/M phys-empty
00:02:07.029633 0b7: empty   0x0000000000000000 -> 0000000000000000 / 0000000000000000 / 0x000 RWXADSG2M/wr--/M phys-empty
00:02:07.029634 0b8: empty   0x0000000000000000 -> 0000000000000000 / 0000000000000000 / 0x000 RWXADS-2M/wr--/M phys-empty
00:02:07.029635 0b9: empty   0x0000000000000000 -> 0000000000000000 / 0000000000000000 / 0x000 RWXADSG2M/wr--/M phys-empty
00:02:07.029635 0ba: empty   0x0000000000000000 -> 0000000000000000 / 0000000000000000 / 0x000 RWXADS-2M/wr--/M phys-empty
00:02:07.029636 0bb: empty   0x0000000000000000 -> 0000000000000000 / 0000000000000000 / 0x000 RWXADSG2M/wr--/M phys-empty
00:02:07.029637 0bc: empty   0x0000000000000000 -> 0000000000000000 / 0000000000000000 / 0x000 RWXADS-2M/wr--/M phys-empty
00:02:07.029638 0bd: empty   0x0000000000000000 -> 0000000000000000 / 0000000000000000 / 0x000 RWXADSG2M/wr--/M phys-empty
00:02:07.029639 0be: empty   0x0000000000000000 -> 0000000000000000 / 0000000000000000 / 0x000 RWXADS-2M/wr--/M phys-empty
00:02:07.029640 0bf: empty   0x0000000000000000 -> 0000000000000000 / 0000000000000000 / 0x000 RWXADSG2M/wr--/M phys-empty
00:02:07.029641 0c0: empty   0x0000000000000000 -> 0000000000000000 / 0000000000000000 / 0x000 RWXADS-2M/wr--/M phys-empty
00:02:07.029642 0c1: empty   0x0000000000000000 -> 0000000000000000 / 0000000000000000 / 0x000 RWXADSG2M/wr--/M phys-empty
00:02:07.029643 0c2: empty   0x0000000000000000 -> 0000000000000000 / 0000000000000000 / 0x000 RWXADS-2M/wr--/M phys-empty
00:02:07.029644 0c3: empty   0x0000000000000000 -> 0000000000000000 / 0000000000000000 / 0x000 RWXADSG2M/wr--/M phys-empty
00:02:07.029645 0c4: empty   0x0000000000000000 -> 0000000000000000 / 0000000000000000 / 0x000 RWXADS-2M/wr--/M phys-empty
00:02:07.029646 0c5: empty   0x0000000000000000 -> 0000000000000000 / 0000000000000000 / 0x000 RWXADSG2M/wr--/M phys-empty
00:02:07.029647 0c6: empty   0x0000000000000000 -> 0000000000000000 / 0000000000000000 / 0x000 RWXADS-2M/wr--/M phys-empty
00:02:07.029648 0c7: empty   0x0000000000000000 -> 0000000000000000 / 0000000000000000 / 0x000 RWXADSG2M/wr--/M phys-empty
00:02:07.029649 0c8: empty   0x0000000000000000 -> 0000000000000000 / 0000000000000000 / 0x000 RWXADS-2M/wr--/M phys-empty
00:02:07.029650 0c9: empty   0x0000000000000000 -> 0000000000000000 / 0000000000000000 / 0x000 RWXADSG2M/wr--/M phys-empty
00:02:07.029651 0ca: empty   0x0000000000000000 -> 0000000000000000 / 0000000000000000 / 0x000 RWXADS-2M/wr--/M phys-empty
00:02:07.029652 0cb: empty   0x0000000000000000 -> 0000000000000000 / 0000000000000000 / 0x000 RWXADSG2M/wr--/M phys-empty
00:02:07.029653 0cc: empty   0x0000000000000000 -> 0000000000000000 / 0000000000000000 / 0x000 RWXADS-2M/wr--/M phys-empty
00:02:07.029654 0cd: empty   0x0000000000000000 -> 0000000000000000 / 0000000000000000 / 0x000 RWXADSG2M/wr--/M phys-empty
00:02:07.029655 0ce: empty   0x0000000000000000 -> 0000000000000000 / 0000000000000000 / 0x000 RWXADS-2M/wr--/M phys-empty
00:02:07.029656 0cf: empty   0x0000000000000000 -> 0000000000000000 / 0000000000000000 / 0x000 RWXADSG2M/wr--/M phys-empty
00:02:07.029657 0d0: empty   0x0000000000000000 -> 0000000000000000 / 0000000000000000 / 0x000 RWXADS-2M/wr--/M phys-empty
00:02:07.029658 0d1: empty   0x0000000000000000 -> 0000000000000000 / 0000000000000000 / 0x000 RWXADSG2M/wr--/M phys-empty
00:02:07.029659 0d2: empty   0x0000000000000000 -> 0000000000000000 / 0000000000000000 / 0x000 RWXADS-2M/wr--/M phys-empty
00:02:07.029660 0d3: empty   0x0000000000000000 -> 0000000000000000 / 0000000000000000 / 0x000 RWXADSG2M/wr--/M phys-empty
00:02:07.029661 0d4: empty   0x0000000000000000 -> 0000000000000000 / 0000000000000000 / 0x000 RWXADS-2M/wr--/M phys-empty
00:02:07.029662 0d5: empty   0x0000000000000000 -> 0000000000000000 / 0000000000000000 / 0x000 RWXADSG2M/wr--/M phys-empty
00:02:07.029663 0d6: empty   0x0000000000000000 -> 0000000000000000 / 0000000000000000 / 0x000 RWXADS-2M/wr--/M phys-empty
00:02:07.029664 0d7: empty   0x0000000000000000 -> 0000000000000000 / 0000000000000000 / 0x000 RWXADSG2M/wr--/M phys-empty
00:02:07.029665 0d8: empty   0x0000000000000000 -> 0000000000000000 / 0000000000000000 / 0x000 RWXADS-2M/wr--/M phys-empty
00:02:07.029665 0d9: empty   0x0000000000000000 -> 0000000000000000 / 0000000000000000 / 0x000 RWXADSG2M/wr--/M phys-empty
00:02:07.029666 0da: empty   0x0000000000000000 -> 0000000000000000 / 0000000000000000 / 0x000 RWXADS-2M/wr--/M phys-empty
00:02:07.029667 0db: empty   0x0000000000000000 -> 0000000000000000 / 0000000000000000 / 0x000 RWXADSG2M/wr--/M phys-empty
00:02:07.029668 0dc: empty   0x0000000000000000 -> 0000000000000000 / 0000000000000000 / 0x000 RWXADS-2M/wr--/M phys-empty
00:02:07.029669 0dd: empty   0x0000000000000000 -> 0000000000000000 / 0000000000000000 / 0x000 RWXADSG2M/wr--/M phys-empty
00:02:07.029670 0de: empty   0x0000000000000000 -> 0000000000000000 / 0000000000000000 / 0x000 RWXADS-2M/wr--/M phys-empty
00:02:07.029671 0df: empty   0x0000000000000000 -> 0000000000000000 / 0000000000000000 / 0x000 RWXADSG2M/wr--/M phys-empty
00:02:07.029672 0e0: empty   0x0000000000000000 -> 0000000000000000 / 0000000000000000 / 0x000 RWXADS-2M/wr--/M phys-empty
00:02:07.029673 0e1: empty   0x0000000000000000 -> 0000000000000000 / 0000000000000000 / 0x000 RWXADSG2M/wr--/M phys-empty
00:02:07.029674 0e2: empty   0x0000000000000000 -> 0000000000000000 / 0000000000000000 / 0x000 RWXADS-2M/wr--/M phys-empty
00:02:07.029675 0e3: empty   0x0000000000000000 -> 0000000000000000 / 0000000000000000 / 0x000 RWXADSG2M/wr--/M phys-empty
00:02:07.029676 0e4: empty   0x0000000000000000 -> 0000000000000000 / 0000000000000000 / 0x000 RWXADS-2M/wr--/M phys-empty
00:02:07.029677 0e5: empty   0x0000000000000000 -> 0000000000000000 / 0000000000000000 / 0x000 RWXADSG2M/wr--/M phys-empty
00:02:07.029678 0e6: empty   0x0000000000000000 -> 0000000000000000 / 0000000000000000 / 0x000 RWXADS-2M/wr--/M phys-empty
00:02:07.029679 0e7: empty   0x0000000000000000 -> 0000000000000000 / 0000000000000000 / 0x000 RWXADSG2M/wr--/M phys-empty
00:02:07.029680 0e8: empty   0x0000000000000000 -> 0000000000000000 / 0000000000000000 / 0x000 RWXADS-2M/wr--/M phys-empty
00:02:07.029681 0e9: empty   0x0000000000000000 -> 0000000000000000 / 0000000000000000 / 0x000 RWXADSG2M/wr--/M phys-empty
00:02:07.029682 0ea: empty   0x0000000000000000 -> 0000000000000000 / 0000000000000000 / 0x000 RWXADS-2M/wr--/M phys-empty
00:02:07.029683 0eb: empty   0x0000000000000000 -> 0000000000000000 / 0000000000000000 / 0x000 RWXADSG2M/wr--/M phys-empty
00:02:07.029684 0ec: empty   0x0000000000000000 -> 0000000000000000 / 0000000000000000 / 0x000 RWXADS-2M/wr--/M phys-empty
00:02:07.029685 0ed: empty   0x0000000000000000 -> 0000000000000000 / 0000000000000000 / 0x000 RWXADSG2M/wr--/M phys-empty
00:02:07.029686 0ee: empty   0x0000000000000000 -> 0000000000000000 / 0000000000000000 / 0x000 RWXADS-2M/wr--/M phys-empty
00:02:07.029687 0ef: empty   0x0000000000000000 -> 0000000000000000 / 0000000000000000 / 0x000 RWXADSG2M/wr--/M phys-empty
00:02:07.029688 0f0: empty   0x0000000000000000 -> 0000000000000000 / 0000000000000000 / 0x000 RWXADS-2M/wr--/M phys-empty
00:02:07.029688 0f1: empty   0x0000000000000000 -> 0000000000000000 / 0000000000000000 / 0x000 RWXADSG2M/wr--/M phys-empty
00:02:07.029689 0f2: empty   0x0000000000000000 -> 0000000000000000 / 0000000000000000 / 0x000 RWXADS-2M/wr--/M phys-empty
00:02:07.029690 0f3: empty   0x0000000000000000 -> 0000000000000000 / 0000000000000000 / 0x000 RWXADSG2M/wr--/M phys-empty
00:02:07.029691 0f4: empty   0x0000000000000000 -> 0000000000000000 / 0000000000000000 / 0x000 RWXADS-2M/wr--/M phys-empty
00:02:07.029692 0f5: empty   0x0000000000000000 -> 0000000000000000 / 0000000000000000 / 0x000 RWXADSG2M/wr--/M phys-empty
00:02:07.029693 0f6: empty   0x0000000000000000 -> 0000000000000000 / 0000000000000000 / 0x000 RWXADS-2M/wr--/M phys-empty
00:02:07.029694 0f7: empty   0x0000000000000000 -> 0000000000000000 / 0000000000000000 / 0x000 RWXADSG2M/wr--/M phys-empty
00:02:07.029695 0f8: empty   0x0000000000000000 -> 0000000000000000 / 0000000000000000 / 0x000 RWXADS-2M/wr--/M phys-empty
00:02:07.029696 0f9: empty   0x0000000000000000 -> 0000000000000000 / 0000000000000000 / 0x000 RWXADSG2M/wr--/M phys-empty
00:02:07.029697 0fa: empty   0x0000000000000000 -> 0000000000000000 / 0000000000000000 / 0x000 RWXADS-2M/wr--/M phys-empty
00:02:07.029698 0fb: empty   0x0000000000000000 -> 0000000000000000 / 0000000000000000 / 0x000 RWXADSG2M/wr--/M phys-empty
00:02:07.029699 0fc: empty   0x0000000000000000 -> 0000000000000000 / 0000000000000000 / 0x000 RWXADS-2M/wr--/M phys-empty
00:02:07.029700 0fd: empty   0x0000000000000000 -> 0000000000000000 / 0000000000000000 / 0x000 RWXADSG2M/wr--/M phys-empty
00:02:07.029701 0fe: empty   0x0000000000000000 -> 0000000000000000 / 0000000000000000 / 0x000 RWXADS-2M/wr--/M phys-empty
00:02:07.029702 0ff: empty   0x0000000000000000 -> 0000000000000000 / 0000000000000000 / 0x000 RWXADSG2M/wr--/M phys-empty
00:02:07.029703 100: empty   0x0000000000000000 -> 0000000000000000 / 0000000000000000 / 0x000 RWXADS-2M/wr--/M phys-empty
00:02:07.029704 101: empty   0x0000000000000000 -> 0000000000000000 / 0000000000000000 / 0x000 RWXADSG2M/wr--/M phys-empty
00:02:07.029705 102: empty   0x0000000000000000 -> 0000000000000000 / 0000000000000000 / 0x000 RWXADS-2M/wr--/M phys-empty
00:02:07.029706 103: empty   0x0000000000000000 -> 0000000000000000 / 0000000000000000 / 0x000 RWXADSG2M/wr--/M phys-empty
00:02:07.029707 104: empty   0x0000000000000000 -> 0000000000000000 / 0000000000000000 / 0x000 RWXADS-2M/wr--/M phys-empty
00:02:07.029708 105: empty   0x0000000000000000 -> 0000000000000000 / 0000000000000000 / 0x000 RWXADSG2M/wr--/M phys-empty
00:02:07.029709 106: empty   0x0000000000000000 -> 0000000000000000 / 0000000000000000 / 0x000 RWXADS-2M/wr--/M phys-empty
00:02:07.029710 107: empty   0x0000000000000000 -> 0000000000000000 / 0000000000000000 / 0x000 RWXADSG2M/wr--/M phys-empty
00:02:07.029711 108: empty   0x0000000000000000 -> 0000000000000000 / 0000000000000000 / 0x000 RWXADS-2M/wr--/M phys-empty
00:02:07.029712 109: empty   0x0000000000000000 -> 0000000000000000 / 0000000000000000 / 0x000 RWXADSG2M/wr--/M phys-empty
00:02:07.029713 10a: empty   0x0000000000000000 -> 0000000000000000 / 0000000000000000 / 0x000 RWXADS-2M/wr--/M phys-empty
00:02:07.029714 10b: empty   0x0000000000000000 -> 0000000000000000 / 0000000000000000 / 0x000 RWXADSG2M/wr--/M phys-empty
00:02:07.029715 10c: empty   0x0000000000000000 -> 0000000000000000 / 0000000000000000 / 0x000 RWXADS-2M/wr--/M phys-empty
00:02:07.029716 10d: empty   0x0000000000000000 -> 0000000000000000 / 0000000000000000 / 0x000 RWXADSG2M/wr--/M phys-empty
00:02:07.029717 10e: empty   0x0000000000000000 -> 0000000000000000 / 0000000000000000 / 0x000 RWXADS-2M/wr--/M phys-empty
00:02:07.029718 10f: empty   0x0000000000000000 -> 0000000000000000 / 0000000000000000 / 0x000 RWXADSG2M/wr--/M phys-empty
00:02:07.029719 110: empty   0x0000000000000000 -> 0000000000000000 / 0000000000000000 / 0x000 RWXADS-2M/wr--/M phys-empty
00:02:07.029720 111: empty   0x0000000000000000 -> 0000000000000000 / 0000000000000000 / 0x000 RWXADSG2M/wr--/M phys-empty
00:02:07.029720 112: empty   0x0000000000000000 -> 0000000000000000 / 0000000000000000 / 0x000 RWXADS-2M/wr--/M phys-empty
00:02:07.029721 113: empty   0x0000000000000000 -> 0000000000000000 / 0000000000000000 / 0x000 RWXADSG2M/wr--/M phys-empty
00:02:07.029722 114: empty   0x0000000000000000 -> 0000000000000000 / 0000000000000000 / 0x000 RWXADS-2M/wr--/M phys-empty
00:02:07.029723 115: empty   0x0000000000000000 -> 0000000000000000 / 0000000000000000 / 0x000 RWXADSG2M/wr--/M phys-empty
00:02:07.029724 116: empty   0x0000000000000000 -> 0000000000000000 / 0000000000000000 / 0x000 RWXADS-2M/wr--/M phys-empty
00:02:07.029725 117: empty   0x0000000000000000 -> 0000000000000000 / 0000000000000000 / 0x000 RWXADSG2M/wr--/M phys-empty
00:02:07.029726 118: empty   0x0000000000000000 -> 0000000000000000 / 0000000000000000 / 0x000 RWXADS-2M/wr--/M phys-empty
00:02:07.029727 119: empty   0x0000000000000000 -> 0000000000000000 / 0000000000000000 / 0x000 RWXADSG2M/wr--/M phys-empty
00:02:07.029728 11a: empty   0x0000000000000000 -> 0000000000000000 / 0000000000000000 / 0x000 RWXADS-2M/wr--/M phys-empty
00:02:07.029729 11b: empty   0x0000000000000000 -> 0000000000000000 / 0000000000000000 / 0x000 RWXADSG2M/wr--/M phys-empty
00:02:07.029730 11c: empty   0x0000000000000000 -> 0000000000000000 / 0000000000000000 / 0x000 RWXADS-2M/wr--/M phys-empty
00:02:07.029731 11d: empty   0x0000000000000000 -> 0000000000000000 / 0000000000000000 / 0x000 RWXADSG2M/wr--/M phys-empty
00:02:07.029732 11e: empty   0x0000000000000000 -> 0000000000000000 / 0000000000000000 / 0x000 RWXADS-2M/wr--/M phys-empty
00:02:07.029733 11f: empty   0x0000000000000000 -> 0000000000000000 / 0000000000000000 / 0x000 RWXADSG2M/wr--/M phys-empty
00:02:07.029734 120: empty   0x0000000000000000 -> 0000000000000000 / 0000000000000000 / 0x000 RWXADS-2M/wr--/M phys-empty
00:02:07.029735 121: empty   0x0000000000000000 -> 0000000000000000 / 0000000000000000 / 0x000 RWXADSG2M/wr--/M phys-empty
00:02:07.029736 122: empty   0x0000000000000000 -> 0000000000000000 / 0000000000000000 / 0x000 RWXADS-2M/wr--/M phys-empty
00:02:07.029737 123: empty   0x0000000000000000 -> 0000000000000000 / 0000000000000000 / 0x000 RWXADSG2M/wr--/M phys-empty
00:02:07.029738 124: empty   0x0000000000000000 -> 0000000000000000 / 0000000000000000 / 0x000 RWXADS-2M/wr--/M phys-empty
00:02:07.029739 125: empty   0x0000000000000000 -> 0000000000000000 / 0000000000000000 / 0x000 RWXADSG2M/wr--/M phys-empty
00:02:07.029740 126: empty   0x0000000000000000 -> 0000000000000000 / 0000000000000000 / 0x000 RWXADS-2M/wr--/M phys-empty
00:02:07.029741 127: empty   0x0000000000000000 -> 0000000000000000 / 0000000000000000 / 0x000 RWXADSG2M/wr--/M phys-empty
00:02:07.029742 128: empty   0x0000000000000000 -> 0000000000000000 / 0000000000000000 / 0x000 RWXADS-2M/wr--/M phys-empty
00:02:07.029743 129: empty   0x0000000000000000 -> 0000000000000000 / 0000000000000000 / 0x000 RWXADSG2M/wr--/M phys-empty
00:02:07.029744 12a: empty   0x0000000000000000 -> 0000000000000000 / 0000000000000000 / 0x000 RWXADS-2M/wr--/M phys-empty
00:02:07.029745 12b: empty   0x0000000000000000 -> 0000000000000000 / 0000000000000000 / 0x000 RWXADSG2M/wr--/M phys-empty
00:02:07.029745 12c: empty   0x0000000000000000 -> 0000000000000000 / 0000000000000000 / 0x000 RWXADS-2M/wr--/M phys-empty
00:02:07.029746 12d: empty   0x0000000000000000 -> 0000000000000000 / 0000000000000000 / 0x000 RWXADSG2M/wr--/M phys-empty
00:02:07.029747 12e: empty   0x0000000000000000 -> 0000000000000000 / 0000000000000000 / 0x000 RWXADS-2M/wr--/M phys-empty
00:02:07.029748 12f: empty   0x0000000000000000 -> 0000000000000000 / 0000000000000000 / 0x000 RWXADSG2M/wr--/M phys-empty
00:02:07.029749 130: empty   0x0000000000000000 -> 0000000000000000 / 0000000000000000 / 0x000 RWXADS-2M/wr--/M phys-empty
00:02:07.029750 131: empty   0x0000000000000000 -> 0000000000000000 / 0000000000000000 / 0x000 RWXADSG2M/wr--/M phys-empty
00:02:07.029751 132: empty   0x0000000000000000 -> 0000000000000000 / 0000000000000000 / 0x000 RWXADS-2M/wr--/M phys-empty
00:02:07.029752 133: empty   0x0000000000000000 -> 0000000000000000 / 0000000000000000 / 0x000 RWXADSG2M/wr--/M phys-empty
00:02:07.029753 134: empty   0x0000000000000000 -> 0000000000000000 / 0000000000000000 / 0x000 RWXADS-2M/wr--/M phys-empty
00:02:07.029754 135: empty   0x0000000000000000 -> 0000000000000000 / 0000000000000000 / 0x000 RWXADSG2M/wr--/M phys-empty
00:02:07.029755 136: empty   0x0000000000000000 -> 0000000000000000 / 0000000000000000 / 0x000 RWXADS-2M/wr--/M phys-empty
00:02:07.029756 137: empty   0x0000000000000000 -> 0000000000000000 / 0000000000000000 / 0x000 RWXADSG2M/wr--/M phys-empty
00:02:07.029757 138: empty   0x0000000000000000 -> 0000000000000000 / 0000000000000000 / 0x000 RWXADS-2M/wr--/M phys-empty
00:02:07.029758 139: empty   0x0000000000000000 -> 0000000000000000 / 0000000000000000 / 0x000 RWXADSG2M/wr--/M phys-empty
00:02:07.029759 13a: empty   0x0000000000000000 -> 0000000000000000 / 0000000000000000 / 0x000 RWXADS-2M/wr--/M phys-empty
00:02:07.029760 13b: empty   0x0000000000000000 -> 0000000000000000 / 0000000000000000 / 0x000 RWXADSG2M/wr--/M phys-empty
00:02:07.029761 13c: empty   0x0000000000000000 -> 0000000000000000 / 0000000000000000 / 0x000 RWXADS-2M/wr--/M phys-empty
00:02:07.029762 13d: empty   0x0000000000000000 -> 0000000000000000 / 0000000000000000 / 0x000 RWXADSG2M/wr--/M phys-empty
00:02:07.029763 13e: empty   0x0000000000000000 -> 0000000000000000 / 0000000000000000 / 0x000 RWXADS-2M/wr--/M phys-empty
00:02:07.029764 13f: empty   0x0000000000000000 -> 0000000000000000 / 0000000000000000 / 0x000 RWXADSG2M/wr--/M phys-empty
00:02:07.029765 140: empty   0x0000000000000000 -> 0000000000000000 / 0000000000000000 / 0x000 RWXADS-2M/wr--/M phys-empty
00:02:07.029766 141: empty   0x0000000000000000 -> 0000000000000000 / 0000000000000000 / 0x000 RWXADSG2M/wr--/M phys-empty
00:02:07.029767 142: empty   0x0000000000000000 -> 0000000000000000 / 0000000000000000 / 0x000 RWXADS-2M/wr--/M phys-empty
00:02:07.029768 143: empty   0x0000000000000000 -> 0000000000000000 / 0000000000000000 / 0x000 RWXADSG2M/wr--/M phys-empty
00:02:07.029769 144: empty   0x0000000000000000 -> 0000000000000000 / 0000000000000000 / 0x000 RWXADS-2M/wr--/M phys-empty
00:02:07.029770 145: empty   0x0000000000000000 -> 0000000000000000 / 0000000000000000 / 0x000 RWXADSG2M/wr--/M phys-empty
00:02:07.029770 146: empty   0x0000000000000000 -> 0000000000000000 / 0000000000000000 / 0x000 RWXADS-2M/wr--/M phys-empty
00:02:07.029771 147: empty   0x0000000000000000 -> 0000000000000000 / 0000000000000000 / 0x000 RWXADSG2M/wr--/M phys-empty
00:02:07.029772 148: empty   0x0000000000000000 -> 0000000000000000 / 0000000000000000 / 0x000 RWXADS-2M/wr--/M phys-empty
00:02:07.029773 149: empty   0x0000000000000000 -> 0000000000000000 / 0000000000000000 / 0x000 RWXADSG2M/wr--/M phys-empty
00:02:07.029774 14a: empty   0x0000000000000000 -> 0000000000000000 / 0000000000000000 / 0x000 RWXADS-2M/wr--/M phys-empty
00:02:07.029775 14b: empty   0x0000000000000000 -> 0000000000000000 / 0000000000000000 / 0x000 RWXADSG2M/wr--/M phys-empty
00:02:07.029776 14c: empty   0x0000000000000000 -> 0000000000000000 / 0000000000000000 / 0x000 RWXADS-2M/wr--/M phys-empty
00:02:07.029777 14d: empty   0x0000000000000000 -> 0000000000000000 / 0000000000000000 / 0x000 RWXADSG2M/wr--/M phys-empty
00:02:07.029778 14e: empty   0x0000000000000000 -> 0000000000000000 / 0000000000000000 / 0x000 RWXADS-2M/wr--/M phys-empty
00:02:07.029779 14f: empty   0x0000000000000000 -> 0000000000000000 / 0000000000000000 / 0x000 RWXADSG2M/wr--/M phys-empty
00:02:07.029780 150: empty   0x0000000000000000 -> 0000000000000000 / 0000000000000000 / 0x000 RWXADS-2M/wr--/M phys-empty
00:02:07.029781 151: empty   0x0000000000000000 -> 0000000000000000 / 0000000000000000 / 0x000 RWXADSG2M/wr--/M phys-empty
00:02:07.029782 152: empty   0x0000000000000000 -> 0000000000000000 / 0000000000000000 / 0x000 RWXADS-2M/wr--/M phys-empty
00:02:07.029783 153: empty   0x0000000000000000 -> 0000000000000000 / 0000000000000000 / 0x000 RWXADSG2M/wr--/M phys-empty
00:02:07.029784 154: empty   0x0000000000000000 -> 0000000000000000 / 0000000000000000 / 0x000 RWXADS-2M/wr--/M phys-empty
00:02:07.029785 155: empty   0x0000000000000000 -> 0000000000000000 / 0000000000000000 / 0x000 RWXADSG2M/wr--/M phys-empty
00:02:07.029786 156: empty   0x0000000000000000 -> 0000000000000000 / 0000000000000000 / 0x000 RWXADS-2M/wr--/M phys-empty
00:02:07.029787 157: empty   0x0000000000000000 -> 0000000000000000 / 0000000000000000 / 0x000 RWXADSG2M/wr--/M phys-empty
00:02:07.029788 158: empty   0x0000000000000000 -> 0000000000000000 / 0000000000000000 / 0x000 RWXADS-2M/wr--/M phys-empty
00:02:07.029789 159: empty   0x0000000000000000 -> 0000000000000000 / 0000000000000000 / 0x000 RWXADSG2M/wr--/M phys-empty
00:02:07.029790 15a: empty   0x0000000000000000 -> 0000000000000000 / 0000000000000000 / 0x000 RWXADS-2M/wr--/M phys-empty
00:02:07.029791 15b: empty   0x0000000000000000 -> 0000000000000000 / 0000000000000000 / 0x000 RWXADSG2M/wr--/M phys-empty
00:02:07.029791 15c: empty   0x0000000000000000 -> 0000000000000000 / 0000000000000000 / 0x000 RWXADS-2M/wr--/M phys-empty
00:02:07.029792 15d: empty   0x0000000000000000 -> 0000000000000000 / 0000000000000000 / 0x000 RWXADSG2M/wr--/M phys-empty
00:02:07.029793 15e: empty   0x0000000000000000 -> 0000000000000000 / 0000000000000000 / 0x000 RWXADS-2M/wr--/M phys-empty
00:02:07.029794 15f: empty   0x0000000000000000 -> 0000000000000000 / 0000000000000000 / 0x000 RWXADSG2M/wr--/M phys-empty
00:02:07.029795 160: empty   0x0000000000000000 -> 0000000000000000 / 0000000000000000 / 0x000 RWXADS-2M/wr--/M phys-empty
00:02:07.029796 161: empty   0x0000000000000000 -> 0000000000000000 / 0000000000000000 / 0x000 RWXADSG2M/wr--/M phys-empty
00:02:07.029797 162: empty   0x0000000000000000 -> 0000000000000000 / 0000000000000000 / 0x000 RWXADS-2M/wr--/M phys-empty
00:02:07.029798 163: empty   0x0000000000000000 -> 0000000000000000 / 0000000000000000 / 0x000 RWXADSG2M/wr--/M phys-empty
00:02:07.029799 164: empty   0x0000000000000000 -> 0000000000000000 / 0000000000000000 / 0x000 RWXADS-2M/wr--/M phys-empty
00:02:07.029800 165: empty   0x0000000000000000 -> 0000000000000000 / 0000000000000000 / 0x000 RWXADSG2M/wr--/M phys-empty
00:02:07.029801 166: empty   0x0000000000000000 -> 0000000000000000 / 0000000000000000 / 0x000 RWXADS-2M/wr--/M phys-empty
00:02:07.029802 167: empty   0x0000000000000000 -> 0000000000000000 / 0000000000000000 / 0x000 RWXADSG2M/wr--/M phys-empty
00:02:07.029803 168: empty   0x0000000000000000 -> 0000000000000000 / 0000000000000000 / 0x000 RWXADS-2M/wr--/M phys-empty
00:02:07.029804 169: empty   0x0000000000000000 -> 0000000000000000 / 0000000000000000 / 0x000 RWXADSG2M/wr--/M phys-empty
00:02:07.029805 16a: empty   0x0000000000000000 -> 0000000000000000 / 0000000000000000 / 0x000 RWXADS-2M/wr--/M phys-empty
00:02:07.029806 16b: empty   0x0000000000000000 -> 0000000000000000 / 0000000000000000 / 0x000 RWXADSG2M/wr--/M phys-empty
00:02:07.029807 16c: empty   0x0000000000000000 -> 0000000000000000 / 0000000000000000 / 0x000 RWXADS-2M/wr--/M phys-empty
00:02:07.029808 16d: empty   0x0000000000000000 -> 0000000000000000 / 0000000000000000 / 0x000 RWXADSG2M/wr--/M phys-empty
00:02:07.029809 16e: empty   0x0000000000000000 -> 0000000000000000 / 0000000000000000 / 0x000 RWXADS-2M/wr--/M phys-empty
00:02:07.029810 16f: empty   0x0000000000000000 -> 0000000000000000 / 0000000000000000 / 0x000 RWXADSG2M/wr--/M phys-empty
00:02:07.029811 170: empty   0x0000000000000000 -> 0000000000000000 / 0000000000000000 / 0x000 RWXADS-2M/wr--/M phys-empty
00:02:07.029812 171: empty   0x0000000000000000 -> 0000000000000000 / 0000000000000000 / 0x000 RWXADSG2M/wr--/M phys-empty
00:02:07.029813 172: empty   0x0000000000000000 -> 0000000000000000 / 0000000000000000 / 0x000 RWXADS-2M/wr--/M phys-empty
00:02:07.029814 173: empty   0x0000000000000000 -> 0000000000000000 / 0000000000000000 / 0x000 RWXADSG2M/wr--/M phys-empty
00:02:07.029815 174: empty   0x0000000000000000 -> 0000000000000000 / 0000000000000000 / 0x000 RWXADS-2M/wr--/M phys-empty
00:02:07.029815 175: empty   0x0000000000000000 -> 0000000000000000 / 0000000000000000 / 0x000 RWXADSG2M/wr--/M phys-empty
00:02:07.029816 176: empty   0x0000000000000000 -> 0000000000000000 / 0000000000000000 / 0x000 RWXADS-2M/wr--/M phys-empty
00:02:07.029817 177: empty   0x0000000000000000 -> 0000000000000000 / 0000000000000000 / 0x000 RWXADSG2M/wr--/M phys-empty
00:02:07.029818 178: empty   0x0000000000000000 -> 0000000000000000 / 0000000000000000 / 0x000 RWXADS-2M/wr--/M phys-empty
00:02:07.029819 179: empty   0x0000000000000000 -> 0000000000000000 / 0000000000000000 / 0x000 RWXADSG2M/wr--/M phys-empty
00:02:07.029820 17a: empty   0x0000000000000000 -> 0000000000000000 / 0000000000000000 / 0x000 RWXADS-2M/wr--/M phys-empty
00:02:07.029821 17b: empty   0x0000000000000000 -> 0000000000000000 / 0000000000000000 / 0x000 RWXADSG2M/wr--/M phys-empty
00:02:07.029822 17c: empty   0x0000000000000000 -> 0000000000000000 / 0000000000000000 / 0x000 RWXADS-2M/wr--/M phys-empty
00:02:07.029823 17d: empty   0x0000000000000000 -> 0000000000000000 / 0000000000000000 / 0x000 RWXADSG2M/wr--/M phys-empty
00:02:07.029824 17e: empty   0x0000000000000000 -> 0000000000000000 / 0000000000000000 / 0x000 RWXADS-2M/wr--/M phys-empty
00:02:07.029825 17f: empty   0x0000000000000000 -> 0000000000000000 / 0000000000000000 / 0x000 RWXADSG2M/wr--/M phys-empty
00:02:07.029826 180: empty   0x0000000000000000 -> 0000000000000000 / 0000000000000000 / 0x000 RWXADS-2M/wr--/M phys-empty
00:02:07.029827 181: empty   0x0000000000000000 -> 0000000000000000 / 0000000000000000 / 0x000 RWXADSG2M/wr--/M phys-empty
00:02:07.029828 182: empty   0x0000000000000000 -> 0000000000000000 / 0000000000000000 / 0x000 RWXADS-2M/wr--/M phys-empty
00:02:07.029829 183: empty   0x0000000000000000 -> 0000000000000000 / 0000000000000000 / 0x000 RWXADSG2M/wr--/M phys-empty
00:02:07.029830 184: empty   0x0000000000000000 -> 0000000000000000 / 0000000000000000 / 0x000 RWXADS-2M/wr--/M phys-empty
00:02:07.029831 185: empty   0x0000000000000000 -> 0000000000000000 / 0000000000000000 / 0x000 RWXADSG2M/wr--/M phys-empty
00:02:07.029832 186: empty   0x0000000000000000 -> 0000000000000000 / 0000000000000000 / 0x000 RWXADS-2M/wr--/M phys-empty
00:02:07.029833 187: empty   0x0000000000000000 -> 0000000000000000 / 0000000000000000 / 0x000 RWXADSG2M/wr--/M phys-empty
00:02:07.029834 188: empty   0x0000000000000000 -> 0000000000000000 / 0000000000000000 / 0x000 RWXADS-2M/wr--/M phys-empty
00:02:07.029835 189: empty   0x0000000000000000 -> 0000000000000000 / 0000000000000000 / 0x000 RWXADSG2M/wr--/M phys-empty
00:02:07.029836 18a: empty   0x0000000000000000 -> 0000000000000000 / 0000000000000000 / 0x000 RWXADS-2M/wr--/M phys-empty
00:02:07.029837 18b: empty   0x0000000000000000 -> 0000000000000000 / 0000000000000000 / 0x000 RWXADSG2M/wr--/M phys-empty
00:02:07.029838 18c: empty   0x0000000000000000 -> 0000000000000000 / 0000000000000000 / 0x000 RWXADS-2M/wr--/M phys-empty
00:02:07.029838 18d: empty   0x0000000000000000 -> 0000000000000000 / 0000000000000000 / 0x000 RWXADSG2M/wr--/M phys-empty
00:02:07.029839 18e: empty   0x0000000000000000 -> 0000000000000000 / 0000000000000000 / 0x000 RWXADS-2M/wr--/M phys-empty
00:02:07.029840 18f: empty   0x0000000000000000 -> 0000000000000000 / 0000000000000000 / 0x000 RWXADSG2M/wr--/M phys-empty
00:02:07.029841 190: empty   0x0000000000000000 -> 0000000000000000 / 0000000000000000 / 0x000 RWXADS-2M/wr--/M phys-empty
00:02:07.029842 191: empty   0x0000000000000000 -> 0000000000000000 / 0000000000000000 / 0x000 RWXADSG2M/wr--/M phys-empty
00:02:07.029843 192: empty   0x0000000000000000 -> 0000000000000000 / 0000000000000000 / 0x000 RWXADS-2M/wr--/M phys-empty
00:02:07.029844 193: empty   0x0000000000000000 -> 0000000000000000 / 0000000000000000 / 0x000 RWXADSG2M/wr--/M phys-empty
00:02:07.029845 194: empty   0x0000000000000000 -> 0000000000000000 / 0000000000000000 / 0x000 RWXADS-2M/wr--/M phys-empty
00:02:07.029846 195: empty   0x0000000000000000 -> 0000000000000000 / 0000000000000000 / 0x000 RWXADSG2M/wr--/M phys-empty
00:02:07.029847 196: empty   0x0000000000000000 -> 0000000000000000 / 0000000000000000 / 0x000 RWXADS-2M/wr--/M phys-empty
00:02:07.029848 197: empty   0x0000000000000000 -> 0000000000000000 / 0000000000000000 / 0x000 RWXADSG2M/wr--/M phys-empty
00:02:07.029849 198: empty   0x0000000000000000 -> 0000000000000000 / 0000000000000000 / 0x000 RWXADS-2M/wr--/M phys-empty
00:02:07.029850 199: empty   0x0000000000000000 -> 0000000000000000 / 0000000000000000 / 0x000 RWXADSG2M/wr--/M phys-empty
00:02:07.029851 19a: empty   0x0000000000000000 -> 0000000000000000 / 0000000000000000 / 0x000 RWXADS-2M/wr--/M phys-empty
00:02:07.029852 19b: empty   0x0000000000000000 -> 0000000000000000 / 0000000000000000 / 0x000 RWXADSG2M/wr--/M phys-empty
00:02:07.029853 19c: empty   0x0000000000000000 -> 0000000000000000 / 0000000000000000 / 0x000 RWXADS-2M/wr--/M phys-empty
00:02:07.029854 19d: empty   0x0000000000000000 -> 0000000000000000 / 0000000000000000 / 0x000 RWXADSG2M/wr--/M phys-empty
00:02:07.029855 19e: empty   0x0000000000000000 -> 0000000000000000 / 0000000000000000 / 0x000 RWXADS-2M/wr--/M phys-empty
00:02:07.029856 19f: empty   0x0000000000000000 -> 0000000000000000 / 0000000000000000 / 0x000 RWXADSG2M/wr--/M phys-empty
00:02:07.029857 1a0: empty   0x0000000000000000 -> 0000000000000000 / 0000000000000000 / 0x000 RWXADS-2M/wr--/M phys-empty
00:02:07.029858 1a1: empty   0x0000000000000000 -> 0000000000000000 / 0000000000000000 / 0x000 RWXADSG2M/wr--/M phys-empty
00:02:07.029859 1a2: empty   0x0000000000000000 -> 0000000000000000 / 0000000000000000 / 0x000 RWXADS-2M/wr--/M phys-empty
00:02:07.029860 1a3: empty   0x0000000000000000 -> 0000000000000000 / 0000000000000000 / 0x000 RWXADSG2M/wr--/M phys-empty
00:02:07.029861 1a4: empty   0x0000000000000000 -> 0000000000000000 / 0000000000000000 / 0x000 RWXADS-2M/wr--/M phys-empty
00:02:07.029862 1a5: empty   0x0000000000000000 -> 0000000000000000 / 0000000000000000 / 0x000 RWXADSG2M/wr--/M phys-empty
00:02:07.029862 1a6: empty   0x0000000000000000 -> 0000000000000000 / 0000000000000000 / 0x000 RWXADS-2M/wr--/M phys-empty
00:02:07.029863 1a7: empty   0x0000000000000000 -> 0000000000000000 / 0000000000000000 / 0x000 RWXADSG2M/wr--/M phys-empty
00:02:07.029864 1a8: empty   0x0000000000000000 -> 0000000000000000 / 0000000000000000 / 0x000 RWXADS-2M/wr--/M phys-empty
00:02:07.029865 1a9: empty   0x0000000000000000 -> 0000000000000000 / 0000000000000000 / 0x000 RWXADSG2M/wr--/M phys-empty
00:02:07.029866 1aa: empty   0x0000000000000000 -> 0000000000000000 / 0000000000000000 / 0x000 RWXADS-2M/wr--/M phys-empty
00:02:07.029867 1ab: empty   0x0000000000000000 -> 0000000000000000 / 0000000000000000 / 0x000 RWXADSG2M/wr--/M phys-empty
00:02:07.029868 1ac: empty   0x0000000000000000 -> 0000000000000000 / 0000000000000000 / 0x000 RWXADS-2M/wr--/M phys-empty
00:02:07.029869 1ad: empty   0x0000000000000000 -> 0000000000000000 / 0000000000000000 / 0x000 RWXADSG2M/wr--/M phys-empty
00:02:07.029870 1ae: empty   0x0000000000000000 -> 0000000000000000 / 0000000000000000 / 0x000 RWXADS-2M/wr--/M phys-empty
00:02:07.029871 1af: empty   0x0000000000000000 -> 0000000000000000 / 0000000000000000 / 0x000 RWXADSG2M/wr--/M phys-empty
00:02:07.029872 1b0: empty   0x0000000000000000 -> 0000000000000000 / 0000000000000000 / 0x000 RWXADS-2M/wr--/M phys-empty
00:02:07.029873 1b1: empty   0x0000000000000000 -> 0000000000000000 / 0000000000000000 / 0x000 RWXADSG2M/wr--/M phys-empty
00:02:07.029874 1b2: empty   0x0000000000000000 -> 0000000000000000 / 0000000000000000 / 0x000 RWXADS-2M/wr--/M phys-empty
00:02:07.029875 1b3: empty   0x0000000000000000 -> 0000000000000000 / 0000000000000000 / 0x000 RWXADSG2M/wr--/M phys-empty
00:02:07.029876 1b4: empty   0x0000000000000000 -> 0000000000000000 / 0000000000000000 / 0x000 RWXADS-2M/wr--/M phys-empty
00:02:07.029877 1b5: empty   0x0000000000000000 -> 0000000000000000 / 0000000000000000 / 0x000 RWXADSG2M/wr--/M phys-empty
00:02:07.029878 1b6: empty   0x0000000000000000 -> 0000000000000000 / 0000000000000000 / 0x000 RWXADS-2M/wr--/M phys-empty
00:02:07.029879 1b7: empty   0x0000000000000000 -> 0000000000000000 / 0000000000000000 / 0x000 RWXADSG2M/wr--/M phys-empty
00:02:07.029880 1b8: empty   0x0000000000000000 -> 0000000000000000 / 0000000000000000 / 0x000 RWXADS-2M/wr--/M phys-empty
00:02:07.029881 1b9: empty   0x0000000000000000 -> 0000000000000000 / 0000000000000000 / 0x000 RWXADSG2M/wr--/M phys-empty
00:02:07.029882 1ba: empty   0x0000000000000000 -> 0000000000000000 / 0000000000000000 / 0x000 RWXADS-2M/wr--/M phys-empty
00:02:07.029883 1bb: empty   0x0000000000000000 -> 0000000000000000 / 0000000000000000 / 0x000 RWXADSG2M/wr--/M phys-empty
00:02:07.029884 1bc: empty   0x0000000000000000 -> 0000000000000000 / 0000000000000000 / 0x000 RWXADS-2M/wr--/M phys-empty
00:02:07.029885 1bd: empty   0x0000000000000000 -> 0000000000000000 / 0000000000000000 / 0x000 RWXADSG2M/wr--/M phys-empty
00:02:07.029885 1be: empty   0x0000000000000000 -> 0000000000000000 / 0000000000000000 / 0x000 RWXADS-2M/wr--/M phys-empty
00:02:07.029886 1bf: empty   0x0000000000000000 -> 0000000000000000 / 0000000000000000 / 0x000 RWXADSG2M/wr--/M phys-empty
00:02:07.029887 1c0: empty   0x0000000000000000 -> 0000000000000000 / 0000000000000000 / 0x000 RWXADS-2M/wr--/M phys-empty
00:02:07.029888 1c1: empty   0x0000000000000000 -> 0000000000000000 / 0000000000000000 / 0x000 RWXADSG2M/wr--/M phys-empty
00:02:07.029889 1c2: empty   0x0000000000000000 -> 0000000000000000 / 0000000000000000 / 0x000 RWXADS-2M/wr--/M phys-empty
00:02:07.029890 1c3: empty   0x0000000000000000 -> 0000000000000000 / 0000000000000000 / 0x000 RWXADSG2M/wr--/M phys-empty
00:02:07.029891 1c4: empty   0x0000000000000000 -> 0000000000000000 / 0000000000000000 / 0x000 RWXADS-2M/wr--/M phys-empty
00:02:07.029892 1c5: empty   0x0000000000000000 -> 0000000000000000 / 0000000000000000 / 0x000 RWXADSG2M/wr--/M phys-empty
00:02:07.029893 1c6: empty   0x0000000000000000 -> 0000000000000000 / 0000000000000000 / 0x000 RWXADS-2M/wr--/M phys-empty
00:02:07.029894 1c7: empty   0x0000000000000000 -> 0000000000000000 / 0000000000000000 / 0x000 RWXADSG2M/wr--/M phys-empty
00:02:07.029895 1c8: empty   0x0000000000000000 -> 0000000000000000 / 0000000000000000 / 0x000 RWXADS-2M/wr--/M phys-empty
00:02:07.029896 1c9: empty   0x0000000000000000 -> 0000000000000000 / 0000000000000000 / 0x000 RWXADSG2M/wr--/M phys-empty
00:02:07.029897 1ca: empty   0x0000000000000000 -> 0000000000000000 / 0000000000000000 / 0x000 RWXADS-2M/wr--/M phys-empty
00:02:07.029898 1cb: empty   0x0000000000000000 -> 0000000000000000 / 0000000000000000 / 0x000 RWXADSG2M/wr--/M phys-empty
00:02:07.029899 1cc: empty   0x0000000000000000 -> 0000000000000000 / 0000000000000000 / 0x000 RWXADS-2M/wr--/M phys-empty
00:02:07.029900 1cd: empty   0x0000000000000000 -> 0000000000000000 / 0000000000000000 / 0x000 RWXADSG2M/wr--/M phys-empty
00:02:07.029901 1ce: empty   0x0000000000000000 -> 0000000000000000 / 0000000000000000 / 0x000 RWXADS-2M/wr--/M phys-empty
00:02:07.029902 1cf: empty   0x0000000000000000 -> 0000000000000000 / 0000000000000000 / 0x000 RWXADSG2M/wr--/M phys-empty
00:02:07.029903 1d0: empty   0x0000000000000000 -> 0000000000000000 / 0000000000000000 / 0x000 RWXADS-2M/wr--/M phys-empty
00:02:07.029904 1d1: empty   0x0000000000000000 -> 0000000000000000 / 0000000000000000 / 0x000 RWXADSG2M/wr--/M phys-empty
00:02:07.029905 1d2: empty   0x0000000000000000 -> 0000000000000000 / 0000000000000000 / 0x000 RWXADS-2M/wr--/M phys-empty
00:02:07.029906 1d3: empty   0x0000000000000000 -> 0000000000000000 / 0000000000000000 / 0x000 RWXADSG2M/wr--/M phys-empty
00:02:07.029907 1d4: empty   0x0000000000000000 -> 0000000000000000 / 0000000000000000 / 0x000 RWXADS-2M/wr--/M phys-empty
00:02:07.029907 1d5: empty   0x0000000000000000 -> 0000000000000000 / 0000000000000000 / 0x000 RWXADSG2M/wr--/M phys-empty
00:02:07.029908 1d6: empty   0x0000000000000000 -> 0000000000000000 / 0000000000000000 / 0x000 RWXADS-2M/wr--/M phys-empty
00:02:07.029909 1d7: empty   0x0000000000000000 -> 0000000000000000 / 0000000000000000 / 0x000 RWXADSG2M/wr--/M phys-empty
00:02:07.029910 1d8: empty   0x0000000000000000 -> 0000000000000000 / 0000000000000000 / 0x000 RWXADS-2M/wr--/M phys-empty
00:02:07.029911 1d9: empty   0x0000000000000000 -> 0000000000000000 / 0000000000000000 / 0x000 RWXADSG2M/wr--/M phys-empty
00:02:07.029912 1da: empty   0x0000000000000000 -> 0000000000000000 / 0000000000000000 / 0x000 RWXADS-2M/wr--/M phys-empty
00:02:07.029913 1db: empty   0x0000000000000000 -> 0000000000000000 / 0000000000000000 / 0x000 RWXADSG2M/wr--/M phys-empty
00:02:07.029914 1dc: empty   0x0000000000000000 -> 0000000000000000 / 0000000000000000 / 0x000 RWXADS-2M/wr--/M phys-empty
00:02:07.029915 1dd: empty   0x0000000000000000 -> 0000000000000000 / 0000000000000000 / 0x000 RWXADSG2M/wr--/M phys-empty
00:02:07.029916 1de: empty   0x0000000000000000 -> 0000000000000000 / 0000000000000000 / 0x000 RWXADS-2M/wr--/M phys-empty
00:02:07.029917 1df: empty   0x0000000000000000 -> 0000000000000000 / 0000000000000000 / 0x000 RWXADSG2M/wr--/M phys-empty
00:02:07.029918 1e0: empty   0x0000000000000000 -> 0000000000000000 / 0000000000000000 / 0x000 RWXADS-2M/wr--/M phys-empty
00:02:07.029919 1e1: empty   0x0000000000000000 -> 0000000000000000 / 0000000000000000 / 0x000 RWXADSG2M/wr--/M phys-empty
00:02:07.029920 1e2: empty   0x0000000000000000 -> 0000000000000000 / 0000000000000000 / 0x000 RWXADS-2M/wr--/M phys-empty
00:02:07.029921 1e3: empty   0x0000000000000000 -> 0000000000000000 / 0000000000000000 / 0x000 RWXADSG2M/wr--/M phys-empty
00:02:07.029922 1e4: empty   0x0000000000000000 -> 0000000000000000 / 0000000000000000 / 0x000 RWXADS-2M/wr--/M phys-empty
00:02:07.029923 1e5: empty   0x0000000000000000 -> 0000000000000000 / 0000000000000000 / 0x000 RWXADSG2M/wr--/M phys-empty
00:02:07.029924 1e6: empty   0x0000000000000000 -> 0000000000000000 / 0000000000000000 / 0x000 RWXADS-2M/wr--/M phys-empty
00:02:07.029925 1e7: empty   0x0000000000000000 -> 0000000000000000 / 0000000000000000 / 0x000 RWXADSG2M/wr--/M phys-empty
00:02:07.029926 1e8: empty   0x0000000000000000 -> 0000000000000000 / 0000000000000000 / 0x000 RWXADS-2M/wr--/M phys-empty
00:02:07.029927 1e9: empty   0x0000000000000000 -> 0000000000000000 / 0000000000000000 / 0x000 RWXADSG2M/wr--/M phys-empty
00:02:07.029928 1ea: empty   0x0000000000000000 -> 0000000000000000 / 0000000000000000 / 0x000 RWXADS-2M/wr--/M phys-empty
00:02:07.029929 1eb: empty   0x0000000000000000 -> 0000000000000000 / 0000000000000000 / 0x000 RWXADSG2M/wr--/M phys-empty
00:02:07.029930 1ec: empty   0x0000000000000000 -> 0000000000000000 / 0000000000000000 / 0x000 RWXADS-2M/wr--/M phys-empty
00:02:07.029931 1ed: empty   0x0000000000000000 -> 0000000000000000 / 0000000000000000 / 0x000 RWXADSG2M/wr--/M phys-empty
00:02:07.029931 1ee: empty   0x0000000000000000 -> 0000000000000000 / 0000000000000000 / 0x000 RWXADS-2M/wr--/M phys-empty
00:02:07.029932 1ef: empty   0x0000000000000000 -> 0000000000000000 / 0000000000000000 / 0x000 RWXADSG2M/wr--/M phys-empty
00:02:07.029933 1f0: empty   0x0000000000000000 -> 0000000000000000 / 0000000000000000 / 0x000 RWXADS-2M/wr--/M phys-empty
00:02:07.029934 1f1: empty   0x0000000000000000 -> 0000000000000000 / 0000000000000000 / 0x000 RWXADSG2M/wr--/M phys-empty
00:02:07.029935 1f2: empty   0x0000000000000000 -> 0000000000000000 / 0000000000000000 / 0x000 RWXADS-2M/wr--/M phys-empty
00:02:07.029936 1f3: empty   0x0000000000000000 -> 0000000000000000 / 0000000000000000 / 0x000 RWXADSG2M/wr--/M phys-empty
00:02:07.029937 1f4: empty   0x0000000000000000 -> 0000000000000000 / 0000000000000000 / 0x000 RWXADS-2M/wr--/M phys-empty
00:02:07.029938 1f5: empty   0x0000000000000000 -> 0000000000000000 / 0000000000000000 / 0x000 RWXADSG2M/wr--/M phys-empty
00:02:07.029939 1f6: empty   0x0000000000000000 -> 0000000000000000 / 0000000000000000 / 0x000 RWXADS-2M/wr--/M phys-empty
00:02:07.029940 1f7: empty   0x0000000000000000 -> 0000000000000000 / 0000000000000000 / 0x000 RWXADSG2M/wr--/M phys-empty
00:02:07.029941 1f8: empty   0x0000000000000000 -> 0000000000000000 / 0000000000000000 / 0x000 RWXADS-2M/wr--/M phys-empty
00:02:07.029942 1f9: empty   0x0000000000000000 -> 0000000000000000 / 0000000000000000 / 0x000 RWXADSG2M/wr--/M phys-empty
00:02:07.029943 1fa: empty   0x0000000000000000 -> 0000000000000000 / 0000000000000000 / 0x000 RWXADS-2M/wr--/M phys-empty
00:02:07.029944 1fb: empty   0x0000000000000000 -> 0000000000000000 / 0000000000000000 / 0x000 RWXADSG2M/wr--/M phys-empty
00:02:07.029945 1fc: empty   0x0000000000000000 -> 0000000000000000 / 0000000000000000 / 0x000 RWXADS-2M/wr--/M phys-empty
00:02:07.029946 1fd: empty   0x0000000000000000 -> 0000000000000000 / 0000000000000000 / 0x000 RWXADSG2M/wr--/M phys-empty
00:02:07.029947 1fe: empty   0x0000000000000000 -> 0000000000000000 / 0000000000000000 / 0x000 RWXADS-2M/wr--/M phys-empty
00:02:07.029948 1ff: empty   0x0000000000000000 -> 0000000000000000 / 0000000000000000 / 0x000 RWXADSG2M/wr--/M phys-empty
00:02:07.029949 !!
00:02:07.029949 !! {lbr}
00:02:07.029949 !!
00:02:07.029951 VM not configured to record LBRs for the guest
00:02:07.029956 VM not configured to record LBRs for the guest
00:02:07.029960 VM not configured to record LBRs for the guest
00:02:07.029965 VM not configured to record LBRs for the guest
00:02:07.029966 !!
00:02:07.029966 !! {ldt}
00:02:07.029966 !!
00:02:07.029967 Guest LDT (Sel=0): Null-Selector
00:02:07.029968 !!
00:02:07.029968 !! {lsilogicscsi0}
00:02:07.029968 !!
00:02:07.029970 lsilogicscsi#0: port=d300 mmio=00000000f0820000 max-devices=16 GC=false R0=true
00:02:07.029971 enmState=2
00:02:07.029972 enmWhoInit=4
00:02:07.029972 enmDoorbellState=1
00:02:07.029972 fDiagnosticEnabled=false
00:02:07.029972 fNotificationSent=false
00:02:07.029973 fEventNotificationEnabled=true
00:02:07.029973 uInterruptMask=0x1
00:02:07.029973 uInterruptStatus=0x0
00:02:07.029974 u16IOCFaultCode=0x0000
00:02:07.029974 u32HostMFAHighAddr=0x2
00:02:07.029974 u32SenseBufferHighAddr=0x2
00:02:07.029974 cMaxDevices=16
00:02:07.029975 cMaxBuses=1
00:02:07.029975 cbReplyFrame=80
00:02:07.029975 cReplyQueueEntries=257
00:02:07.029976 cRequestQueueEntries=257
00:02:07.029976 cPorts=1
00:02:07.029976 uReplyFreeQueueNextEntryFreeWrite=191
00:02:07.029977 uReplyFreeQueueNextAddressRead=63
00:02:07.029977 uReplyPostQueueNextEntryFreeWrite=69
00:02:07.029977 uReplyPostQueueNextAddressRead=69
00:02:07.029977 uRequestQueueNextEntryFreeWrite=68
00:02:07.029978 uRequestQueueNextAddressRead=68
00:02:07.029978 
00:02:07.029978 Device[0]: device-attached=true cOutstandingRequests=0
00:02:07.029979 
00:02:07.029979 Device[1]: device-attached=false cOutstandingRequests=0
00:02:07.029979 
00:02:07.029979 Device[2]: device-attached=false cOutstandingRequests=0
00:02:07.029980 
00:02:07.029980 Device[3]: device-attached=false cOutstandingRequests=0
00:02:07.029980 
00:02:07.029980 Device[4]: device-attached=false cOutstandingRequests=0
00:02:07.029981 
00:02:07.029981 Device[5]: device-attached=false cOutstandingRequests=0
00:02:07.029981 
00:02:07.029981 Device[6]: device-attached=false cOutstandingRequests=0
00:02:07.029982 
00:02:07.029982 Device[7]: device-attached=false cOutstandingRequests=0
00:02:07.029982 
00:02:07.029982 Device[8]: device-attached=false cOutstandingRequests=0
00:02:07.029982 
00:02:07.029983 Device[9]: device-attached=false cOutstandingRequests=0
00:02:07.029983 
00:02:07.029983 Device[10]: device-attached=false cOutstandingRequests=0
00:02:07.029983 
00:02:07.029984 Device[11]: device-attached=false cOutstandingRequests=0
00:02:07.029984 
00:02:07.029984 Device[12]: device-attached=false cOutstandingRequests=0
00:02:07.029984 
00:02:07.029985 Device[13]: device-attached=false cOutstandingRequests=0
00:02:07.029985 
00:02:07.029985 Device[14]: device-attached=false cOutstandingRequests=0
00:02:07.029985 
00:02:07.029985 Device[15]: device-attached=false cOutstandingRequests=0
00:02:07.029986 !!
00:02:07.029986 !! {mmio}
00:02:07.029986 !!
00:02:07.029987 MMIO registrations: 8 (46 allocated)
00:02:07.029987  ## Ctx    Size Mapping   PCI    Description
00:02:07.029988   0 R3+0   0000000000001000  00000000fee00000-00000000fee00fff        APIC
00:02:07.029989   1 R3+0   0000000000001000  00000000fec00000-00000000fec00fff        I/O APIC
00:02:07.029990   2 R3+0   0000000000020000  00000000000a0000-00000000000bffff        VGA - VGA Video Buffer
00:02:07.029991   3 R3+0   0000000000002000  00000000f0806000-00000000f0807fff pci0/327680 AHCI
00:02:07.029992   4 R3+0   0000000000020000  00000000f0820000-00000000f083ffff pci0/65536 LsiLogic
00:02:07.029993   5 R3+0   0000000000020000  00000000f0840000-00000000f085ffff pci0/131072 LsiLogicDiag
00:02:07.029993   6 R3+0   0000000000020000  00000000f0000000-00000000f001ffff pci0/0 E1000
00:02:07.029995   7 R3+0   0000000000001000  00000000f0804000-00000000f0804fff pci0/0 USB OHCI
00:02:07.029996 !!
00:02:07.029996 !! {ohci}
00:02:07.029996 !!
00:02:07.029996 HcControl:          000006c3 - CBSR=3 PLE=0 IE=0 CLE=0 BLE=0 HCFS=0x3 IR=0 RWC=1 RWE=1
00:02:07.029998 HcCommandStatus:    00000000 - HCR=0 CLF=0 BLF=0 OCR=0 SOC=0
00:02:07.029999 HcInterruptStatus:  00000004 - SO=0 WDH=0 SF=1 RD=0 UE=0 FNO=0 RHSC=0 OC=0
00:02:07.029999 HcInterruptEnable:  8000005a - SO=0 WDH=1 SF=0 RD=1 UE=1 FNO=0 RHSC=1 OC=0 MIE=1
00:02:07.030001 HcHCCA:             35402000
00:02:07.030001 HcPeriodCurrentED:  00000000
00:02:07.030001 HcControlHeadED:    00000000
00:02:07.030001 HcControlCurrentED: 00000000
00:02:07.030001 HcBulkHeadED:       00000000
00:02:07.030002 HcBulkCurrentED:    00000000
00:02:07.030002 HcDoneHead:         00000000
00:02:07.030002 HcDoneHead:         00000000
00:02:07.030002 HcRhDescriptorA:    0000020c - NDP=12 PSM=0 NPS=1 DT=0 OCPM=0 NOCP=0 POTPGT=0
00:02:07.030003 HcRhDescriptorB:    00000000 - DR=0x00 PPCM=0x00
00:02:07.030004 HcRhStatus:         00008000 - LPS=0 OCI=0 DRWE=1  LPSC=0 OCIC=0 CRWE=0
00:02:07.030004 
00:02:07.030005 HcRhPortStatus00: CCS=0 PES =0 PSS =0 POCI=0 PRS =0  PPS=0 LSDA=0
00:02:07.030005       00000000 -  CSC=0 PESC=0 PSSC=0 OCIC=0 PRSC=0
00:02:07.030006 HcRhPortStatus01: CCS=0 PES =0 PSS =0 POCI=0 PRS =0  PPS=0 LSDA=0
00:02:07.030006       00000000 -  CSC=0 PESC=0 PSSC=0 OCIC=0 PRSC=0
00:02:07.030007 HcRhPortStatus02: CCS=0 PES =0 PSS =0 POCI=0 PRS =0  PPS=0 LSDA=0
00:02:07.030008       00000000 -  CSC=0 PESC=0 PSSC=0 OCIC=0 PRSC=0
00:02:07.030008 HcRhPortStatus03: CCS=0 PES =0 PSS =0 POCI=0 PRS =0  PPS=0 LSDA=0
00:02:07.030009       00000000 -  CSC=0 PESC=0 PSSC=0 OCIC=0 PRSC=0
00:02:07.030009 HcRhPortStatus04: CCS=0 PES =0 PSS =0 POCI=0 PRS =0  PPS=0 LSDA=0
00:02:07.030010       00000000 -  CSC=0 PESC=0 PSSC=0 OCIC=0 PRSC=0
00:02:07.030010 HcRhPortStatus05: CCS=0 PES =0 PSS =0 POCI=0 PRS =0  PPS=0 LSDA=0
00:02:07.030011       00000000 -  CSC=0 PESC=0 PSSC=0 OCIC=0 PRSC=0
00:02:07.030011 HcRhPortStatus06: CCS=0 PES =0 PSS =0 POCI=0 PRS =0  PPS=0 LSDA=0
00:02:07.030012       00000000 -  CSC=0 PESC=0 PSSC=0 OCIC=0 PRSC=0
00:02:07.030013 HcRhPortStatus07: CCS=0 PES =0 PSS =0 POCI=0 PRS =0  PPS=0 LSDA=0
00:02:07.030013       00000000 -  CSC=0 PESC=0 PSSC=0 OCIC=0 PRSC=0
00:02:07.030014 HcRhPortStatus08: CCS=0 PES =0 PSS =0 POCI=0 PRS =0  PPS=0 LSDA=0
00:02:07.030014       00000000 -  CSC=0 PESC=0 PSSC=0 OCIC=0 PRSC=0
00:02:07.030015 HcRhPortStatus09: CCS=0 PES =0 PSS =0 POCI=0 PRS =0  PPS=0 LSDA=0
00:02:07.030015       00000000 -  CSC=0 PESC=0 PSSC=0 OCIC=0 PRSC=0
00:02:07.030016 HcRhPortStatus10: CCS=0 PES =0 PSS =0 POCI=0 PRS =0  PPS=0 LSDA=0
00:02:07.030016       00000000 -  CSC=0 PESC=0 PSSC=0 OCIC=0 PRSC=0
00:02:07.030017 HcRhPortStatus11: CCS=0 PES =0 PSS =0 POCI=0 PRS =0  PPS=0 LSDA=0
00:02:07.030018       00000000 -  CSC=0 PESC=0 PSSC=0 OCIC=0 PRSC=0
00:02:07.030018 !!
00:02:07.030019 !! {pci}
00:02:07.030019 !!
00:02:07.030019 00:00.0 i440FX: 8086-1237 PIIX3
00:02:07.030020         Class base/sub: 0600 (bridge device)
00:02:07.030021         Command: 0000, Status: 0000
00:02:07.030022         Bus master: No
00:02:07.030022 00:01.0 PIIX3: 8086-7000 PIIX3
00:02:07.030023         Class base/sub: 0601 (bridge device)
00:02:07.030024         Command: 0007, Status: 0200
00:02:07.030024         Bus master: Yes
00:02:07.030025 00:01.1 piix3ide: 8086-7111 PIIX3
00:02:07.030025         Class base/sub: 0101 (mass storage controller)
00:02:07.030026         IO region #4: d000..d00f
00:02:07.030027         Command: 0007, Status: 0000
00:02:07.030027         Bus master: Yes
00:02:07.030028 00:02.0 vga: 80ee-beef PIIX3 IRQ10 (INTA#->IRQ18)
00:02:07.030029         Class base/sub: 0300 (display controller)
00:02:07.030030         MMIO32 PREFETCH region #0: e0000000..e3ffffff
00:02:07.030031         Command: 0003, Status: 0000
00:02:07.030031         Bus master: No
00:02:07.030031 00:03.0 e1000: 8086-100e PIIX3 IRQ9 (INTA#->IRQ19)
00:02:07.030032         Class base/sub: 0200 (network controller)
00:02:07.030033         MMIO32 region #0: f0000000..f001ffff
00:02:07.030033         IO region #2: d010..d017
00:02:07.030034         Command: 0007, Status: 0230
00:02:07.030034         Bus master: Yes
00:02:07.030035 00:04.0 VMMDev: 80ee-cafe PIIX3 IRQ11 (INTA#->IRQ20)
00:02:07.030036         Class base/sub: 0880 (base system peripherals)
00:02:07.030036         IO region #0: d020..d03f
00:02:07.030037         MMIO32 region #1: f0400000..f07fffff
00:02:07.030037         MMIO32 PREFETCH region #2: f0800000..f0803fff
00:02:07.030038         Command: 0003, Status: 0000
00:02:07.030038         Bus master: No
00:02:07.030039 00:05.0 ichac97: 8086-2415 PIIX3 IRQ11 (INTA#->IRQ21)
00:02:07.030040         Class base/sub: 0401 (multimedia controller)
00:02:07.030040         IO region #0: d100..d1ff
00:02:07.030040         IO region #1: d200..d23f
00:02:07.030041         Command: 0005, Status: 0280
00:02:07.030041         Bus master: Yes
00:02:07.030042 00:06.0 usb-ohci: 106b-003f PIIX3 IRQ10 (INTA#->IRQ22)
00:02:07.030043         Class base/sub: 0c03 (serial bus controllers)
00:02:07.030043         MMIO32 region #0: f0804000..f0804fff
00:02:07.030044         Command: 0006, Status: 0010
00:02:07.030044         Bus master: Yes
00:02:07.030045 00:07.0 acpi: 8086-7113 PIIX3 IRQ9 (INTA#->IRQ23)
00:02:07.030046         Class base/sub: 0680 (bridge device)
00:02:07.030047         Command: 0001, Status: 0280
00:02:07.030047         Bus master: No
00:02:07.030048 00:0d.0 ahci: 8086-2829 PIIX3 IRQ11 (INTA#->IRQ21)
00:02:07.030048         Class base/sub: 0106 (mass storage controller)
00:02:07.030049         IO region #0: d240..d247
00:02:07.030049         IO region #1: d248..d248
00:02:07.030050         IO region #2: d250..d257
00:02:07.030050         IO region #3: d258..d258
00:02:07.030050         IO region #4: d260..d26f
00:02:07.030051         MMIO32 region #5: f0806000..f0807fff
00:02:07.030051         Command: 0007, Status: 0010
00:02:07.030052         Bus master: Yes
00:02:07.030052 00:14.0 lsilogicscsi: 1000-0030 PIIX3 IRQ11 (INTA#->IRQ20)
00:02:07.030053         Class base/sub: 0100 (mass storage controller)
00:02:07.030053         IO region #0: d300..d3ff
00:02:07.030054         MMIO32 region #1: f0820000..f083ffff
00:02:07.030054         MMIO32 region #2: f0840000..f085ffff
00:02:07.030055         Command: 0007, Status: 0010
00:02:07.030055         Bus master: Yes
00:02:07.030056 !!
00:02:07.030056 !! {pciirq}
00:02:07.030056 !!
00:02:07.030056 PCI I/O APIC IRQ levels:
00:02:07.030056   IRQ16: 0
00:02:07.030057   IRQ17: 0
00:02:07.030057   IRQ18: 0
00:02:07.030057   IRQ19: 0
00:02:07.030058   IRQ20: 0
00:02:07.030058   IRQ21: 0
00:02:07.030058   IRQ22: 0
00:02:07.030058   IRQ23: 0
00:02:07.030058 !!
00:02:07.030059 !! {pdmtracingids}
00:02:07.030059 !!
00:02:07.030059 Device tracing IDs:
00:02:07.030059 00001  pcarch
00:02:07.030060 00002  pcbios
00:02:07.030060 00003  pci
00:02:07.030062 00004  pckbd
00:02:07.030063 00005  apic
00:02:07.030063 00006  i8259
00:02:07.030063 00007  ioapic
00:02:07.030064 00008  i8254
00:02:07.030064 00009  mc146818
00:02:07.030065 00010  8237A
00:02:07.030065 00011  VMMDev
00:02:07.030066 00012  vga
00:02:07.030066 00013  ahci
00:02:07.030066 00014  lsilogicscsi
00:02:07.030067 00015  piix3ide
00:02:07.030067 00016  e1000
00:02:07.030067 00017  ichac97
00:02:07.030067 00018  usb-ohci
00:02:07.030068 00019  acpi
00:02:07.030068 00020  GIMDev
00:02:07.030068 USB device tracing IDs:
00:02:07.030068 Driver tracing IDs:
00:02:07.030069 01025  KeyboardQueue (level 0, lun 0, dev pckbd)
00:02:07.030071 01026  MainKeyboard (level 1, lun 0, dev pckbd)
00:02:07.030073 01027  MouseQueue (level 0, lun 1, dev pckbd)
00:02:07.030074 01028  MainMouse (level 1, lun 1, dev pckbd)
00:02:07.030075 01029  HGCM (level 0, lun 0, dev VMMDev)
00:02:07.030076 01030  MainStatus (level 0, lun 999, dev VMMDev)
00:02:07.030077 01031  MainDisplay (level 0, lun 0, dev vga)
00:02:07.030078 01032  MainStatus (level 0, lun 999, dev vga)
00:02:07.030079 01033  MainStatus (level 0, lun 999, dev ahci)
00:02:07.030080 01034  SCSI (level 0, lun 0, dev lsilogicscsi)
00:02:07.030081 01035  VD (level 1, lun 0, dev lsilogicscsi)
00:02:07.030082 01036  MainStatus (level 0, lun 999, dev lsilogicscsi)
00:02:07.030082 01037  MainStatus (level 0, lun 999, dev piix3ide)
00:02:07.030083 01038  MainStatus (level 0, lun 999, dev e1000)
00:02:07.030084 01039  IntNet (level 0, lun 0, dev e1000)
00:02:07.030085 01040  AUDIO (level 0, lun 0, dev ichac97)
00:02:07.030085 01041  HostAudioWas (level 1, lun 0, dev ichac97)
00:02:07.030086 01042  AUDIO (level 0, lun 1, dev ichac97)
00:02:07.030087 01043  AUDIO (level 0, lun 2, dev ichac97)
00:02:07.030088 01044  VUSBRootHub (level 0, lun 0, dev usb-ohci)
00:02:07.030089 01045  MainStatus (level 0, lun 999, dev usb-ohci)
00:02:07.030089 01046  ACPIHost (level 0, lun 0, dev acpi)
00:02:07.030090 !!
00:02:07.030090 !! {pgmpoolpages}
00:02:07.030090 !!
00:02:07.030091 #0045: HCPhys=000000003f823000 GCPhys=000000020c639000 A20  EPT_PDPT_FOR_EPT_PDPT  cached monitored
00:02:07.030093 #0046: HCPhys=000000003f824000 GCPhys=000000020cef5000 A20  EPT_PML4_FOR_EPT_PML4  cached
00:02:07.030094 #0047: HCPhys=000000003f825000 GCPhys=000000020f7b0000 A20  EPT_PT_FOR_EPT_PT  cached monitored
00:02:07.030095 #0048: HCPhys=000000003f826000 GCPhys=000000020ed4a000 A20  EPT_PD_FOR_EPT_PD  cached monitored
00:02:07.030095 #0049: HCPhys=000000003f827000 GCPhys=00000002114ff000 A20  EPT_PT_FOR_EPT_PT  cached monitored
00:02:07.030096 #004a: HCPhys=000000003f828000 GCPhys=00000002114e6000 A20  EPT_PD_FOR_EPT_PD  cached monitored
00:02:07.030097 #004b: HCPhys=000000003f829000 GCPhys=000000020f8da000 A20  EPT_PDPT_FOR_EPT_PDPT  cached monitored
00:02:07.030098 #004c: HCPhys=000000003f82a000 GCPhys=0000000210535000 A20  EPT_PML4_FOR_EPT_PML4  cached
00:02:07.030098 #004d: HCPhys=000000003f82b000 GCPhys=0000000210534000 A20  EPT_PT_FOR_EPT_PT  cached monitored
00:02:07.030099 #004e: HCPhys=000000003f82c000 GCPhys=000000020fe29000 A20  EPT_PD_FOR_EPT_PD  cached monitored
00:02:07.030099 #004f: HCPhys=000000003f82d000 GCPhys=000000021031d000 A20  EPT_PT_FOR_EPT_PT  cached monitored
00:02:07.030100 #0050: HCPhys=000000003f82e000 GCPhys=0000000210101000 A20  EPT_PD_FOR_EPT_PD  cached monitored
00:02:07.030101 #0051: HCPhys=000000003f82f000 GCPhys=000000020f889000 A20  EPT_PDPT_FOR_EPT_PDPT  cached monitored
00:02:07.030101 #0052: HCPhys=000000003f830000 GCPhys=00000002108b9000 A20  EPT_PML4_FOR_EPT_PML4  cached
00:02:07.030102 #0053: HCPhys=000000003f831000 GCPhys=000000020f8be000 A20  EPT_PT_FOR_EPT_PT  cached monitored
00:02:07.030103 #0054: HCPhys=000000003f832000 GCPhys=0000000210300000 A20  EPT_PD_FOR_EPT_PD  cached monitored
00:02:07.030103 #0055: HCPhys=000000003f833000 GCPhys=000000020fbf5000 A20  EPT_PT_FOR_EPT_PT  cached monitored
00:02:07.030104 #0056: HCPhys=000000003f834000 GCPhys=000000020c7e0000 A20  EPT_PD_FOR_EPT_PD  cached monitored
00:02:07.030105 #0057: HCPhys=000000003f835000 GCPhys=0000000210375000 A20  EPT_PDPT_FOR_EPT_PDPT  cached monitored
00:02:07.030105 #0058: HCPhys=000000003f836000 GCPhys=000000020c62c000 A20  EPT_PML4_FOR_EPT_PML4  cached
00:02:07.030106 #0059: HCPhys=000000003f837000 GCPhys=000000021107c000 A20  EPT_PT_FOR_EPT_PT  cached monitored
00:02:07.030107 #005a: HCPhys=000000003f838000 GCPhys=000000020c78d000 A20  EPT_PD_FOR_EPT_PD  cached monitored
00:02:07.030107 #005b: HCPhys=000000003f839000 GCPhys=000000021035a000 A20  EPT_PT_FOR_EPT_PT  cached monitored
00:02:07.030108 #005c: HCPhys=000000003f83a000 GCPhys=000000020c605000 A20  EPT_PD_FOR_EPT_PD  cached monitored
00:02:07.030109 #005d: HCPhys=000000003f83b000 GCPhys=000000020ed51000 A20  EPT_PDPT_FOR_EPT_PDPT  cached monitored
00:02:07.030109 #005e: HCPhys=000000003f83c000 GCPhys=0000000210b93000 A20  EPT_PML4_FOR_EPT_PML4  cached
00:02:07.030110 #005f: HCPhys=000000003f83d000 GCPhys=000000020f8ef000 A20  EPT_PT_FOR_EPT_PT  cached monitored
00:02:07.030111 #0060: HCPhys=000000003f83e000 GCPhys=0000000210132000 A20  EPT_PD_FOR_EPT_PD  cached monitored
00:02:07.030111 #0061: HCPhys=000000003f83f000 GCPhys=000000020cb54000 A20  EPT_PT_FOR_EPT_PT  cached monitored
00:02:07.030112 #0062: HCPhys=000000003f840000 GCPhys=0000000210477000 A20  EPT_PD_FOR_EPT_PD  cached monitored
00:02:07.030113 #0063: HCPhys=000000003f841000 GCPhys=000000020f7aa000 A20  EPT_PDPT_FOR_EPT_PDPT  cached monitored
00:02:07.030113 #0064: HCPhys=000000003f842000 GCPhys=00000002109f7000 A20  EPT_PML4_FOR_EPT_PML4  cached
00:02:07.030114 #0065: HCPhys=000000003f843000 GCPhys=0000000210446000 A20  EPT_PT_FOR_EPT_PT  cached monitored
00:02:07.030115 #0066: HCPhys=000000003f844000 GCPhys=000000020fe3e000 A20  EPT_PD_FOR_EPT_PD  cached monitored
00:02:07.030115 #0067: HCPhys=000000003f845000 GCPhys=000000020fb99000 A20  EPT_PT_FOR_EPT_PT  cached monitored
00:02:07.030116 #0068: HCPhys=000000003f846000 GCPhys=0000000215783000 A20  EPT_PD_FOR_EPT_PD  cached monitored
00:02:07.030117 #0069: HCPhys=000000003f847000 GCPhys=000000020ce94000 A20  EPT_PDPT_FOR_EPT_PDPT  cached monitored
00:02:07.030118 #006a: HCPhys=000000003f848000 GCPhys=0000000210fa8000 A20  EPT_PML4_FOR_EPT_PML4  cached
00:02:07.030118 #006b: HCPhys=000000003f849000 GCPhys=00000001d2600000 A20  EPT_PT_FOR_PHYS  cached
00:02:07.030119 #006c: HCPhys=000000003f84a000 GCPhys=00000001d2400000 A20  EPT_PT_FOR_PHYS  cached
00:02:07.030120 #006d: HCPhys=000000003f84b000 GCPhys=00000001d2e00000 A20  EPT_PT_FOR_PHYS  cached
00:02:07.030120 #006e: HCPhys=000000003f84c000 GCPhys=00000001d2800000 A20  EPT_PT_FOR_PHYS  cached
00:02:07.030121 #006f: HCPhys=000000003f84d000 GCPhys=00000001d2c00000 A20  EPT_PT_FOR_PHYS  cached
00:02:07.030122 #0070: HCPhys=000000003f84e000 GCPhys=00000001d3200000 A20  EPT_PT_FOR_PHYS  cached
00:02:07.030122 #0071: HCPhys=000000003f84f000 GCPhys=00000001d3000000 A20  EPT_PT_FOR_PHYS  cached
00:02:07.030123 #0072: HCPhys=000000003f850000 GCPhys=00000001d3600000 A20  EPT_PT_FOR_PHYS  cached
00:02:07.030124 #0073: HCPhys=000000003f851000 GCPhys=00000001d3400000 A20  EPT_PT_FOR_PHYS  cached
00:02:07.030124 #0074: HCPhys=000000003f852000 GCPhys=00000001d3a00000 A20  EPT_PT_FOR_PHYS  cached
00:02:07.030125 #0075: HCPhys=000000003f853000 GCPhys=00000001d3800000 A20  EPT_PT_FOR_PHYS  cached
00:02:07.030125 #0076: HCPhys=000000003f854000 GCPhys=00000001d3e00000 A20  EPT_PT_FOR_PHYS  cached
00:02:07.030126 #0077: HCPhys=000000003f855000 GCPhys=00000001d3c00000 A20  EPT_PT_FOR_PHYS  cached
00:02:07.030127 #0078: HCPhys=000000003f856000 GCPhys=00000001d4200000 A20  EPT_PT_FOR_PHYS  cached
00:02:07.030127 #0079: HCPhys=000000003f857000 GCPhys=00000001d4000000 A20  EPT_PT_FOR_PHYS  cached
00:02:07.030128 #007a: HCPhys=000000003f858000 GCPhys=00000001d4600000 A20  EPT_PT_FOR_PHYS  cached
00:02:07.030129 #007b: HCPhys=000000003f859000 GCPhys=00000001d4400000 A20  EPT_PT_FOR_PHYS  cached
00:02:07.030129 #007c: HCPhys=000000003f85a000 GCPhys=00000001d4a00000 A20  EPT_PT_FOR_PHYS  cached
00:02:07.030130 #007d: HCPhys=000000003f85b000 GCPhys=00000001d4800000 A20  EPT_PT_FOR_PHYS  cached
00:02:07.030131 #007e: HCPhys=000000003f85c000 GCPhys=00000001d4e00000 A20  EPT_PT_FOR_PHYS  cached
00:02:07.030131 #007f: HCPhys=000000003f85d000 GCPhys=00000001d4c00000 A20  EPT_PT_FOR_PHYS  cached
00:02:07.030132 #0080: HCPhys=000000003f85e000 GCPhys=00000001d5200000 A20  EPT_PT_FOR_PHYS  cached
00:02:07.030133 #0081: HCPhys=000000003f85f000 GCPhys=00000001d5000000 A20  EPT_PT_FOR_PHYS  cached
00:02:07.030133 #0082: HCPhys=000000003f860000 GCPhys=00000001d5600000 A20  EPT_PT_FOR_PHYS  cached
00:02:07.030134 #0083: HCPhys=000000003f861000 GCPhys=00000001d5400000 A20  EPT_PT_FOR_PHYS  cached
00:02:07.030135 #0084: HCPhys=000000003f862000 GCPhys=00000001d5a00000 A20  EPT_PT_FOR_PHYS  cached
00:02:07.030135 #0085: HCPhys=000000003f863000 GCPhys=00000001d5800000 A20  EPT_PT_FOR_PHYS  cached
00:02:07.030136 #0086: HCPhys=000000003f864000 GCPhys=00000001d5e00000 A20  EPT_PT_FOR_PHYS  cached
00:02:07.030136 #0087: HCPhys=000000003f865000 GCPhys=00000001d5c00000 A20  EPT_PT_FOR_PHYS  cached
00:02:07.030137 #0088: HCPhys=000000003f866000 GCPhys=00000001d6200000 A20  EPT_PT_FOR_PHYS  cached
00:02:07.030138 #0089: HCPhys=000000003f867000 GCPhys=00000001d6000000 A20  EPT_PT_FOR_PHYS  cached
00:02:07.030138 #008a: HCPhys=000000003f868000 GCPhys=00000001d6600000 A20  EPT_PT_FOR_PHYS  cached
00:02:07.030139 #008b: HCPhys=000000003f869000 GCPhys=00000001d6400000 A20  EPT_PT_FOR_PHYS  cached
00:02:07.030140 #008c: HCPhys=000000003f86a000 GCPhys=00000001d6a00000 A20  EPT_PT_FOR_PHYS  cached
00:02:07.030140 #008d: HCPhys=000000003f86b000 GCPhys=00000001d6800000 A20  EPT_PT_FOR_PHYS  cached
00:02:07.030141 #008e: HCPhys=000000003f86c000 GCPhys=00000001d6e00000 A20  EPT_PT_FOR_PHYS  cached
00:02:07.030141 #008f: HCPhys=000000003f86d000 GCPhys=00000001d6c00000 A20  EPT_PT_FOR_PHYS  cached
00:02:07.030142 #0090: HCPhys=000000003f86e000 GCPhys=00000001d7200000 A20  EPT_PT_FOR_PHYS  cached
00:02:07.030143 #0091: HCPhys=000000003f86f000 GCPhys=00000001d7000000 A20  EPT_PT_FOR_PHYS  cached
00:02:07.030143 #0092: HCPhys=000000003f870000 GCPhys=00000001d7600000 A20  EPT_PT_FOR_PHYS  cached
00:02:07.030144 #0093: HCPhys=000000003f871000 GCPhys=00000001d7400000 A20  EPT_PT_FOR_PHYS  cached
00:02:07.030145 #0094: HCPhys=000000003f872000 GCPhys=00000001d7a00000 A20  EPT_PT_FOR_PHYS  cached
00:02:07.030145 #0095: HCPhys=000000003f873000 GCPhys=00000001d7800000 A20  EPT_PT_FOR_PHYS  cached
00:02:07.030146 #0096: HCPhys=000000003f874000 GCPhys=00000001d7e00000 A20  EPT_PT_FOR_PHYS  cached
00:02:07.030147 #0097: HCPhys=000000003f875000 GCPhys=00000001d7c00000 A20  EPT_PT_FOR_PHYS  cached
00:02:07.030147 #0098: HCPhys=000000003f876000 GCPhys=00000001d8200000 A20  EPT_PT_FOR_PHYS  cached
00:02:07.030148 #0099: HCPhys=000000003f877000 GCPhys=00000001d8000000 A20  EPT_PT_FOR_PHYS  cached
00:02:07.030149 #009a: HCPhys=000000003f878000 GCPhys=00000001d8600000 A20  EPT_PT_FOR_PHYS  cached
00:02:07.030149 #009b: HCPhys=000000003f879000 GCPhys=00000001d8400000 A20  EPT_PT_FOR_PHYS  cached
00:02:07.030150 #009c: HCPhys=000000003f87a000 GCPhys=00000001d8a00000 A20  EPT_PT_FOR_PHYS  cached
00:02:07.030151 #009d: HCPhys=000000003f87b000 GCPhys=00000001d8800000 A20  EPT_PT_FOR_PHYS  cached
00:02:07.030151 #009e: HCPhys=000000003f87c000 GCPhys=00000001d8e00000 A20  EPT_PT_FOR_PHYS  cached
00:02:07.030152 #009f: HCPhys=000000003f87d000 GCPhys=00000001d8c00000 A20  EPT_PT_FOR_PHYS  cached
00:02:07.030153 #00a0: HCPhys=000000003f87e000 GCPhys=00000001d9200000 A20  EPT_PT_FOR_PHYS  cached
00:02:07.030153 #00a1: HCPhys=000000003f87f000 GCPhys=00000001d9000000 A20  EPT_PT_FOR_PHYS  cached
00:02:07.030154 #00a2: HCPhys=000000003f880000 GCPhys=00000001d9600000 A20  EPT_PT_FOR_PHYS  cached
00:02:07.030155 #00a3: HCPhys=000000003f881000 GCPhys=00000001d9400000 A20  EPT_PT_FOR_PHYS  cached
00:02:07.030155 #00a4: HCPhys=000000003f882000 GCPhys=00000001d9a00000 A20  EPT_PT_FOR_PHYS  cached
00:02:07.030156 #00a5: HCPhys=000000003f883000 GCPhys=00000001d9800000 A20  EPT_PT_FOR_PHYS  cached
00:02:07.030156 #00a6: HCPhys=000000003f884000 GCPhys=00000001d9e00000 A20  EPT_PT_FOR_PHYS  cached
00:02:07.030157 #00a7: HCPhys=000000003f885000 GCPhys=00000001d9c00000 A20  EPT_PT_FOR_PHYS  cached
00:02:07.030158 #00a8: HCPhys=000000003f886000 GCPhys=00000001da200000 A20  EPT_PT_FOR_PHYS  cached
00:02:07.030158 #00a9: HCPhys=000000003f887000 GCPhys=00000001da000000 A20  EPT_PT_FOR_PHYS  cached
00:02:07.030159 #00aa: HCPhys=000000003f888000 GCPhys=00000001da600000 A20  EPT_PT_FOR_PHYS  cached
00:02:07.030160 #00ab: HCPhys=000000003f889000 GCPhys=00000001da400000 A20  EPT_PT_FOR_PHYS  cached
00:02:07.030160 #00ac: HCPhys=000000003f88a000 GCPhys=00000001daa00000 A20  EPT_PT_FOR_PHYS  cached
00:02:07.030161 #00ad: HCPhys=000000003f88b000 GCPhys=00000001da800000 A20  EPT_PT_FOR_PHYS  cached
00:02:07.030162 #00ae: HCPhys=000000003f88c000 GCPhys=00000001dae00000 A20  EPT_PT_FOR_PHYS  cached
00:02:07.030162 #00af: HCPhys=000000003f88d000 GCPhys=00000001dac00000 A20  EPT_PT_FOR_PHYS  cached
00:02:07.030163 #00b0: HCPhys=000000003f88e000 GCPhys=00000001db200000 A20  EPT_PT_FOR_PHYS  cached
00:02:07.030163 #00b1: HCPhys=000000003f88f000 GCPhys=00000001db000000 A20  EPT_PT_FOR_PHYS  cached
00:02:07.030164 #00b2: HCPhys=000000003f890000 GCPhys=00000001db600000 A20  EPT_PT_FOR_PHYS  cached
00:02:07.030165 #00b3: HCPhys=000000003f891000 GCPhys=00000001db400000 A20  EPT_PT_FOR_PHYS  cached
00:02:07.030165 #00b4: HCPhys=000000003f892000 GCPhys=00000001dba00000 A20  EPT_PT_FOR_PHYS  cached
00:02:07.030166 #00b5: HCPhys=000000003f893000 GCPhys=00000001db800000 A20  EPT_PT_FOR_PHYS  cached
00:02:07.030167 #00b6: HCPhys=000000003f894000 GCPhys=00000001dbe00000 A20  EPT_PT_FOR_PHYS  cached
00:02:07.030167 #00b7: HCPhys=000000003f895000 GCPhys=00000001dbc00000 A20  EPT_PT_FOR_PHYS  cached
00:02:07.030168 #00b8: HCPhys=000000003f896000 GCPhys=00000001dc200000 A20  EPT_PT_FOR_PHYS  cached
00:02:07.030169 #00b9: HCPhys=000000003f897000 GCPhys=00000001dc000000 A20  EPT_PT_FOR_PHYS  cached
00:02:07.030169 #00ba: HCPhys=000000003f898000 GCPhys=00000001dc600000 A20  EPT_PT_FOR_PHYS  cached
00:02:07.030170 #00bb: HCPhys=000000003f899000 GCPhys=00000001dc400000 A20  EPT_PT_FOR_PHYS  cached
00:02:07.030171 #00bc: HCPhys=000000003f89a000 GCPhys=00000001dca00000 A20  EPT_PT_FOR_PHYS  cached
00:02:07.030171 #00bd: HCPhys=000000003f89b000 GCPhys=00000001dc800000 A20  EPT_PT_FOR_PHYS  cached
00:02:07.030172 #00be: HCPhys=000000003f89c000 GCPhys=00000001dce00000 A20  EPT_PT_FOR_PHYS  cached
00:02:07.030172 #00bf: HCPhys=000000003f89d000 GCPhys=00000001dcc00000 A20  EPT_PT_FOR_PHYS  cached
00:02:07.030173 #00c0: HCPhys=000000003f89e000 GCPhys=00000001dd200000 A20  EPT_PT_FOR_PHYS  cached
00:02:07.030174 #00c1: HCPhys=000000003f89f000 GCPhys=00000001dd000000 A20  EPT_PT_FOR_PHYS  cached
00:02:07.030174 #00c2: HCPhys=000000003f8a0000 GCPhys=00000001dd600000 A20  EPT_PT_FOR_PHYS  cached
00:02:07.030175 #00c3: HCPhys=000000003f8a1000 GCPhys=00000001dd400000 A20  EPT_PT_FOR_PHYS  cached
00:02:07.030176 #00c4: HCPhys=000000003f8a2000 GCPhys=00000001dda00000 A20  EPT_PT_FOR_PHYS  cached
00:02:07.030176 #00c5: HCPhys=000000003f8a3000 GCPhys=00000001dd800000 A20  EPT_PT_FOR_PHYS  cached
00:02:07.030177 #00c6: HCPhys=000000003f8a4000 GCPhys=00000001dde00000 A20  EPT_PT_FOR_PHYS  cached
00:02:07.030178 #00c7: HCPhys=000000003f8a5000 GCPhys=00000001ddc00000 A20  EPT_PT_FOR_PHYS  cached
00:02:07.030178 #00c8: HCPhys=000000003f8a6000 GCPhys=00000001de200000 A20  EPT_PT_FOR_PHYS  cached
00:02:07.030179 #00c9: HCPhys=000000003f8a7000 GCPhys=00000001de000000 A20  EPT_PT_FOR_PHYS  cached
00:02:07.030179 #00ca: HCPhys=000000003f8a8000 GCPhys=00000001de600000 A20  EPT_PT_FOR_PHYS  cached
00:02:07.030180 #00cb: HCPhys=000000003f8a9000 GCPhys=00000001de400000 A20  EPT_PT_FOR_PHYS  cached
00:02:07.030181 #00cc: HCPhys=000000003f8aa000 GCPhys=00000001dea00000 A20  EPT_PT_FOR_PHYS  cached
00:02:07.030181 #00cd: HCPhys=000000003f8ab000 GCPhys=00000001de800000 A20  EPT_PT_FOR_PHYS  cached
00:02:07.030182 #00ce: HCPhys=000000003f8ac000 GCPhys=00000001dee00000 A20  EPT_PT_FOR_PHYS  cached
00:02:07.030183 #00cf: HCPhys=000000003f8ad000 GCPhys=00000001dec00000 A20  EPT_PT_FOR_PHYS  cached
00:02:07.030183 #00d0: HCPhys=000000003f8ae000 GCPhys=00000001df200000 A20  EPT_PT_FOR_PHYS  cached
00:02:07.030184 #00d1: HCPhys=000000003f8af000 GCPhys=00000001df000000 A20  EPT_PT_FOR_PHYS  cached
00:02:07.030185 #00d2: HCPhys=000000003f8b0000 GCPhys=00000001df600000 A20  EPT_PT_FOR_PHYS  cached
00:02:07.030185 #00d3: HCPhys=000000003f8b1000 GCPhys=00000001df400000 A20  EPT_PT_FOR_PHYS  cached
00:02:07.030186 #00d4: HCPhys=000000003f8b2000 GCPhys=00000001dfa00000 A20  EPT_PT_FOR_PHYS  cached
00:02:07.030186 #00d5: HCPhys=000000003f8b3000 GCPhys=00000001df800000 A20  EPT_PT_FOR_PHYS  cached
00:02:07.030187 #00d6: HCPhys=000000003f8b4000 GCPhys=00000001dfe00000 A20  EPT_PT_FOR_PHYS  cached
00:02:07.030188 #00d7: HCPhys=000000003f8b5000 GCPhys=00000001dfc00000 A20  EPT_PT_FOR_PHYS  cached
00:02:07.030188 #00d8: HCPhys=000000003f8b6000 GCPhys=00000001e0200000 A20  EPT_PT_FOR_PHYS  cached
00:02:07.030189 #00d9: HCPhys=000000003f8b7000 GCPhys=00000001e0000000 A20  EPT_PT_FOR_PHYS  cached
00:02:07.030190 #00da: HCPhys=000000003f8b8000 GCPhys=00000001e0600000 A20  EPT_PT_FOR_PHYS  cached
00:02:07.030190 #00db: HCPhys=000000003f8b9000 GCPhys=00000001e0400000 A20  EPT_PT_FOR_PHYS  cached
00:02:07.030191 #00dc: HCPhys=000000003f8ba000 GCPhys=00000001e0a00000 A20  EPT_PT_FOR_PHYS  cached
00:02:07.030192 #00dd: HCPhys=000000003f8bb000 GCPhys=00000001e0800000 A20  EPT_PT_FOR_PHYS  cached
00:02:07.030192 #00de: HCPhys=000000003f8bc000 GCPhys=00000001e0e00000 A20  EPT_PT_FOR_PHYS  cached
00:02:07.030193 #00df: HCPhys=000000003f8bd000 GCPhys=00000001e0c00000 A20  EPT_PT_FOR_PHYS  cached
00:02:07.030194 #00e0: HCPhys=000000003f8be000 GCPhys=00000001e1200000 A20  EPT_PT_FOR_PHYS  cached
00:02:07.030194 #00e1: HCPhys=000000003f8bf000 GCPhys=00000001e1000000 A20  EPT_PT_FOR_PHYS  cached
00:02:07.030195 #00e2: HCPhys=000000003f8c0000 GCPhys=00000001e1600000 A20  EPT_PT_FOR_PHYS  cached
00:02:07.030195 #00e3: HCPhys=000000003f8c1000 GCPhys=00000001e1400000 A20  EPT_PT_FOR_PHYS  cached
00:02:07.030196 #00e4: HCPhys=000000003f8c2000 GCPhys=00000001e1a00000 A20  EPT_PT_FOR_PHYS  cached
00:02:07.030197 #00e5: HCPhys=000000003f8c3000 GCPhys=00000001e1800000 A20  EPT_PT_FOR_PHYS  cached
00:02:07.030252 #00e6: HCPhys=000000003f8c4000 GCPhys=00000001e1e00000 A20  EPT_PT_FOR_PHYS  cached
00:02:07.030253 #00e7: HCPhys=000000003f8c5000 GCPhys=00000001e1c00000 A20  EPT_PT_FOR_PHYS  cached
00:02:07.030254 #00e8: HCPhys=000000003f8c6000 GCPhys=00000001e2200000 A20  EPT_PT_FOR_PHYS  cached
00:02:07.030254 #00e9: HCPhys=000000003f8c7000 GCPhys=00000001e2000000 A20  EPT_PT_FOR_PHYS  cached
00:02:07.030255 #00ea: HCPhys=000000003f8c8000 GCPhys=00000001e2600000 A20  EPT_PT_FOR_PHYS  cached
00:02:07.030255 #00eb: HCPhys=000000003f8c9000 GCPhys=00000001e2400000 A20  EPT_PT_FOR_PHYS  cached
00:02:07.030256 #00ec: HCPhys=000000003f8ca000 GCPhys=00000001e2a00000 A20  EPT_PT_FOR_PHYS  cached
00:02:07.030257 #00ed: HCPhys=000000003f8cb000 GCPhys=00000001e2800000 A20  EPT_PT_FOR_PHYS  cached
00:02:07.030257 #00ee: HCPhys=000000003f8cc000 GCPhys=00000001e2e00000 A20  EPT_PT_FOR_PHYS  cached
00:02:07.030258 #00ef: HCPhys=000000003f8cd000 GCPhys=00000001e2c00000 A20  EPT_PT_FOR_PHYS  cached
00:02:07.030258 #00f0: HCPhys=000000003f8ce000 GCPhys=00000001e3200000 A20  EPT_PT_FOR_PHYS  cached
00:02:07.030259 #00f1: HCPhys=000000003f8cf000 GCPhys=00000001e3000000 A20  EPT_PT_FOR_PHYS  cached
00:02:07.030260 #00f2: HCPhys=000000003f8d0000 GCPhys=00000001e3600000 A20  EPT_PT_FOR_PHYS  cached
00:02:07.030260 #00f3: HCPhys=000000003f8d1000 GCPhys=00000001e3400000 A20  EPT_PT_FOR_PHYS  cached
00:02:07.030261 #00f4: HCPhys=000000003f8d2000 GCPhys=00000001e3a00000 A20  EPT_PT_FOR_PHYS  cached
00:02:07.030261 #00f5: HCPhys=000000003f8d3000 GCPhys=00000001e3800000 A20  EPT_PT_FOR_PHYS  cached
00:02:07.030262 #00f6: HCPhys=000000003f8d4000 GCPhys=00000001e3e00000 A20  EPT_PT_FOR_PHYS  cached
00:02:07.030263 #00f7: HCPhys=000000003f8d5000 GCPhys=00000001e3c00000 A20  EPT_PT_FOR_PHYS  cached
00:02:07.030263 #00f8: HCPhys=000000003f8d6000 GCPhys=00000001e4200000 A20  EPT_PT_FOR_PHYS  cached
00:02:07.030264 #00f9: HCPhys=000000003f8d7000 GCPhys=00000001e4000000 A20  EPT_PT_FOR_PHYS  cached
00:02:07.030265 #00fa: HCPhys=000000003f8d8000 GCPhys=00000001e4600000 A20  EPT_PT_FOR_PHYS  cached
00:02:07.030265 #00fb: HCPhys=000000003f8d9000 GCPhys=00000001e4400000 A20  EPT_PT_FOR_PHYS  cached
00:02:07.030266 #00fc: HCPhys=000000003f8da000 GCPhys=00000001e4a00000 A20  EPT_PT_FOR_PHYS  cached
00:02:07.030267 #00fd: HCPhys=000000003f8db000 GCPhys=00000001e4800000 A20  EPT_PT_FOR_PHYS  cached
00:02:07.030267 #00fe: HCPhys=000000003f8dc000 GCPhys=00000001e4e00000 A20  EPT_PT_FOR_PHYS  cached
00:02:07.030268 #00ff: HCPhys=000000003f8dd000 GCPhys=00000001e4c00000 A20  EPT_PT_FOR_PHYS  cached
00:02:07.030269 #0100: HCPhys=000000003f8de000 GCPhys=00000001e5200000 A20  EPT_PT_FOR_PHYS  cached
00:02:07.030269 #0101: HCPhys=000000003f8df000 GCPhys=00000001e5000000 A20  EPT_PT_FOR_PHYS  cached
00:02:07.030270 #0102: HCPhys=000000003f8e0000 GCPhys=00000001e5600000 A20  EPT_PT_FOR_PHYS  cached
00:02:07.030271 #0103: HCPhys=000000003f8e1000 GCPhys=00000001e5400000 A20  EPT_PT_FOR_PHYS  cached
00:02:07.030271 #0104: HCPhys=000000003f8e2000 GCPhys=00000001e5a00000 A20  EPT_PT_FOR_PHYS  cached
00:02:07.030272 #0105: HCPhys=000000003f8e3000 GCPhys=00000001e5800000 A20  EPT_PT_FOR_PHYS  cached
00:02:07.030272 #0106: HCPhys=000000003f8e4000 GCPhys=00000001e5e00000 A20  EPT_PT_FOR_PHYS  cached
00:02:07.030273 #0107: HCPhys=000000003f8e5000 GCPhys=00000001e5c00000 A20  EPT_PT_FOR_PHYS  cached
00:02:07.030274 #0108: HCPhys=000000003f8e6000 GCPhys=00000001e6200000 A20  EPT_PT_FOR_PHYS  cached
00:02:07.030274 #0109: HCPhys=000000003f8e7000 GCPhys=00000001e6000000 A20  EPT_PT_FOR_PHYS  cached
00:02:07.030275 #010a: HCPhys=000000003f8e8000 GCPhys=00000001e6600000 A20  EPT_PT_FOR_PHYS  cached
00:02:07.030276 #010b: HCPhys=000000003f8e9000 GCPhys=00000001e6400000 A20  EPT_PT_FOR_PHYS  cached
00:02:07.030276 #010c: HCPhys=000000003f8ea000 GCPhys=00000001e6a00000 A20  EPT_PT_FOR_PHYS  cached
00:02:07.030277 #010d: HCPhys=000000003f8eb000 GCPhys=00000001e6800000 A20  EPT_PT_FOR_PHYS  cached
00:02:07.030277 #010e: HCPhys=000000003f8ec000 GCPhys=00000001e6e00000 A20  EPT_PT_FOR_PHYS  cached
00:02:07.030278 #010f: HCPhys=000000003f8ed000 GCPhys=00000001e6c00000 A20  EPT_PT_FOR_PHYS  cached
00:02:07.030279 #0110: HCPhys=000000003f8ee000 GCPhys=00000001e7200000 A20  EPT_PT_FOR_PHYS  cached
00:02:07.030279 #0111: HCPhys=000000003f8ef000 GCPhys=00000001e7000000 A20  EPT_PT_FOR_PHYS  cached
00:02:07.030280 #0112: HCPhys=000000003f8f0000 GCPhys=00000001e7600000 A20  EPT_PT_FOR_PHYS  cached
00:02:07.030280 #0113: HCPhys=000000003f8f1000 GCPhys=00000001e7400000 A20  EPT_PT_FOR_PHYS  cached
00:02:07.030281 #0114: HCPhys=000000003f8f2000 GCPhys=00000001e7a00000 A20  EPT_PT_FOR_PHYS  cached
00:02:07.030282 #0115: HCPhys=000000003f8f3000 GCPhys=00000001e7800000 A20  EPT_PT_FOR_PHYS  cached
00:02:07.030282 #0116: HCPhys=000000003f8f4000 GCPhys=00000001e7e00000 A20  EPT_PT_FOR_PHYS  cached
00:02:07.030283 #0117: HCPhys=000000003f8f5000 GCPhys=00000001e7c00000 A20  EPT_PT_FOR_PHYS  cached
00:02:07.030284 #0118: HCPhys=000000003f8f6000 GCPhys=00000001e8200000 A20  EPT_PT_FOR_PHYS  cached
00:02:07.030284 #0119: HCPhys=000000003f8f7000 GCPhys=00000001e8000000 A20  EPT_PT_FOR_PHYS  cached
00:02:07.030285 #011a: HCPhys=000000003f8f8000 GCPhys=00000001e8600000 A20  EPT_PT_FOR_PHYS  cached
00:02:07.030285 #011b: HCPhys=000000003f8f9000 GCPhys=00000001e8400000 A20  EPT_PT_FOR_PHYS  cached
00:02:07.030286 #011c: HCPhys=000000003f8fa000 GCPhys=00000001e8a00000 A20  EPT_PT_FOR_PHYS  cached
00:02:07.030287 #011d: HCPhys=000000003f8fb000 GCPhys=00000001e8800000 A20  EPT_PT_FOR_PHYS  cached
00:02:07.030287 #011e: HCPhys=000000003f8fc000 GCPhys=00000001e8e00000 A20  EPT_PT_FOR_PHYS  cached
00:02:07.030288 #011f: HCPhys=000000003f8fd000 GCPhys=00000001e8c00000 A20  EPT_PT_FOR_PHYS  cached
00:02:07.030289 #0120: HCPhys=000000003f8fe000 GCPhys=00000001e9200000 A20  EPT_PT_FOR_PHYS  cached
00:02:07.030289 #0121: HCPhys=000000003f8ff000 GCPhys=00000001e9000000 A20  EPT_PT_FOR_PHYS  cached
00:02:07.030290 #0122: HCPhys=000000003f900000 GCPhys=00000001e9600000 A20  EPT_PT_FOR_PHYS  cached
00:02:07.030290 #0123: HCPhys=000000003f901000 GCPhys=00000001e9400000 A20  EPT_PT_FOR_PHYS  cached
00:02:07.030291 #0124: HCPhys=000000003f902000 GCPhys=00000001e9a00000 A20  EPT_PT_FOR_PHYS  cached
00:02:07.030292 #0125: HCPhys=000000003f903000 GCPhys=00000001e9800000 A20  EPT_PT_FOR_PHYS  cached
00:02:07.030292 #0126: HCPhys=000000003f904000 GCPhys=00000001e9e00000 A20  EPT_PT_FOR_PHYS  cached
00:02:07.030293 #0127: HCPhys=000000003f905000 GCPhys=00000001e9c00000 A20  EPT_PT_FOR_PHYS  cached
00:02:07.030293 #0128: HCPhys=000000003f906000 GCPhys=00000001ea200000 A20  EPT_PT_FOR_PHYS  cached
00:02:07.030294 #0129: HCPhys=000000003f907000 GCPhys=00000001ea000000 A20  EPT_PT_FOR_PHYS  cached
00:02:07.030295 #012a: HCPhys=000000003f908000 GCPhys=00000001ea600000 A20  EPT_PT_FOR_PHYS  cached
00:02:07.030295 #012b: HCPhys=000000003f909000 GCPhys=00000001ea400000 A20  EPT_PT_FOR_PHYS  cached
00:02:07.030296 #012c: HCPhys=000000003f90a000 GCPhys=00000001eaa00000 A20  EPT_PT_FOR_PHYS  cached
00:02:07.030297 #012d: HCPhys=000000003f90b000 GCPhys=00000001ea800000 A20  EPT_PT_FOR_PHYS  cached
00:02:07.030297 #012e: HCPhys=000000003f90c000 GCPhys=00000001eae00000 A20  EPT_PT_FOR_PHYS  cached
00:02:07.030298 #012f: HCPhys=000000003f90d000 GCPhys=00000001eac00000 A20  EPT_PT_FOR_PHYS  cached
00:02:07.030299 #0130: HCPhys=000000003f90e000 GCPhys=00000001eb200000 A20  EPT_PT_FOR_PHYS  cached
00:02:07.030299 #0131: HCPhys=000000003f90f000 GCPhys=00000001eb000000 A20  EPT_PT_FOR_PHYS  cached
00:02:07.030300 #0132: HCPhys=000000003f910000 GCPhys=00000001eb600000 A20  EPT_PT_FOR_PHYS  cached
00:02:07.030300 #0133: HCPhys=000000003f911000 GCPhys=00000001eb400000 A20  EPT_PT_FOR_PHYS  cached
00:02:07.030301 #0134: HCPhys=000000003f912000 GCPhys=00000001eba00000 A20  EPT_PT_FOR_PHYS  cached
00:02:07.030302 #0135: HCPhys=000000003f913000 GCPhys=00000001eb800000 A20  EPT_PT_FOR_PHYS  cached
00:02:07.030302 #0136: HCPhys=000000003f914000 GCPhys=00000001ebe00000 A20  EPT_PT_FOR_PHYS  cached
00:02:07.030303 #0137: HCPhys=000000003f915000 GCPhys=00000001ebc00000 A20  EPT_PT_FOR_PHYS  cached
00:02:07.030304 #0138: HCPhys=000000003f916000 GCPhys=00000001ec200000 A20  EPT_PT_FOR_PHYS  cached
00:02:07.030304 #0139: HCPhys=000000003f917000 GCPhys=00000001ec000000 A20  EPT_PT_FOR_PHYS  cached
00:02:07.030305 #013a: HCPhys=000000003f918000 GCPhys=00000001ec600000 A20  EPT_PT_FOR_PHYS  cached
00:02:07.030305 #013b: HCPhys=000000003f919000 GCPhys=00000001ec400000 A20  EPT_PT_FOR_PHYS  cached
00:02:07.030306 #013c: HCPhys=000000003f91a000 GCPhys=00000001eca00000 A20  EPT_PT_FOR_PHYS  cached
00:02:07.030307 #013d: HCPhys=000000003f91b000 GCPhys=00000001ec800000 A20  EPT_PT_FOR_PHYS  cached
00:02:07.030307 #013e: HCPhys=000000003f91c000 GCPhys=00000001ece00000 A20  EPT_PT_FOR_PHYS  cached
00:02:07.030308 #013f: HCPhys=000000003f91d000 GCPhys=00000001ecc00000 A20  EPT_PT_FOR_PHYS  cached
00:02:07.030308 #0140: HCPhys=000000003f91e000 GCPhys=00000001ed200000 A20  EPT_PT_FOR_PHYS  cached
00:02:07.030309 #0141: HCPhys=000000003f91f000 GCPhys=00000001ed000000 A20  EPT_PT_FOR_PHYS  cached
00:02:07.030310 #0142: HCPhys=000000003f920000 GCPhys=00000001ed600000 A20  EPT_PT_FOR_PHYS  cached
00:02:07.030310 #0143: HCPhys=000000003f921000 GCPhys=00000001ed400000 A20  EPT_PT_FOR_PHYS  cached
00:02:07.030311 #0144: HCPhys=000000003f922000 GCPhys=00000001eda00000 A20  EPT_PT_FOR_PHYS  cached
00:02:07.030311 #0145: HCPhys=000000003f923000 GCPhys=00000001ed800000 A20  EPT_PT_FOR_PHYS  cached
00:02:07.030312 #0146: HCPhys=000000003f924000 GCPhys=00000001ede00000 A20  EPT_PT_FOR_PHYS  cached
00:02:07.030313 #0147: HCPhys=000000003f925000 GCPhys=00000001edc00000 A20  EPT_PT_FOR_PHYS  cached
00:02:07.030313 #0148: HCPhys=000000003f926000 GCPhys=00000001ee200000 A20  EPT_PT_FOR_PHYS  cached
00:02:07.030314 #0149: HCPhys=000000003f927000 GCPhys=00000001ee000000 A20  EPT_PT_FOR_PHYS  cached
00:02:07.030315 #014a: HCPhys=000000003f928000 GCPhys=00000001ee600000 A20  EPT_PT_FOR_PHYS  cached
00:02:07.030315 #014b: HCPhys=000000003f929000 GCPhys=00000001ee400000 A20  EPT_PT_FOR_PHYS  cached
00:02:07.030316 #014c: HCPhys=000000003f92a000 GCPhys=00000001eea00000 A20  EPT_PT_FOR_PHYS  cached
00:02:07.030316 #014d: HCPhys=000000003f92b000 GCPhys=00000001ee800000 A20  EPT_PT_FOR_PHYS  cached
00:02:07.030317 #014e: HCPhys=000000003f92c000 GCPhys=00000001eee00000 A20  EPT_PT_FOR_PHYS  cached
00:02:07.030318 #014f: HCPhys=000000003f92d000 GCPhys=00000001eec00000 A20  EPT_PT_FOR_PHYS  cached
00:02:07.030318 #0150: HCPhys=000000003f92e000 GCPhys=00000001ef200000 A20  EPT_PT_FOR_PHYS  cached
00:02:07.030319 #0151: HCPhys=000000003f92f000 GCPhys=00000001ef000000 A20  EPT_PT_FOR_PHYS  cached
00:02:07.030320 #0152: HCPhys=000000003f930000 GCPhys=00000001ef600000 A20  EPT_PT_FOR_PHYS  cached
00:02:07.030320 #0153: HCPhys=000000003f931000 GCPhys=00000001ef400000 A20  EPT_PT_FOR_PHYS  cached
00:02:07.030321 #0154: HCPhys=000000003f932000 GCPhys=00000001efa00000 A20  EPT_PT_FOR_PHYS  cached
00:02:07.030321 #0155: HCPhys=000000003f933000 GCPhys=00000001ef800000 A20  EPT_PT_FOR_PHYS  cached
00:02:07.030322 #0156: HCPhys=000000003f934000 GCPhys=00000001efe00000 A20  EPT_PT_FOR_PHYS  cached
00:02:07.030323 #0157: HCPhys=000000003f935000 GCPhys=00000001efc00000 A20  EPT_PT_FOR_PHYS  cached
00:02:07.030323 #0158: HCPhys=000000003f936000 GCPhys=00000001f0200000 A20  EPT_PT_FOR_PHYS  cached
00:02:07.030324 #0159: HCPhys=000000003f937000 GCPhys=00000001f0000000 A20  EPT_PT_FOR_PHYS  cached
00:02:07.030324 #015a: HCPhys=000000003f938000 GCPhys=00000001f0600000 A20  EPT_PT_FOR_PHYS  cached
00:02:07.030325 #015b: HCPhys=000000003f939000 GCPhys=00000001f0400000 A20  EPT_PT_FOR_PHYS  cached
00:02:07.030326 #015c: HCPhys=000000003f93a000 GCPhys=00000001f0a00000 A20  EPT_PT_FOR_PHYS  cached
00:02:07.030326 #015d: HCPhys=000000003f93b000 GCPhys=00000001f0800000 A20  EPT_PT_FOR_PHYS  cached
00:02:07.030327 #015e: HCPhys=000000003f93c000 GCPhys=00000001f0e00000 A20  EPT_PT_FOR_PHYS  cached
00:02:07.030328 #015f: HCPhys=000000003f93d000 GCPhys=00000001f0c00000 A20  EPT_PT_FOR_PHYS  cached
00:02:07.030328 #0160: HCPhys=000000003f93e000 GCPhys=00000001f1600000 A20  EPT_PT_FOR_PHYS  cached
00:02:07.030329 #0161: HCPhys=000000003f93f000 GCPhys=00000001f1400000 A20  EPT_PT_FOR_PHYS  cached
00:02:07.030329 #0162: HCPhys=000000003f940000 GCPhys=00000001f1a00000 A20  EPT_PT_FOR_PHYS  cached
00:02:07.030330 #0163: HCPhys=000000003f941000 GCPhys=00000001f1800000 A20  EPT_PT_FOR_PHYS  cached
00:02:07.030331 #0164: HCPhys=000000003f942000 GCPhys=00000001f1e00000 A20  EPT_PT_FOR_PHYS  cached
00:02:07.030331 #0165: HCPhys=000000003f943000 GCPhys=00000001f1c00000 A20  EPT_PT_FOR_PHYS  cached
00:02:07.030332 #0166: HCPhys=000000003f944000 GCPhys=00000001f2200000 A20  EPT_PT_FOR_PHYS  cached
00:02:07.030333 #0167: HCPhys=000000003f945000 GCPhys=00000001f2000000 A20  EPT_PT_FOR_PHYS  cached
00:02:07.030333 #0168: HCPhys=000000003f946000 GCPhys=00000001f2600000 A20  EPT_PT_FOR_PHYS  cached
00:02:07.030334 #0169: HCPhys=000000003f947000 GCPhys=00000001f2400000 A20  EPT_PT_FOR_PHYS  cached
00:02:07.030334 #016a: HCPhys=000000003f948000 GCPhys=00000001f2a00000 A20  EPT_PT_FOR_PHYS  cached
00:02:07.030335 #016b: HCPhys=000000003f949000 GCPhys=00000001f2800000 A20  EPT_PT_FOR_PHYS  cached
00:02:07.030336 #016c: HCPhys=000000003f94a000 GCPhys=00000001f2e00000 A20  EPT_PT_FOR_PHYS  cached
00:02:07.030336 #016d: HCPhys=000000003f94b000 GCPhys=00000001f2c00000 A20  EPT_PT_FOR_PHYS  cached
00:02:07.030337 #016e: HCPhys=000000003f94c000 GCPhys=00000001f3200000 A20  EPT_PT_FOR_PHYS  cached
00:02:07.030338 #016f: HCPhys=000000003f94d000 GCPhys=00000001f3000000 A20  EPT_PT_FOR_PHYS  cached
00:02:07.030338 #0170: HCPhys=000000003f94e000 GCPhys=00000001f3600000 A20  EPT_PT_FOR_PHYS  cached
00:02:07.030339 #0171: HCPhys=000000003f94f000 GCPhys=00000001f3400000 A20  EPT_PT_FOR_PHYS  cached
00:02:07.030339 #0172: HCPhys=000000003f950000 GCPhys=00000001f3a00000 A20  EPT_PT_FOR_PHYS  cached
00:02:07.030340 #0173: HCPhys=000000003f951000 GCPhys=00000001f3800000 A20  EPT_PT_FOR_PHYS  cached
00:02:07.030341 #0174: HCPhys=000000003f952000 GCPhys=00000001f3e00000 A20  EPT_PT_FOR_PHYS  cached
00:02:07.030341 #0175: HCPhys=000000003f953000 GCPhys=00000001f3c00000 A20  EPT_PT_FOR_PHYS  cached
00:02:07.030342 #0176: HCPhys=000000003f954000 GCPhys=00000001f4200000 A20  EPT_PT_FOR_PHYS  cached
00:02:07.030342 #0177: HCPhys=000000003f955000 GCPhys=00000001f4000000 A20  EPT_PT_FOR_PHYS  cached
00:02:07.030343 #0178: HCPhys=000000003f956000 GCPhys=00000001f4600000 A20  EPT_PT_FOR_PHYS  cached
00:02:07.030344 #0179: HCPhys=000000003f957000 GCPhys=00000001f4400000 A20  EPT_PT_FOR_PHYS  cached
00:02:07.030344 #017a: HCPhys=000000003f958000 GCPhys=00000001f4a00000 A20  EPT_PT_FOR_PHYS  cached
00:02:07.030345 #017b: HCPhys=000000003f959000 GCPhys=00000001f4800000 A20  EPT_PT_FOR_PHYS  cached
00:02:07.030346 #017c: HCPhys=000000003f95a000 GCPhys=00000001f4e00000 A20  EPT_PT_FOR_PHYS  cached
00:02:07.030346 #017d: HCPhys=000000003f95b000 GCPhys=00000001f4c00000 A20  EPT_PT_FOR_PHYS  cached
00:02:07.030347 #017e: HCPhys=000000003f95c000 GCPhys=00000001f5200000 A20  EPT_PT_FOR_PHYS  cached
00:02:07.030347 #017f: HCPhys=000000003f95d000 GCPhys=00000001f5000000 A20  EPT_PT_FOR_PHYS  cached
00:02:07.030348 #0180: HCPhys=000000003f95e000 GCPhys=00000001f5600000 A20  EPT_PT_FOR_PHYS  cached
00:02:07.030349 #0181: HCPhys=000000003f95f000 GCPhys=00000001f5400000 A20  EPT_PT_FOR_PHYS  cached
00:02:07.030349 #0182: HCPhys=000000003f960000 GCPhys=00000001f5a00000 A20  EPT_PT_FOR_PHYS  cached
00:02:07.030350 #0183: HCPhys=000000003f961000 GCPhys=00000001f5800000 A20  EPT_PT_FOR_PHYS  cached
00:02:07.030350 #0184: HCPhys=000000003f962000 GCPhys=00000001f5e00000 A20  EPT_PT_FOR_PHYS  cached
00:02:07.030351 #0185: HCPhys=000000003f963000 GCPhys=00000001f5c00000 A20  EPT_PT_FOR_PHYS  cached
00:02:07.030352 #0186: HCPhys=000000003f964000 GCPhys=00000001f6200000 A20  EPT_PT_FOR_PHYS  cached
00:02:07.030352 #0187: HCPhys=000000003f965000 GCPhys=00000001f6000000 A20  EPT_PT_FOR_PHYS  cached
00:02:07.030353 #0188: HCPhys=000000003f966000 GCPhys=00000001f6600000 A20  EPT_PT_FOR_PHYS  cached
00:02:07.030354 #0189: HCPhys=000000003f967000 GCPhys=00000001f6400000 A20  EPT_PT_FOR_PHYS  cached
00:02:07.030354 #018a: HCPhys=000000003f968000 GCPhys=00000001f6a00000 A20  EPT_PT_FOR_PHYS  cached
00:02:07.030355 #018b: HCPhys=000000003f969000 GCPhys=00000001f6800000 A20  EPT_PT_FOR_PHYS  cached
00:02:07.030355 #018c: HCPhys=000000003f96a000 GCPhys=00000001f6e00000 A20  EPT_PT_FOR_PHYS  cached
00:02:07.030356 #018d: HCPhys=000000003f96b000 GCPhys=00000001f6c00000 A20  EPT_PT_FOR_PHYS  cached
00:02:07.030357 #018e: HCPhys=000000003f96c000 GCPhys=00000001f7200000 A20  EPT_PT_FOR_PHYS  cached
00:02:07.030357 #018f: HCPhys=000000003f96d000 GCPhys=00000001f7000000 A20  EPT_PT_FOR_PHYS  cached
00:02:07.030358 #0190: HCPhys=000000003f96e000 GCPhys=00000001f7600000 A20  EPT_PT_FOR_PHYS  cached
00:02:07.030359 #0191: HCPhys=000000003f96f000 GCPhys=00000001f7400000 A20  EPT_PT_FOR_PHYS  cached
00:02:07.030359 #0192: HCPhys=000000003f970000 GCPhys=00000001f7a00000 A20  EPT_PT_FOR_PHYS  cached
00:02:07.030360 #0193: HCPhys=000000003f971000 GCPhys=00000001f7800000 A20  EPT_PT_FOR_PHYS  cached
00:02:07.030360 #0194: HCPhys=000000003f972000 GCPhys=00000001f7e00000 A20  EPT_PT_FOR_PHYS  cached
00:02:07.030361 #0195: HCPhys=000000003f973000 GCPhys=00000001f7c00000 A20  EPT_PT_FOR_PHYS  cached
00:02:07.030362 #0196: HCPhys=000000003f974000 GCPhys=00000001f8200000 A20  EPT_PT_FOR_PHYS  cached
00:02:07.030362 #0197: HCPhys=000000003f975000 GCPhys=00000001f8000000 A20  EPT_PT_FOR_PHYS  cached
00:02:07.030363 #0198: HCPhys=000000003f976000 GCPhys=00000001f8600000 A20  EPT_PT_FOR_PHYS  cached
00:02:07.030363 #0199: HCPhys=000000003f977000 GCPhys=00000001f8400000 A20  EPT_PT_FOR_PHYS  cached
00:02:07.030364 #019a: HCPhys=000000003f978000 GCPhys=00000001f8a00000 A20  EPT_PT_FOR_PHYS  cached
00:02:07.030365 #019b: HCPhys=000000003f979000 GCPhys=00000001f8800000 A20  EPT_PT_FOR_PHYS  cached
00:02:07.030365 #019c: HCPhys=000000003f97a000 GCPhys=00000001f8e00000 A20  EPT_PT_FOR_PHYS  cached
00:02:07.030366 #019d: HCPhys=000000003f97b000 GCPhys=00000001f8c00000 A20  EPT_PT_FOR_PHYS  cached
00:02:07.030366 #019e: HCPhys=000000003f97c000 GCPhys=00000001f9200000 A20  EPT_PT_FOR_PHYS  cached
00:02:07.030367 #019f: HCPhys=000000003f97d000 GCPhys=00000001f9000000 A20  EPT_PT_FOR_PHYS  cached
00:02:07.030368 #01a0: HCPhys=000000003f97e000 GCPhys=00000001f9600000 A20  EPT_PT_FOR_PHYS  cached
00:02:07.030368 #01a1: HCPhys=000000003f97f000 GCPhys=00000001f9400000 A20  EPT_PT_FOR_PHYS  cached
00:02:07.030369 #01a2: HCPhys=000000003f980000 GCPhys=00000001f9a00000 A20  EPT_PT_FOR_PHYS  cached
00:02:07.030370 #01a3: HCPhys=000000003f981000 GCPhys=00000001f9800000 A20  EPT_PT_FOR_PHYS  cached
00:02:07.030370 #01a4: HCPhys=000000003f982000 GCPhys=00000001f9e00000 A20  EPT_PT_FOR_PHYS  cached
00:02:07.030371 #01a5: HCPhys=000000003f983000 GCPhys=00000001f9c00000 A20  EPT_PT_FOR_PHYS  cached
00:02:07.030371 #01a6: HCPhys=000000003f984000 GCPhys=00000001fa200000 A20  EPT_PT_FOR_PHYS  cached
00:02:07.030372 #01a7: HCPhys=000000003f985000 GCPhys=00000001fa000000 A20  EPT_PT_FOR_PHYS  cached
00:02:07.030373 #01a8: HCPhys=000000003f986000 GCPhys=00000001fa600000 A20  EPT_PT_FOR_PHYS  cached
00:02:07.030373 #01a9: HCPhys=000000003f987000 GCPhys=00000001fa400000 A20  EPT_PT_FOR_PHYS  cached
00:02:07.030374 #01aa: HCPhys=000000003f988000 GCPhys=00000001faa00000 A20  EPT_PT_FOR_PHYS  cached
00:02:07.030374 #01ab: HCPhys=000000003f989000 GCPhys=00000001fa800000 A20  EPT_PT_FOR_PHYS  cached
00:02:07.030375 #01ac: HCPhys=000000003f98a000 GCPhys=00000001fae00000 A20  EPT_PT_FOR_PHYS  cached
00:02:07.030376 #01ad: HCPhys=000000003f98b000 GCPhys=00000001fac00000 A20  EPT_PT_FOR_PHYS  cached
00:02:07.030376 #01ae: HCPhys=000000003f98c000 GCPhys=00000001fb200000 A20  EPT_PT_FOR_PHYS  cached
00:02:07.030377 #01af: HCPhys=000000003f98d000 GCPhys=00000001fb000000 A20  EPT_PT_FOR_PHYS  cached
00:02:07.030377 #01b0: HCPhys=000000003f98e000 GCPhys=00000001fb600000 A20  EPT_PT_FOR_PHYS  cached
00:02:07.030378 #01b1: HCPhys=000000003f98f000 GCPhys=00000001fb400000 A20  EPT_PT_FOR_PHYS  cached
00:02:07.030379 #01b2: HCPhys=000000003f990000 GCPhys=00000001fba00000 A20  EPT_PT_FOR_PHYS  cached
00:02:07.030379 #01b3: HCPhys=000000003f991000 GCPhys=00000001fb800000 A20  EPT_PT_FOR_PHYS  cached
00:02:07.030380 #01b4: HCPhys=000000003f992000 GCPhys=00000001fbe00000 A20  EPT_PT_FOR_PHYS  cached
00:02:07.030380 #01b5: HCPhys=000000003f993000 GCPhys=00000001fbc00000 A20  EPT_PT_FOR_PHYS  cached
00:02:07.030381 #01b6: HCPhys=000000003f994000 GCPhys=00000001fc200000 A20  EPT_PT_FOR_PHYS  cached
00:02:07.030382 #01b7: HCPhys=000000003f995000 GCPhys=00000001fc000000 A20  EPT_PT_FOR_PHYS  cached
00:02:07.030382 #01b8: HCPhys=000000003f996000 GCPhys=00000001fc600000 A20  EPT_PT_FOR_PHYS  cached
00:02:07.030383 #01b9: HCPhys=000000003f997000 GCPhys=00000001fc400000 A20  EPT_PT_FOR_PHYS  cached
00:02:07.030384 #01ba: HCPhys=000000003f998000 GCPhys=00000001fca00000 A20  EPT_PT_FOR_PHYS  cached
00:02:07.030384 #01bb: HCPhys=000000003f999000 GCPhys=00000001fc800000 A20  EPT_PT_FOR_PHYS  cached
00:02:07.030385 #01bc: HCPhys=000000003f99a000 GCPhys=00000001fce00000 A20  EPT_PT_FOR_PHYS  cached
00:02:07.030385 #01bd: HCPhys=000000003f99b000 GCPhys=00000001fcc00000 A20  EPT_PT_FOR_PHYS  cached
00:02:07.030386 #01be: HCPhys=000000003f99c000 GCPhys=00000001fd200000 A20  EPT_PT_FOR_PHYS  cached
00:02:07.030387 #01bf: HCPhys=000000003f99d000 GCPhys=00000001fd000000 A20  EPT_PT_FOR_PHYS  cached
00:02:07.030387 #01c0: HCPhys=000000003f99e000 GCPhys=00000001fd600000 A20  EPT_PT_FOR_PHYS  cached
00:02:07.030388 #01c1: HCPhys=000000003f99f000 GCPhys=00000001fd400000 A20  EPT_PT_FOR_PHYS  cached
00:02:07.030389 #01c2: HCPhys=000000003f9a0000 GCPhys=00000001fda00000 A20  EPT_PT_FOR_PHYS  cached
00:02:07.030389 #01c3: HCPhys=000000003f9a1000 GCPhys=00000001fd800000 A20  EPT_PT_FOR_PHYS  cached
00:02:07.030390 #01c4: HCPhys=000000003f9a2000 GCPhys=00000001fde00000 A20  EPT_PT_FOR_PHYS  cached
00:02:07.030390 #01c5: HCPhys=000000003f9a3000 GCPhys=00000001fdc00000 A20  EPT_PT_FOR_PHYS  cached
00:02:07.030391 #01c6: HCPhys=000000003f9a4000 GCPhys=00000001fe200000 A20  EPT_PT_FOR_PHYS  cached
00:02:07.030392 #01c7: HCPhys=000000003f9a5000 GCPhys=00000001fe000000 A20  EPT_PT_FOR_PHYS  cached
00:02:07.030392 #01c8: HCPhys=000000003f9a6000 GCPhys=00000001fe600000 A20  EPT_PT_FOR_PHYS  cached
00:02:07.030393 #01c9: HCPhys=000000003f9a7000 GCPhys=00000001fe400000 A20  EPT_PT_FOR_PHYS  cached
00:02:07.030393 #01ca: HCPhys=000000003f9a8000 GCPhys=00000001fea00000 A20  EPT_PT_FOR_PHYS  cached
00:02:07.030394 #01cb: HCPhys=000000003f9a9000 GCPhys=00000001fe800000 A20  EPT_PT_FOR_PHYS  cached
00:02:07.030395 #01cc: HCPhys=000000003f9aa000 GCPhys=00000001fee00000 A20  EPT_PT_FOR_PHYS  cached
00:02:07.030395 #01cd: HCPhys=000000003f9ab000 GCPhys=00000001fec00000 A20  EPT_PT_FOR_PHYS  cached
00:02:07.030396 #01ce: HCPhys=000000003f9ac000 GCPhys=00000001ff200000 A20  EPT_PT_FOR_PHYS  cached
00:02:07.030396 #01cf: HCPhys=000000003f9ad000 GCPhys=00000001ff000000 A20  EPT_PT_FOR_PHYS  cached
00:02:07.030397 #01d0: HCPhys=000000003f9ae000 GCPhys=00000001ff600000 A20  EPT_PT_FOR_PHYS  cached
00:02:07.030398 #01d1: HCPhys=000000003f9af000 GCPhys=00000001ff400000 A20  EPT_PT_FOR_PHYS  cached
00:02:07.030398 #01d2: HCPhys=000000003f9b0000 GCPhys=00000001ffa00000 A20  EPT_PT_FOR_PHYS  cached
00:02:07.030399 #01d3: HCPhys=000000003f9b1000 GCPhys=00000001ff800000 A20  EPT_PT_FOR_PHYS  cached
00:02:07.030399 #01d4: HCPhys=000000003f9b2000 GCPhys=00000001ffe00000 A20  EPT_PT_FOR_PHYS  cached
00:02:07.030400 #01d5: HCPhys=000000003f9b3000 GCPhys=00000001ffc00000 A20  EPT_PT_FOR_PHYS  cached
00:02:07.030401 #01d6: HCPhys=000000003f9b4000 GCPhys=00000001c0000000 A20  EPT_PD_FOR_PHYS  cached
00:02:07.030401 #01d7: HCPhys=000000003f9b5000 GCPhys=0000000200200000 A20  EPT_PT_FOR_PHYS  cached
00:02:07.030402 #01d8: HCPhys=000000003f9b6000 GCPhys=0000000200000000 A20  EPT_PT_FOR_PHYS  cached
00:02:07.030403 #01d9: HCPhys=000000003f9b7000 GCPhys=0000000200600000 A20  EPT_PT_FOR_PHYS  cached
00:02:07.030403 #01da: HCPhys=000000003f9b8000 GCPhys=0000000200400000 A20  EPT_PT_FOR_PHYS  cached
00:02:07.030404 #01db: HCPhys=000000003f9b9000 GCPhys=0000000200a00000 A20  EPT_PT_FOR_PHYS  cached
00:02:07.030405 #01dc: HCPhys=000000003f9ba000 GCPhys=0000000200800000 A20  EPT_PT_FOR_PHYS  cached
00:02:07.030405 #01dd: HCPhys=000000003f9bb000 GCPhys=0000000200e00000 A20  EPT_PT_FOR_PHYS  cached
00:02:07.030406 #01de: HCPhys=000000003f9bc000 GCPhys=0000000200c00000 A20  EPT_PT_FOR_PHYS  cached
00:02:07.030406 #01df: HCPhys=000000003f9bd000 GCPhys=0000000201200000 A20  EPT_PT_FOR_PHYS  cached
00:02:07.030407 #01e0: HCPhys=000000003f9be000 GCPhys=0000000201000000 A20  EPT_PT_FOR_PHYS  cached
00:02:07.030408 #01e1: HCPhys=000000003f9bf000 GCPhys=0000000201600000 A20  EPT_PT_FOR_PHYS  cached
00:02:07.030408 #01e2: HCPhys=000000003f9c0000 GCPhys=0000000201400000 A20  EPT_PT_FOR_PHYS  cached
00:02:07.030409 #01e3: HCPhys=000000003f9c1000 GCPhys=0000000201a00000 A20  EPT_PT_FOR_PHYS  cached
00:02:07.030409 #01e4: HCPhys=000000003f9c2000 GCPhys=0000000201800000 A20  EPT_PT_FOR_PHYS  cached
00:02:07.030410 #01e5: HCPhys=000000003f9c3000 GCPhys=0000000201e00000 A20  EPT_PT_FOR_PHYS  cached
00:02:07.030411 #01e6: HCPhys=000000003f9c4000 GCPhys=0000000201c00000 A20  EPT_PT_FOR_PHYS  cached
00:02:07.030411 #01e7: HCPhys=000000003f9c5000 GCPhys=0000000202200000 A20  EPT_PT_FOR_PHYS  cached
00:02:07.030412 #01e8: HCPhys=000000003f9c6000 GCPhys=0000000202000000 A20  EPT_PT_FOR_PHYS  cached
00:02:07.030413 #01e9: HCPhys=000000003f9c7000 GCPhys=0000000202600000 A20  EPT_PT_FOR_PHYS  cached
00:02:07.030413 #01ea: HCPhys=000000003f9c8000 GCPhys=0000000202400000 A20  EPT_PT_FOR_PHYS  cached
00:02:07.030414 #01eb: HCPhys=000000003f9c9000 GCPhys=0000000202a00000 A20  EPT_PT_FOR_PHYS  cached
00:02:07.030414 #01ec: HCPhys=000000003f9ca000 GCPhys=00000000e3e00000 A20  EPT_PT_FOR_PHYS  cached
00:02:07.030415 #01ed: HCPhys=000000003f9cb000 GCPhys=00000000f0400000 A20  EPT_PT_FOR_PHYS  cached
00:02:07.030416 #01ee: HCPhys=000000003f9cc000 GCPhys=00000000f0000000 A20  EPT_PT_FOR_PHYS  cached
00:02:07.030416 #01ef: HCPhys=000000003f9cd000 GCPhys=00000000f0800000 A20  EPT_PT_FOR_PHYS  cached
00:02:07.030417 #01f0: HCPhys=000000003f9ce000 GCPhys=00000000fec00000 A20  EPT_PT_FOR_PHYS  cached
00:02:07.030418 #01f1: HCPhys=000000003f9cf000 GCPhys=0000000200000000 A20  EPT_PD_FOR_PHYS  cached
00:02:07.030418 #01f2: HCPhys=000000003f9d0000 GCPhys=0000000180000000 A20  EPT_PD_FOR_PHYS  cached
00:02:07.030419 #01f3: HCPhys=000000003f9d3000 GCPhys=00000000e0000000 A20  EPT_PT_FOR_PHYS  cached
00:02:07.030420 #01f4: HCPhys=000000003f9d4000 GCPhys=00000000e0200000 A20  EPT_PT_FOR_PHYS  cached
00:02:07.030420 #01f5: HCPhys=000000003f9d5000 GCPhys=00000000dfe00000 A20  EPT_PT_FOR_PHYS  cached
00:02:07.030421 #01f6: HCPhys=000000003f9d7000 GCPhys=0000000000000000 !A20 EPT_PT_FOR_PHYS  cached
00:02:07.030421 #01f7: HCPhys=000000003f7dd000 GCPhys=0000000000000000 !A20 EPT_PD_FOR_PHYS  cached
00:02:07.030422 #01f8: HCPhys=000000003f7de000 GCPhys=0000000000000000 !A20 EPT_PDPT_FOR_PHYS  cached
00:02:07.030423 #01f9: HCPhys=000000003f7d5000 GCPhys=8000000000000000 !A20 ROOT_NESTED  cached
00:02:07.030424 #01fa: HCPhys=000000003f7d6000 GCPhys=00000000fee00000 A20  EPT_PT_FOR_PHYS  cached
00:02:07.030424 #01fb: HCPhys=000000003f7d7000 GCPhys=0000000000000000 A20  EPT_PT_FOR_PHYS  cached
00:02:07.030425 #01fc: HCPhys=000000003f7d8000 GCPhys=0000000000000000 A20  EPT_PD_FOR_PHYS  cached
00:02:07.030425 #01fd: HCPhys=000000003f7d9000 GCPhys=00000000ffe00000 A20  EPT_PT_FOR_PHYS  cached
00:02:07.030426 #01fe: HCPhys=000000003f7da000 GCPhys=00000000c0000000 A20  EPT_PD_FOR_PHYS  cached
00:02:07.030427 #01ff: HCPhys=000000003f7db000 GCPhys=0000000000000000 A20  EPT_PDPT_FOR_PHYS  cached
00:02:07.030427 #0200: HCPhys=000000003f7dc000 GCPhys=8000000000000000 A20  ROOT_NESTED  cached
00:02:07.030428 !!
00:02:07.030428 !! {pgmpoolroots}
00:02:07.030428 !!
00:02:07.030429 #0046: HCPhys=000000003f824000 GCPhys=000000020cef5000 A20  EPT_PML4_FOR_EPT_PML4 
00:02:07.030430 #004c: HCPhys=000000003f82a000 GCPhys=0000000210535000 A20  EPT_PML4_FOR_EPT_PML4 
00:02:07.030431 #0052: HCPhys=000000003f830000 GCPhys=00000002108b9000 A20  EPT_PML4_FOR_EPT_PML4 
00:02:07.030431 #0058: HCPhys=000000003f836000 GCPhys=000000020c62c000 A20  EPT_PML4_FOR_EPT_PML4 
00:02:07.030432 #005e: HCPhys=000000003f83c000 GCPhys=0000000210b93000 A20  EPT_PML4_FOR_EPT_PML4 
00:02:07.030432 #0064: HCPhys=000000003f842000 GCPhys=00000002109f7000 A20  EPT_PML4_FOR_EPT_PML4 
00:02:07.030433 #006a: HCPhys=000000003f848000 GCPhys=0000000210fa8000 A20  EPT_PML4_FOR_EPT_PML4 
00:02:07.030434 #01f9: HCPhys=000000003f7d5000 GCPhys=8000000000000000 !A20 ROOT_NESTED 
00:02:07.030435 #0200: HCPhys=000000003f7dc000 GCPhys=8000000000000000 A20  ROOT_NESTED 
00:02:07.030436 !!
00:02:07.030436 !! {phys}
00:02:07.030436 !!
00:02:07.030437 RAM ranges (pVM=0000013427c00000)
00:02:07.030437 GC Phys Range                     pbR3            
00:02:07.030438 0000000000000000-000000000009ffff 0000000000000000 Conventional RAM
00:02:07.030440 00000000000a0000-00000000000bffff 0000000000000000 VGA - VGA Video Buffer
00:02:07.030441 00000000000c0000-00000000000c8fff 0000000000000000 VGA BIOS
00:02:07.030442 00000000000e0000-00000000000e0fff 0000000000000000 ACPI RSDP
00:02:07.030443 00000000000e1000-00000000000e1fff 0000000000000000 DMI tables
00:02:07.030444 00000000000e2000-00000000000effff 0000000000000000 Net Boot ROM
00:02:07.030444 00000000000f0000-00000000000fffff 0000000000000000 PC BIOS - 0xfffff
00:02:07.030445 0000000000100000-00000000001fffff 0000000000000000 Extended RAM, 1-2MB
00:02:07.030446 0000000000200000-00000000dfffffff 0000000000000000 Extended RAM, >2MB
00:02:07.030446 00000000e0000000-00000000e3ffffff 000001342ab50000 VRam
00:02:07.030447 00000000f0000000-00000000f001ffff 0000000000000000 E1000
00:02:07.030448 00000000f0400000-00000000f07fffff 000001342a700000 VMMDev
00:02:07.030449 00000000f0800000-00000000f0803fff 000001342ab10000 VMMDev Heap
00:02:07.030450 00000000f0804000-00000000f0804fff 0000000000000000 USB OHCI
00:02:07.030451 00000000f0806000-00000000f0807fff 0000000000000000 AHCI
00:02:07.030452 00000000f0820000-00000000f083ffff 0000000000000000 LsiLogic
00:02:07.030452 00000000f0840000-00000000f085ffff 0000000000000000 LsiLogicDiag
00:02:07.030453 00000000fec00000-00000000fec00fff 0000000000000000 I/O APIC
00:02:07.030453 00000000fee00000-00000000fee00fff 0000000000000000 APIC
00:02:07.030454 00000000ffff0000-00000000ffffffff 0000000000000000 PC BIOS - 0xffffffff
00:02:07.030455 0000000100000000-000000021fffffff 0000000000000000 Above 4GB Base RAM
00:02:07.030456 !!
00:02:07.030456 !! {pic}
00:02:07.030456 !!
00:02:07.030456 PIC0:
00:02:07.030457  IMR :ff ISR   :00 IRR   :01 LIRR:01
00:02:07.030457  Base:30 PriAdd:00 RegSel:00
00:02:07.030458  Poll:00 SpMask:00 IState:00
00:02:07.030458  AEOI:01 Rotate:00 FNest :00 Ini4:01
00:02:07.030459  ELCR:00 ELMask:f8
00:02:07.030459 PIC1:
00:02:07.030459  IMR :ff ISR   :00 IRR   :00 LIRR:00
00:02:07.030460  Base:38 PriAdd:00 RegSel:00
00:02:07.030460  Poll:00 SpMask:00 IState:00
00:02:07.030460  AEOI:00 Rotate:00 FNest :00 Ini4:01
00:02:07.030461  ELCR:0e ELMask:de
00:02:07.030461 !!
00:02:07.030461 !! {pirq}
00:02:07.030461 !!
00:02:07.030462 PCI IRQ levels:
00:02:07.030462   IRQA: 0
00:02:07.030462   IRQB: 0
00:02:07.030462   IRQC: 0
00:02:07.030463   IRQD: 0
00:02:07.030463 !!
00:02:07.030463 !! {pit}
00:02:07.030463 !!
00:02:07.030463 PIT (i8254) channel 0 status: irq=0x0
00:02:07.030464       count=00010000  latched_count=0000  count_latched=00
00:02:07.030464            status=00   status_latched=00     read_state=03
00:02:07.030465       write_state=03      write_latch=00        rw_mode=03
00:02:07.030465              mode=00              bcd=00           gate=01
00:02:07.030465   count_load_time=0000000264bd7147 next_transition_time=ffffffffffffffff
00:02:07.030466       u64ReloadTS=00000002680389a1            u64NextTS=ffffffffffffffff
00:02:07.030468 PIT (i8254) channel 1 status: irq=0x0
00:02:07.030468       count=00010000  latched_count=0000  count_latched=00
00:02:07.030468            status=00   status_latched=00     read_state=00
00:02:07.030468       write_state=00      write_latch=00        rw_mode=00
00:02:07.030468              mode=03              bcd=00           gate=01
00:02:07.030469   count_load_time=0000000000000000 next_transition_time=0000000000000000
00:02:07.030469       u64ReloadTS=0000000000000000            u64NextTS=ffffffffffffffff
00:02:07.030470 PIT (i8254) channel 2 status: irq=0x0
00:02:07.030470       count=0000ffff  latched_count=0000  count_latched=00
00:02:07.030471            status=00   status_latched=00     read_state=03
00:02:07.030471       write_state=03      write_latch=ff        rw_mode=03
00:02:07.030471              mode=00              bcd=00           gate=00
00:02:07.030471   count_load_time=00000001bcb71f49 next_transition_time=0000000000000000
00:02:07.030472       u64ReloadTS=00000001bcb71f49            u64NextTS=ffffffffffffffff
00:02:07.030473 speaker_data_on=0x0
00:02:07.030473 !!
00:02:07.030473 !! {plugins}
00:02:07.030474 !!
00:02:07.030474 No plug-ins loaded
00:02:07.030474 !!
00:02:07.030474 !! {ps2c}
00:02:07.030474 !!
00:02:07.030475 Keyboard controller: Active command 00, DBB out 9C, translation on
00:02:07.030476 Mode: 47 ( KBD_INT AUX_INT SYS KCC  )
00:02:07.030476 Status: 1C ( SELFTEST CMD UNLOCKED  )
00:02:07.030477 !!
00:02:07.030477 !! {ps2k}
00:02:07.030477 !!
00:02:07.030478 PS/2 Keyboard: scan set 2, scanning enabled, serial line enabled
00:02:07.030478 Active command 00
00:02:07.030478 LED state 00, Num Lock off
00:02:07.030479 Typematic delay 250ms, repeat period 33ms
00:02:07.030479 Command queue: 0 items (4 max)
00:02:07.030480 Input queue  : 0 items (64 max)
00:02:07.030480 !!
00:02:07.030480 !! {ps2m}
00:02:07.030480 !!
00:02:07.030481 PS/2 mouse state: normal, stream mode, reporting enabled, serial line enabled
00:02:07.030481 Protocol: ImEx+horizontal, scaling 1:1
00:02:07.030482 Active command 00
00:02:07.030482 Sampling rate 100 reports/sec, resolution 8 counts/mm
00:02:07.030483 Command queue: 0 items (8 max)
00:02:07.030483 Event queue  : 0 items (256 max)
00:02:07.030484 !!
00:02:07.030484 !! {rtc}
00:02:07.030484 !!
00:02:07.030484 Time: 15:00:55  Date: 25-12-11
00:02:07.030485 REG A=26 B=02 C=00 D=80
00:02:07.030485 !!
00:02:07.030486 !! {svmvmcbcache}
00:02:07.030486 !!
00:02:07.030488 HM SVM is not enabled for this VM!
00:02:07.030491 HM SVM is not enabled for this VM!
00:02:07.030496 HM SVM is not enabled for this VM!
00:02:07.030500 HM SVM is not enabled for this VM!
00:02:07.030501 !!
00:02:07.030501 !! {tasks}
00:02:07.030501 !!
00:02:07.030502 Task set #0 - handle base 0, pending 0x0 RZ-enabled, running -1, 1 of 64 allocated:
00:02:07.030503  Hnd:   State     Type   pfnCallback      pvUser           Flags  Name
00:02:07.030504    0:   idle     device  00007ffaadd41850 0000000000000000 0x0003 E1000-Xmit
00:02:07.030506 !!
00:02:07.030506 !! {tracebuf}
00:02:07.030506 !!
00:02:07.030506 Tracing is disabled
00:02:07.030506 !!
00:02:07.030507 !! {trpmevent}
00:02:07.030507 !!
00:02:07.030509 CPU[0]: TRPM event (None)
00:02:07.030513 CPU[1]: TRPM event (None)
00:02:07.030517 CPU[2]: TRPM event (None)
00:02:07.030521 CPU[3]: TRPM event (None)
00:02:07.030522 !!
00:02:07.030522 !! {vbe}
00:02:07.030523 !!
00:02:07.030523 LFB at 00000000e0000000
00:02:07.030524 VBE state (chip ID 0xbe02):
00:02:07.030524  Display resolution: 800 x 600 @ 32bpp
00:02:07.030525  Virtual resolution: 800 x 20971
00:02:07.030525  Display start addr: 0, 0
00:02:07.030525  Linear scanline pitch: 0x0c80
00:02:07.030526  Linear display start : 0x0000
00:02:07.030526  Selected bank: 0x0000
00:02:07.030526  DAC: 6-bit
00:02:07.030527 !!
00:02:07.030527 !! {vga}
00:02:07.030527 !!
00:02:07.030527 decoding memory at A000-AFFF
00:02:07.030528 Misc status reg. MSR:67
00:02:07.030528 pixel clock: 28.322 MHz
00:02:07.030528 double scanning off
00:02:07.030528 double clocking off
00:02:07.030529 htotal: 800 px (100 cclk)
00:02:07.030529 vtotal: 449 px
00:02:07.030529 hdisp : 800 px (100 cclk)
00:02:07.030530 vdisp : 600 px
00:02:07.030530 split : 1023 ln
00:02:07.030530 start : 0x0
00:02:07.030531 display refresh interval: 20 ms
00:02:07.030531 !!
00:02:07.030531 !! {vgaar}
00:02:07.030531 !!
00:02:07.030532 VGA Attribute Controller (3C0): index reg 20, flip-flop: 0 (index)
00:02:07.030532  Palette: 00 01 02 03 04 05 14 07 38 39 3A 3B 3C 3D 3E 3F
00:02:07.030534  AR10:4D AR11:00 AR12:0F AR13:08 AR14:00
00:02:07.030535 !!
00:02:07.030535 !! {vgacr}
00:02:07.030535 !!
00:02:07.030536 VGA CRTC (3D5): CRTC index 3D4:14
00:02:07.030536  CR00:5F CR01:63 CR02:50 CR03:82 CR04:55 CR05:81 CR06:BF CR07:5D CR08:00 CR09:40
00:02:07.030538  CR0A:0D CR0B:0E CR0C:00 CR0D:00 CR0E:00 CR0F:00 CR10:9C CR11:00 CR12:57 CR13:64
00:02:07.030539  CR14:5F CR15:96 CR16:B9 CR17:A3 CR18:FF
00:02:07.030540 !!
00:02:07.030540 !! {vgadac}
00:02:07.030540 !!
00:02:07.030541 VGA DAC contents:
00:02:07.030541  00: 00 00 00
00:02:07.030541  01: 00 00 2A
00:02:07.030542  02: 00 2A 00
00:02:07.030542  03: 00 2A 2A
00:02:07.030542  04: 2A 00 00
00:02:07.030543  05: 2A 00 2A
00:02:07.030543  06: 2A 2A 00
00:02:07.030544  07: 2A 2A 2A
00:02:07.030544  08: 00 00 15
00:02:07.030544  09: 00 00 3F
00:02:07.030545  0A: 00 2A 15
00:02:07.030545  0B: 00 2A 3F
00:02:07.030545  0C: 2A 00 15
00:02:07.030545  0D: 2A 00 3F
00:02:07.030546  0E: 2A 2A 15
00:02:07.030546  0F: 2A 2A 3F
00:02:07.030546  10: 00 15 00
00:02:07.030547  11: 00 15 2A
00:02:07.030547  12: 00 3F 00
00:02:07.030547  13: 00 3F 2A
00:02:07.030548  14: 2A 15 00
00:02:07.030548  15: 2A 15 2A
00:02:07.030548  16: 2A 3F 00
00:02:07.030549  17: 2A 3F 2A
00:02:07.030549  18: 00 15 15
00:02:07.030550  19: 00 15 3F
00:02:07.030550  1A: 00 3F 15
00:02:07.030550  1B: 00 3F 3F
00:02:07.030551  1C: 2A 15 15
00:02:07.030551  1D: 2A 15 3F
00:02:07.030551  1E: 2A 3F 15
00:02:07.030552  1F: 2A 3F 3F
00:02:07.030552  20: 15 00 00
00:02:07.030552  21: 15 00 2A
00:02:07.030553  22: 15 2A 00
00:02:07.030553  23: 15 2A 2A
00:02:07.030553  24: 3F 00 00
00:02:07.030554  25: 3F 00 2A
00:02:07.030554  26: 3F 2A 00
00:02:07.030554  27: 3F 2A 2A
00:02:07.030555  28: 15 00 15
00:02:07.030555  29: 15 00 3F
00:02:07.030555  2A: 15 2A 15
00:02:07.030555  2B: 15 2A 3F
00:02:07.030556  2C: 3F 00 15
00:02:07.030556  2D: 3F 00 3F
00:02:07.030556  2E: 3F 2A 15
00:02:07.030557  2F: 3F 2A 3F
00:02:07.030557  30: 15 15 00
00:02:07.030557  31: 15 15 2A
00:02:07.030558  32: 15 3F 00
00:02:07.030558  33: 15 3F 2A
00:02:07.030558  34: 3F 15 00
00:02:07.030559  35: 3F 15 2A
00:02:07.030559  36: 3F 3F 00
00:02:07.030559  37: 3F 3F 2A
00:02:07.030559  38: 15 15 15
00:02:07.030560  39: 15 15 3F
00:02:07.030560  3A: 15 3F 15
00:02:07.030560  3B: 15 3F 3F
00:02:07.030561  3C: 3F 15 15
00:02:07.030561  3D: 3F 15 3F
00:02:07.030561  3E: 3F 3F 15
00:02:07.030561  3F: 3F 3F 3F
00:02:07.030562  40: 00 00 00
00:02:07.030562  41: 00 00 00
00:02:07.030562  42: 00 00 00
00:02:07.030563  43: 00 00 00
00:02:07.030563  44: 00 00 00
00:02:07.030563  45: 00 00 00
00:02:07.030564  46: 00 00 00
00:02:07.030564  47: 00 00 00
00:02:07.030564  48: 00 00 00
00:02:07.030565  49: 00 00 00
00:02:07.030565  4A: 00 00 00
00:02:07.030565  4B: 00 00 00
00:02:07.030566  4C: 00 00 00
00:02:07.030566  4D: 00 00 00
00:02:07.030566  4E: 00 00 00
00:02:07.030566  4F: 00 00 00
00:02:07.030567  50: 00 00 00
00:02:07.030567  51: 00 00 00
00:02:07.030567  52: 00 00 00
00:02:07.030568  53: 00 00 00
00:02:07.030568  54: 00 00 00
00:02:07.030568  55: 00 00 00
00:02:07.030569  56: 00 00 00
00:02:07.030569  57: 00 00 00
00:02:07.030569  58: 00 00 00
00:02:07.030569  59: 00 00 00
00:02:07.030570  5A: 00 00 00
00:02:07.030570  5B: 00 00 00
00:02:07.030570  5C: 00 00 00
00:02:07.030571  5D: 00 00 00
00:02:07.030571  5E: 00 00 00
00:02:07.030571  5F: 00 00 00
00:02:07.030571  60: 00 00 00
00:02:07.030572  61: 00 00 00
00:02:07.030572  62: 00 00 00
00:02:07.030572  63: 00 00 00
00:02:07.030573  64: 00 00 00
00:02:07.030573  65: 00 00 00
00:02:07.030573  66: 00 00 00
00:02:07.030574  67: 00 00 00
00:02:07.030574  68: 00 00 00
00:02:07.030574  69: 00 00 00
00:02:07.030574  6A: 00 00 00
00:02:07.030575  6B: 00 00 00
00:02:07.030575  6C: 00 00 00
00:02:07.030575  6D: 00 00 00
00:02:07.030576  6E: 00 00 00
00:02:07.030576  6F: 00 00 00
00:02:07.030576  70: 00 00 00
00:02:07.030576  71: 00 00 00
00:02:07.030577  72: 00 00 00
00:02:07.030577  73: 00 00 00
00:02:07.030577  74: 00 00 00
00:02:07.030578  75: 00 00 00
00:02:07.030578  76: 00 00 00
00:02:07.030578  77: 00 00 00
00:02:07.030579  78: 00 00 00
00:02:07.030579  79: 00 00 00
00:02:07.030579  7A: 00 00 00
00:02:07.030579  7B: 00 00 00
00:02:07.030580  7C: 00 00 00
00:02:07.030580  7D: 00 00 00
00:02:07.030580  7E: 00 00 00
00:02:07.030581  7F: 00 00 00
00:02:07.030581  80: 00 00 00
00:02:07.030581  81: 00 00 00
00:02:07.030582  82: 00 00 00
00:02:07.030582  83: 00 00 00
00:02:07.030582  84: 00 00 00
00:02:07.030582  85: 00 00 00
00:02:07.030583  86: 00 00 00
00:02:07.030583  87: 00 00 00
00:02:07.030583  88: 00 00 00
00:02:07.030584  89: 00 00 00
00:02:07.030584  8A: 00 00 00
00:02:07.030584  8B: 00 00 00
00:02:07.030584  8C: 00 00 00
00:02:07.030585  8D: 00 00 00
00:02:07.030585  8E: 00 00 00
00:02:07.030585  8F: 00 00 00
00:02:07.030586  90: 00 00 00
00:02:07.030586  91: 00 00 00
00:02:07.030586  92: 00 00 00
00:02:07.030587  93: 00 00 00
00:02:07.030587  94: 00 00 00
00:02:07.030587  95: 00 00 00
00:02:07.030587  96: 00 00 00
00:02:07.030588  97: 00 00 00
00:02:07.030588  98: 00 00 00
00:02:07.030588  99: 00 00 00
00:02:07.030589  9A: 00 00 00
00:02:07.030589  9B: 00 00 00
00:02:07.030589  9C: 00 00 00
00:02:07.030589  9D: 00 00 00
00:02:07.030590  9E: 00 00 00
00:02:07.030590  9F: 00 00 00
00:02:07.030590  A0: 00 00 00
00:02:07.030591  A1: 00 00 00
00:02:07.030591  A2: 00 00 00
00:02:07.030591  A3: 00 00 00
00:02:07.030592  A4: 00 00 00
00:02:07.030592  A5: 00 00 00
00:02:07.030592  A6: 00 00 00
00:02:07.030592  A7: 00 00 00
00:02:07.030593  A8: 00 00 00
00:02:07.030593  A9: 00 00 00
00:02:07.030593  AA: 00 00 00
00:02:07.030594  AB: 00 00 00
00:02:07.030594  AC: 00 00 00
00:02:07.030594  AD: 00 00 00
00:02:07.030594  AE: 00 00 00
00:02:07.030595  AF: 00 00 00
00:02:07.030595  B0: 00 00 00
00:02:07.030595  B1: 00 00 00
00:02:07.030596  B2: 00 00 00
00:02:07.030596  B3: 00 00 00
00:02:07.030596  B4: 00 00 00
00:02:07.030597  B5: 00 00 00
00:02:07.030597  B6: 00 00 00
00:02:07.030597  B7: 00 00 00
00:02:07.030597  B8: 00 00 00
00:02:07.030598  B9: 00 00 00
00:02:07.030598  BA: 00 00 00
00:02:07.030598  BB: 00 00 00
00:02:07.030599  BC: 00 00 00
00:02:07.030599  BD: 00 00 00
00:02:07.030599  BE: 00 00 00
00:02:07.030600  BF: 00 00 00
00:02:07.030600  C0: 00 00 00
00:02:07.030600  C1: 00 00 00
00:02:07.030600  C2: 00 00 00
00:02:07.030601  C3: 00 00 00
00:02:07.030601  C4: 00 00 00
00:02:07.030601  C5: 00 00 00
00:02:07.030602  C6: 00 00 00
00:02:07.030602  C7: 00 00 00
00:02:07.030602  C8: 00 00 00
00:02:07.030603  C9: 00 00 00
00:02:07.030603  CA: 00 00 00
00:02:07.030603  CB: 00 00 00
00:02:07.030603  CC: 00 00 00
00:02:07.030604  CD: 00 00 00
00:02:07.030604  CE: 00 00 00
00:02:07.030604  CF: 00 00 00
00:02:07.030605  D0: 00 00 00
00:02:07.030605  D1: 00 00 00
00:02:07.030605  D2: 00 00 00
00:02:07.030606  D3: 00 00 00
00:02:07.030606  D4: 00 00 00
00:02:07.030606  D5: 00 00 00
00:02:07.030607  D6: 00 00 00
00:02:07.030607  D7: 00 00 00
00:02:07.030607  D8: 00 00 00
00:02:07.030608  D9: 00 00 00
00:02:07.030608  DA: 00 00 00
00:02:07.030608  DB: 00 00 00
00:02:07.030608  DC: 00 00 00
00:02:07.030609  DD: 00 00 00
00:02:07.030609  DE: 00 00 00
00:02:07.030609  DF: 00 00 00
00:02:07.030610  E0: 00 00 00
00:02:07.030610  E1: 00 00 00
00:02:07.030610  E2: 00 00 00
00:02:07.030611  E3: 00 00 00
00:02:07.030611  E4: 00 00 00
00:02:07.030611  E5: 00 00 00
00:02:07.030612  E6: 00 00 00
00:02:07.030612  E7: 00 00 00
00:02:07.030612  E8: 00 00 00
00:02:07.030613  E9: 00 00 00
00:02:07.030613  EA: 00 00 00
00:02:07.030613  EB: 00 00 00
00:02:07.030613  EC: 00 00 00
00:02:07.030614  ED: 00 00 00
00:02:07.030614  EE: 00 00 00
00:02:07.030614  EF: 00 00 00
00:02:07.030615  F0: 00 00 00
00:02:07.030615  F1: 00 00 00
00:02:07.030615  F2: 00 00 00
00:02:07.030616  F3: 00 00 00
00:02:07.030616  F4: 00 00 00
00:02:07.030616  F5: 00 00 00
00:02:07.030617  F6: 00 00 00
00:02:07.030617  F7: 00 00 00
00:02:07.030617  F8: 00 00 00
00:02:07.030618  F9: 00 00 00
00:02:07.030618  FA: 00 00 00
00:02:07.030618  FB: 00 00 00
00:02:07.030619  FC: 00 00 00
00:02:07.030619  FD: 00 00 00
00:02:07.030619  FE: 00 00 00
00:02:07.030619  FF: 00 00 00
00:02:07.030620 !!
00:02:07.030620 !! {vgagr}
00:02:07.030620 !!
00:02:07.030620 VGA Graphics Controller (3CF): GR index 3CE:05
00:02:07.030620  GR00:00 GR01:00 GR02:00 GR03:00 GR04:00 GR05:50 GR06:05 GR07:0F GR08:FF
00:02:07.030622 !!
00:02:07.030622 !! {vgapl}
00:02:07.030622 !!
00:02:07.030622 read mode     : 0     write mode: 0
00:02:07.030623 set/reset data: 00    S/R enable: 00
00:02:07.030623 color compare : 00    read map  : 0
00:02:07.030623 rotate        : 0     function  : 0
00:02:07.030624 don't care    : 0F    bit mask  : FF
00:02:07.030624 seq plane mask: 0F    chain-4   : on
00:02:07.030625 !!
00:02:07.030625 !! {vgasr}
00:02:07.030625 !!
00:02:07.030625 VGA Sequencer (3C5): SR index 3C4:04
00:02:07.030625  SR00:03 SR01:00 SR02:0F SR03:00 SR04:0A SR05:00 SR06:00 SR07:01
00:02:07.030626 !!
00:02:07.030627 !! {vgatext}
00:02:07.030627 !!
00:02:07.030627 Not in text mode!
00:02:07.030627 !!!!!!!!!!!!!!!!!!!!!!!!!!!!!!!!!!!!!!!!!!!!!!!!!!!!!!!!!!!!!!!!!!!!!!
